Workbook

Sheet Camargo
A1: ENCUESTA DE LARVARIA DE AEDES AEGYPTI POR COMUNIDAD - BARRIOS DE CAMARGO GESTION 2025
A2: ç
A3: Establecimiento | B3: Barrio / Comunidad | C3: Habitantaes protegidos | D3: FECHA | F3: PREDIOS | K3: TOTAL PREDIOS | L3: Manzanos | N3: VIVIENDAS | P3: Grupo A Depositos de Almacenamiento de Gran Volumen | V3: Grupo B Depositos de Transporte de Agua Moviles | Y3: Grupo C Depositos Fijos de Almacenamiento de Agua | AB3: Grupo D Depositos para Eliminacion | AH3: Grupo E Depositos Naturales | AK3: TOTAL | AO3: indicadores | AT3: INDICADORES DE ENTOMOLOGICOS - TIPO RECIPIENTE
D4: Inicio | E4: Final | F4: INSPECCIONADAS | H4: TOTAL | I4: Cerradas | J4: Renuentes | L4: EVALUADAS | M4: FOCO AEDES | N4: CON FOCO | O4: FOCO AEDES | P4: A1 | S4: A2 | V4: B | Y4: C | AB4: D1 | AE4: D2 | AH4: E | AK4: Total Recipinetes Secos | AL4: Total Recipinetes Agua | AM4: Total Recipinetes | AN4: Total Recipinetes Positivos (+) | AO4: Entomologico | AR4: Recipiente | AT4: Indice por tipo de recipiente A1 | AU4: Indice por tipo de recipiente A2 | AV4: Indice por tipo de recipiente B | AW4: Indice por tipo de recipiente C | AX4: Indice por tipo de recipiente D1 | AY4: Indice por tipo de recipiente D2 | AZ4: Indice por tipo de recipiente E
F5: Vivienda | G5: T . Baldio | P5: S | Q5: A | R5: POSITIVOS (+) | S5: S | T5: A | U5: POSITIVOS (+) | V5: S | W5: A | X5: POSITIVOS (+) | Y5: S | Z5: A | AA5: POSITIVOS (+) | AB5: S | AC5: A | AD5: POSITIVOS (+) | AE5: S | AF5: A | AG5: POSITIVOS (+) | AH5: S | AI5: A | AJ5: POSITIVOS (+) | AO5: % Indice de Infestacion | AP5: % Indice Bretau | AQ5: % Indice Recipiente | AR5: % Recipientes secos | AS5: % Recipientes con agua
A6: Hosp. San Juan de Dios Camargo | B6: Barrio El Recreo | C6: 381 | D6: 45757 | E6: 45776 | F6: 86 | G6: 0 | H6: =F6+G6 -> 86 | I6: 0 | J6: 0 | K6: =H6+I6+J6 -> 86 | L6: 0 | M6: 0 | N6: 86 | O6: 0 | P6: 0 | Q6: 54 | R6: 0 | S6: 31 | T6: 38 | U6: 0 | V6: 0 | W6: 0 | X6: 0 | Y6: 9 | Z6: 108 | AA6: 0 | AB6: 68 | AC6: 41 | AD6: 0 | AE6: 1334 | AF6: 271 | AG6: 0 | AH6: 0 | AI6: 0 | AJ6: 0 | AK6: =P6+S6+V6+Y6+AB6+AE6+AH6 -> 1442 | AL6: =Q6+T6+W6+Z6+AC6+AF6+AI6 -> 512 | AM6: =AK6+AL6 -> 1954 | AN6: =R6+U6+X6+AA6+AD6+AG6+AJ6 -> 0 | AO6: =O6/H6*100 -> 0 | AP6: =AN6/H6*100 -> 0 | AQ6: =AN6/AM6*100 -> 0 | AR6: =AK6/AM6*100 -> 73.797339 | AS6: =AL6/AM6*100 -> 26.202661 | AT6: =R6/AN6*100 -> #DIV/0! | AU6: =U6/AN6*100 -> #DIV/0! | AV6: =X6/AN6*100 -> #DIV/0! | AW6: =AA6/AN6*100 -> #DIV/0! | AX6: =AD6/AN6*100 -> #DIV/0! | AY6: =AG6/AN6*100 -> #DIV/0! | AZ6: =AJ6/AN6*100 -> #DIV/0!
A7: Total Abril | B7: =COUNTA(B6:B6) -> 1 | C7: =SUM(C6:C6) -> 381 | D7: =MIN(D6:D6) -> 45757 | E7: =MAX(E6:E6) -> 45776 | F7: =SUM(F6:F6) -> 86 | G7: =SUM(G6:G6) -> 0 | H7: =F7+G7 -> 86 | I7: =SUM(I6:I6) -> 0 | J7: =SUM(J6:J6) -> 0 | K7: =H7+I7+J7 -> 86 | L7: =SUM(L6:L6) -> 0 | M7: =SUM(M6:M6) -> 0 | N7: =SUM(N6:N6) -> 86 | O7: =SUM(O6:O6) -> 0 | P7: =SUM(P6:P6) -> 0 | Q7: =SUM(Q6:Q6) -> 54 | R7: =SUM(R6:R6) -> 0 | S7: =SUM(S6:S6) -> 31 | ... AJ7: =SUM(AJ6:AJ6) -> 0 | AK7: =P7+S7+V7+Y7+AB7+AE7+AH7 -> 1442 | AL7: =Q7+T7+W7+Z7+AC7+AF7+AI7 -> 512 | AM7: =AK7+AL7 -> 1954 | AN7: =R7+U7+X7+AA7+AD7+AG7+AJ7 -> 0 | AO7: =O7/H7*100 -> 0 | AP7: =AN7/H7*100 -> 0 | AQ7: =AN7/AM7*100 -> 0 | AR7: =AK7/AM7*100 -> 73.797339 | AS7: =AL7/AM7*100 -> 26.202661 | AT7: =R7/AN7*100 -> #DIV/0! | AU7: =U7/AN7*100 -> #DIV/0! | AV7: =X7/AN7*100 -> #DIV/0! | AW7: =AA7/AN7*100 -> #DIV/0! | AX7: =AD7/AN7*100 -> #DIV/0! | AY7: =AG7/AN7*100 -> #DIV/0! | AZ7: =AJ7/AN7*100 -> #DIV/0!
A8: Total | B8: =+B7 -> 1 | C8: =+C7 -> 381 | D8: =MIN(D6:D7) -> 45757 | E8: =MAX(E6:E7) -> 45776 | F8: =+F7 -> 86 | G8: =+G7 -> 0 | H8: =+H7 -> 86 | I8: =+I7 -> 0 | J8: =+J7 -> 0 | K8: =+K7 -> 86 | L8: =+L7 -> 0 | M8: =+M7 -> 0 | ... AJ8: =+AJ7 -> 0 | AK8: =P8+S8+V8+Y8+AB8+AE8+AH8 -> 1442 | AL8: =Q8+T8+W8+Z8+AC8+AF8+AI8 -> 512 | AM8: =AK8+AL8 -> 1954 | AN8: =R8+U8+X8+AA8+AD8+AG8+AJ8 -> 0 | AO8: =O8/H8*100 -> 0 | AP8: =AN8/H8*100 -> 0 | AQ8: =AN8/AM8*100 -> 0 | AR8: =AK8/AM8*100 -> 73.797339 | AS8: =AL8/AM8*100 -> 26.202661 | AT8: =R8/AN8*100 -> #DIV/0! | AU8: =U8/AN8*100 -> #DIV/0! | AV8: =X8/AN8*100 -> #DIV/0! | AW8: =AA8/AN8*100 -> #DIV/0! | AX8: =AD8/AN8*100 -> #DIV/0! | AY8: =AG8/AN8*100 -> #DIV/0! | AZ8: =AJ8/AN8*100 -> #DIV/0!
A9: Fuente: Estadistica programa ETV

Sheet Machareti
A1: ENCUESTA DE LARVARIA DE AEDES AEGYPTI POR COMUNIDAD - BARRIOS DE MACHARETI GESTION 2025
A3: Establecimiento | B3: Barrio / Comunidad | C3: Habitantaes protegidos | D3: FECHA | F3: PREDIOS | K3: TOTAL PREDIOS | L3: Manzanos | N3: VIVIENDAS | P3: Grupo A Depositos de Almacenamiento de Gran Volumen | V3: Grupo B Depositos de Transporte de Agua Moviles | Y3: Grupo C Depositos Fijos de Almacenamiento de Agua | AB3: Grupo D Depositos para Eliminacion | AH3: Grupo E Depositos Naturales | AK3: TOTAL | AO3: Indicadores | AT3: INDICADORES DE ENTOMOLOGICOS - TIPO RECIPIENTE
D4: Inicio | E4: Final | F4: INSPECCIONADAS | H4: TOTAL | I4: Cerradas | J4: Renuentes | L4: EVALUADAS | M4: FOCO AEDES | N4: CON FOCO | O4: FOCO AEDES | P4: A1 | S4: A2 | V4: B | Y4: C | AB4: D1 | AE4: D2 | AH4: E | AK4: Total Recipinetes Secos | AL4: Total Recipinetes Agua | AM4: Total Recipinetes | AN4: Total Recipinetes Positivos (+) | AO4: Entomologico | AR4: Recipiente | AT4: Grupo A Depositos de Almacenamiento de Gran Volumen | AV4: Grupo B Depositos de Transporte de Agua Moviles | AW4: Grupo C Depositos Fijos de Almacenamiento de Agua | AX4: Grupo D Depositos para Eliminacion | AZ4: Grupo E Depositos Naturales
F5: Vivienda | G5: T . Baldio | P5: S | Q5: A | R5: POSITIVOS (+) | S5: S | T5: A | U5: POSITIVOS (+) | V5: S | W5: A | X5: POSITIVOS (+) | Y5: S | Z5: A | AA5: POSITIVOS (+) | AB5: S | AC5: A | AD5: POSITIVOS (+) | AE5: S | AF5: A | AG5: POSITIVOS (+) | AH5: S | AI5: A | AJ5: POSITIVOS (+) | AO5: % Indice de Infestacion | AP5: % Indice Bretau | AQ5: % Indice Recipiente | AR5: % Recipientes secos | AS5: % Recipientes con agua | AT5: A1 | AU5: A2 | AV5: B | AW5: C | AX5: D1 | AY5: D2 | AZ5: E
A6: C.S. Machareti Santa Isabel | B6: Machareti | C6: =SUM(C7:C8) -> 967 | D6: =MIN(D7:D8) -> 45659 | E6: =MAX(E7:E8) -> 45674 | F6: =SUM(F7:F8) -> 329 | G6: =SUM(G7:G8) -> 0 | H6: =SUM(H7:H8) -> 329 | I6: =SUM(I7:I8) -> 14 | J6: =SUM(J7:J8) -> 0 | K6: =SUM(K7:K8) -> 343 | L6: =SUM(L7:L8) -> 0 | M6: =SUM(M7:M8) -> 0 | ... AJ6: =SUM(AJ7:AJ8) -> 0 | AK6: =P6+S6+V6+Y6+AB6+AE6+AH6 -> 301 | AL6: =Q6+T6+W6+Z6+AC6+AF6+AI6 -> 1189 | AM6: =AK6+AL6 -> 1490 | AN6: =R6+U6+X6+AA6+AD6+AG6+AJ6 -> 117 | AO6: =O6/H6*100 -> 20.972644 | AP6: =AN6/H6*100 -> 35.56231 | AQ6: =AN6/AM6*100 -> 7.852349 | AR6: =AK6/AM6*100 -> 20.201342 | AS6: =AL6/AM6*100 -> 79.798658 | AT6: =R6/AN6*100 -> 0 | AU6: =U6/AN6*100 -> 44.444444 | AV6: =X6/AN6*100 -> 29.91453 | AW6: =AA6/AN6*100 -> 9.4017094 | AX6: =AD6/AN6*100 -> 10.25641 | AY6: =AG6/AN6*100 -> 5.982906 | AZ6: =AJ6/AN6*100 -> 0
B7: Barrio Central | C7: 468 | D7: 45659 | E7: 45670 | F7: 158 | G7: 0 | H7: =F7+G7 -> 158 | I7: 8 | J7: 0 | K7: =H7+I7+J7 -> 166 | L7: 0 | M7: 0 | N7: 0 | O7: 42 | P7: 0 | Q7: 0 | R7: 0 | S7: 0 | T7: 358 | U7: 31 | V7: 7 | W7: 175 | X7: 26 | Y7: 1 | Z7: 56 | AA7: 10 | AB7: 6 | AC7: 98 | AD7: 10 | AE7: 54 | AF7: 30 | AG7: 2 | AH7: 0 | AI7: 0 | AJ7: 0 | AK7: =P7+S7+V7+Y7+AB7+AE7+AH7 -> 68 | AL7: =Q7+T7+W7+Z7+AC7+AF7+AI7 -> 717 | AM7: =AK7+AL7 -> 785 | AN7: =R7+U7+X7+AA7+AD7+AG7+AJ7 -> 79 | AO7: =O7/H7*100 -> 26.582278 | AP7: =AN7/H7*100 -> 50 | AQ7: =AN7/AM7*100 -> 10.063694 | AR7: =AK7/AM7*100 -> 8.6624204 | AS7: =AL7/AM7*100 -> 91.33758 | AT7: =R7/AN7*100 -> 0 | AU7: =U7/AN7*100 -> 39.240506 | AV7: =X7/AN7*100 -> 32.911392 | AW7: =AA7/AN7*100 -> 12.658228 | AX7: =AD7/AN7*100 -> 12.658228 | AY7: =AG7/AN7*100 -> 2.5316456 | AZ7: =AJ7/AN7*100 -> 0
B8: Barrio San Jose | C8: 499 | D8: 45670 | E8: 45674 | F8: 171 | G8: 0 | H8: =F8+G8 -> 171 | I8: 6 | J8: 0 | K8: =H8+I8+J8 -> 177 | L8: 0 | M8: 0 | N8: 0 | O8: 27 | P8: 0 | Q8: 0 | R8: 0 | S8: 0 | T8: 322 | U8: 21 | V8: 4 | W8: 100 | X8: 9 | Y8: 4 | Z8: 16 | AA8: 1 | AB8: 28 | AC8: 15 | AD8: 2 | AE8: 197 | AF8: 19 | AG8: 5 | AH8: 0 | AI8: 0 | AJ8: 0 | AK8: =P8+S8+V8+Y8+AB8+AE8+AH8 -> 233 | AL8: =Q8+T8+W8+Z8+AC8+AF8+AI8 -> 472 | AM8: =AK8+AL8 -> 705 | AN8: =R8+U8+X8+AA8+AD8+AG8+AJ8 -> 38 | AO8: =O8/H8*100 -> 15.789474 | AP8: =AN8/H8*100 -> 22.222222 | AQ8: =AN8/AM8*100 -> 5.3900709 | AR8: =AK8/AM8*100 -> 33.049645 | AS8: =AL8/AM8*100 -> 66.950355 | AT8: =R8/AN8*100 -> 0 | AU8: =U8/AN8*100 -> 55.263158 | AV8: =X8/AN8*100 -> 23.684211 | AW8: =AA8/AN8*100 -> 2.6315789 | AX8: =AD8/AN8*100 -> 5.2631579 | AY8: =AG8/AN8*100 -> 13.157895 | AZ8: =AJ8/AN8*100 -> 0
B9: Comunidad Tati | C9: 141 | D9: 45677 | E9: 45677 | F9: 44 | G9: 0 | H9: =F9+G9 -> 44 | I9: 1 | J9: 0 | K9: =H9+I9+J9 -> 45 | L9: 0 | M9: 0 | N9: 0 | O9: 4 | P9: 0 | Q9: 0 | R9: 0 | S9: 1 | T9: 65 | U9: 4 | V9: 0 | W9: 19 | X9: 0 | Y9: 0 | Z9: 7 | AA9: 0 | AB9: 0 | AC9: 3 | AD9: 0 | AE9: 5 | AF9: 25 | AG9: 0 | AH9: 0 | AI9: 0 | AJ9: 0 | AK9: =P9+S9+V9+Y9+AB9+AE9+AH9 -> 6 | AL9: =Q9+T9+W9+Z9+AC9+AF9+AI9 -> 119 | AM9: =AK9+AL9 -> 125 | AN9: =R9+U9+X9+AA9+AD9+AG9+AJ9 -> 4 | AO9: =O9/H9*100 -> 9.0909091 | AP9: =AN9/H9*100 -> 9.0909091 | AQ9: =AN9/AM9*100 -> 3.2 | AR9: =AK9/AM9*100 -> 4.8 | AS9: =AL9/AM9*100 -> 95.2 | AT9: =R9/AN9*100 -> 0 | AU9: =U9/AN9*100 -> 100 | AV9: =X9/AN9*100 -> 0 | AW9: =AA9/AN9*100 -> 0 | AX9: =AD9/AN9*100 -> 0 | AY9: =AG9/AN9*100 -> 0 | AZ9: =AJ9/AN9*100 -> 0
A10: C.S. Ivo | B10: Comunidad Ivo | C10: 32 | D10: 45674 | E10: 45674 | F10: 11 | G10: 0 | H10: =F10+G10 -> 11 | I10: 0 | J10: 0 | K10: =H10+I10+J10 -> 11 | L10: 0 | M10: 0 | N10: 0 | O10: 3 | P10: 0 | Q10: 0 | R10: 0 | S10: 0 | T10: 9 | U10: 4 | V10: 0 | W10: 23 | X10: 2 | Y10: 0 | Z10: 5 | AA10: 0 | AB10: 0 | AC10: 3 | AD10: 0 | AE10: 4 | AF10: 3 | AG10: 0 | AH10: 0 | AI10: 0 | AJ10: 0 | AK10: =P10+S10+V10+Y10+AB10+AE10+AH10 -> 4 | AL10: =Q10+T10+W10+Z10+AC10+AF10+AI10 -> 43 | AM10: =AK10+AL10 -> 47 | AN10: =R10+U10+X10+AA10+AD10+AG10+AJ10 -> 6 | AO10: =O10/H10*100 -> 27.272727 | AP10: =AN10/H10*100 -> 54.545455 | AQ10: =AN10/AM10*100 -> 12.765957 | AR10: =AK10/AM10*100 -> 8.5106383 | AS10: =AL10/AM10*100 -> 91.489362 | AT10: =R10/AN10*100 -> 0 | AU10: =U10/AN10*100 -> 66.666667 | AV10: =X10/AN10*100 -> 33.333333 | AW10: =AA10/AN10*100 -> 0 | AX10: =AD10/AN10*100 -> 0 | AY10: =AG10/AN10*100 -> 0 | AZ10: =AJ10/AN10*100 -> 0
A11: C.S. Tiguipa Estacion | B11: Comunidad Tiguipa Estacion | C11: 337 | D11: 45684 | E11: 45688 | F11: 150 | G11: 0 | H11: =F11+G11 -> 150 | I11: 5 | J11: 0 | K11: =H11+I11+J11 -> 155 | L11: 0 | M11: 0 | N11: 0 | O11: 25 | P11: 0 | Q11: 0 | R11: 0 | S11: 1 | T11: 209 | U11: 18 | V11: 0 | W11: 46 | X11: 9 | Y11: 2 | Z11: 38 | AA11: 5 | AB11: 10 | AC11: 41 | AD11: 10 | AE11: 112 | AF11: 48 | AG11: 0 | AH11: 0 | AI11: 0 | AJ11: 0 | AK11: =P11+S11+V11+Y11+AB11+AE11+AH11 -> 125 | AL11: =Q11+T11+W11+Z11+AC11+AF11+AI11 -> 382 | AM11: =AK11+AL11 -> 507 | AN11: =R11+U11+X11+AA11+AD11+AG11+AJ11 -> 42 | AO11: =O11/H11*100 -> 16.666667 | AP11: =AN11/H11*100 -> 28 | AQ11: =AN11/AM11*100 -> 8.2840237 | AR11: =AK11/AM11*100 -> 24.654832 | AS11: =AL11/AM11*100 -> 75.345168 | AT11: =R11/AN11*100 -> 0 | AU11: =U11/AN11*100 -> 42.857143 | AV11: =X11/AN11*100 -> 21.428571 | AW11: =AA11/AN11*100 -> 11.904762 | AX11: =AD11/AN11*100 -> 23.809524 | AY11: =AG11/AN11*100 -> 0 | AZ11: =AJ11/AN11*100 -> 0
A12: P.S. Tiguipa Pueblo | B12: Comunidad Tiguipa Pueblo | C12: 214 | D12: 45680 | E12: 45681 | F12: 87 | G12: 0 | H12: =F12+G12 -> 87 | I12: 1 | J12: 0 | K12: =H12+I12+J12 -> 88 | L12: 0 | M12: 0 | N12: 0 | O12: 17 | P12: 0 | Q12: 0 | R12: 0 | S12: 0 | T12: 124 | U12: 19 | V12: 0 | W12: 45 | X12: 4 | Y12: 0 | Z12: 8 | AA12: 2 | AB12: 5 | AC12: 16 | AD12: 6 | AE12: 81 | AF12: 34 | AG12: 1 | AH12: 0 | AI12: 0 | AJ12: 0 | AK12: =P12+S12+V12+Y12+AB12+AE12+AH12 -> 86 | AL12: =Q12+T12+W12+Z12+AC12+AF12+AI12 -> 227 | AM12: =AK12+AL12 -> 313 | AN12: =R12+U12+X12+AA12+AD12+AG12+AJ12 -> 32 | AO12: =O12/H12*100 -> 19.54023 | AP12: =AN12/H12*100 -> 36.781609 | AQ12: =AN12/AM12*100 -> 10.223642 | AR12: =AK12/AM12*100 -> 27.476038 | AS12: =AL12/AM12*100 -> 72.523962 | AT12: =R12/AN12*100 -> 0 | AU12: =U12/AN12*100 -> 59.375 | AV12: =X12/AN12*100 -> 12.5 | AW12: =AA12/AN12*100 -> 6.25 | AX12: =AD12/AN12*100 -> 18.75 | AY12: =AG12/AN12*100 -> 3.125 | AZ12: =AJ12/AN12*100 -> 0
A13: P.S. Tentami | B13: Comunidad Tentami | C13: 129 | D13: 45678 | E13: 45678 | F13: 41 | G13: 0 | H13: =F13+G13 -> 41 | I13: 0 | J13: 0 | K13: =H13+I13+J13 -> 41 | L13: 0 | M13: 0 | N13: 0 | O13: 3 | P13: 0 | Q13: 0 | R13: 0 | S13: 1 | T13: 48 | U13: 3 | V13: 8 | W13: 4 | X13: 0 | Y13: 0 | Z13: 4 | AA13: 0 | AB13: 0 | AC13: 4 | AD13: 0 | AE13: 1 | AF13: 11 | AG13: 0 | AH13: 0 | AI13: 0 | AJ13: 0 | AK13: =P13+S13+V13+Y13+AB13+AE13+AH13 -> 10 | AL13: =Q13+T13+W13+Z13+AC13+AF13+AI13 -> 71 | AM13: =AK13+AL13 -> 81 | AN13: =R13+U13+X13+AA13+AD13+AG13+AJ13 -> 3 | AO13: =O13/H13*100 -> 7.3170732 | AP13: =AN13/H13*100 -> 7.3170732 | AQ13: =AN13/AM13*100 -> 3.7037037 | AR13: =AK13/AM13*100 -> 12.345679 | AS13: =AL13/AM13*100 -> 87.654321 | AT13: =R13/AN13*100 -> 0 | AU13: =U13/AN13*100 -> 100 | AV13: =X13/AN13*100 -> 0 | AW13: =AA13/AN13*100 -> 0 | AX13: =AD13/AN13*100 -> 0 | AY13: =AG13/AN13*100 -> 0 | AZ13: =AJ13/AN13*100 -> 0
A14: Total Enero | B14: =COUNTA(B7:B13) -> 7 | C14: =SUM(C9:C13)+C6 -> 1820 | D14: =MIN(D7:D13) -> 45659 | E14: =MAX(E7:E13) -> 45688 | F14: =SUM(F9:F13)+F6 -> 662 | G14: =SUM(G9:G13)+G6 -> 0 | H14: =SUM(H9:H13)+H6 -> 662 | I14: =SUM(I9:I13)+I6 -> 21 | J14: =SUM(J9:J13)+J6 -> 0 | K14: =SUM(K9:K13)+K6 -> 683 | L14: =SUM(L9:L13)+L6 -> 0 | M14: =SUM(M9:M13)+M6 -> 0 | ... AJ14: =SUM(AJ9:AJ13)+AJ6 -> 0 | AK14: =P14+S14+V14+Y14+AB14+AE14+AH14 -> 532 | AL14: =Q14+T14+W14+Z14+AC14+AF14+AI14 -> 2031 | AM14: =AK14+AL14 -> 2563 | AN14: =R14+U14+X14+AA14+AD14+AG14+AJ14 -> 204 | AO14: =O14/H14*100 -> 18.277946 | AP14: =AN14/H14*100 -> 30.81571 | AQ14: =AN14/AM14*100 -> 7.9594226 | AR14: =AK14/AM14*100 -> 20.756925 | AS14: =AL14/AM14*100 -> 79.243075 | AT14: =R14/AN14*100 -> 0 | AU14: =U14/AN14*100 -> 49.019608 | AV14: =X14/AN14*100 -> 24.509804 | AW14: =AA14/AN14*100 -> 8.8235294 | AX14: =AD14/AN14*100 -> 13.72549 | AY14: =AG14/AN14*100 -> 3.9215686 | AZ14: =AJ14/AN14*100 -> 0
A15: C.S. Machareti | B15: Machareti | C15: =C16 -> 100 | D15: 45715 | E15: 45715 | F15: =F16 -> 41 | G15: =G16 -> 0 | H15: =H16 -> 41 | I15: =I16 -> 0 | J15: =J16 -> 0 | K15: =K16 -> 41 | L15: =L16 -> 0 | M15: =M16 -> 0 | ... AJ15: =AJ16 -> 0 | AK15: =P15+S15+V15+Y15+AB15+AE15+AH15 -> 94 | AL15: =Q15+T15+W15+Z15+AC15+AF15+AI15 -> 136 | AM15: =AK15+AL15 -> 230 | AN15: =R15+U15+X15+AA15+AD15+AG15+AJ15 -> 19 | AO15: =O15/H15*100 -> 26.829268 | AP15: =AN15/H15*100 -> 46.341463 | AQ15: =AN15/AM15*100 -> 8.2608696 | AR15: =AK15/AM15*100 -> 40.869565 | AS15: =AL15/AM15*100 -> 59.130435 | AT15: =R15/AN15*100 -> 0 | AU15: =U15/AN15*100 -> 31.578947 | AV15: =X15/AN15*100 -> 10.526316 | AW15: =AA15/AN15*100 -> 26.315789 | AX15: =AD15/AN15*100 -> 26.315789 | AY15: =AG15/AN15*100 -> 5.2631579 | AZ15: =AJ15/AN15*100 -> 0
B16: Barrio Virgen del Carmen | C16: 100 | D16: 45715 | E16: 45715 | F16: 41 | G16: 0 | H16: =F16+G16 -> 41 | I16: 0 | J16: 0 | K16: =H16+I16+J16 -> 41 | L16: 0 | M16: 0 | N16: 41 | O16: 11 | P16: 0 | Q16: 3 | R16: 0 | S16: 1 | T16: 60 | U16: 6 | V16: 0 | W16: 18 | X16: 2 | Y16: 0 | Z16: 17 | AA16: 5 | AB16: 4 | AC16: 11 | AD16: 5 | AE16: 89 | AF16: 27 | AG16: 1 | AH16: 0 | AI16: 0 | AJ16: 0 | AK16: =P16+S16+V16+Y16+AB16+AE16+AH16 -> 94 | AL16: =Q16+T16+W16+Z16+AC16+AF16+AI16 -> 136 | AM16: =AK16+AL16 -> 230 | AN16: =R16+U16+X16+AA16+AD16+AG16+AJ16 -> 19 | AO16: =O16/H16*100 -> 26.829268 | AP16: =AN16/H16*100 -> 46.341463 | AQ16: =AN16/AM16*100 -> 8.2608696 | AR16: =AK16/AM16*100 -> 40.869565 | AS16: =AL16/AM16*100 -> 59.130435 | AT16: =R16/AN16*100 -> 0 | AU16: =U16/AN16*100 -> 31.578947 | AV16: =X16/AN16*100 -> 10.526316 | AW16: =AA16/AN16*100 -> 26.315789 | AX16: =AD16/AN16*100 -> 26.315789 | AY16: =AG16/AN16*100 -> 5.2631579 | AZ16: =AJ16/AN16*100 -> 0
A17: P.S. Carandayti | B17: Comunidad Carandayti | C17: 273 | D17: 45702 | E17: 45706 | F17: 95 | G17: 0 | H17: =F17+G17 -> 95 | I17: 0 | J17: 0 | K17: =H17+I17+J17 -> 95 | L17: 0 | M17: 0 | N17: 95 | O17: 35 | P17: 3 | Q17: 6 | R17: 0 | S17: 19 | T17: 173 | U17: 41 | V17: 8 | W17: 17 | X17: 7 | Y17: 1 | Z17: 9 | AA17: 2 | AB17: 59 | AC17: 12 | AD17: 7 | AE17: 254 | AF17: 4 | AG17: 2 | AH17: 0 | AI17: 0 | AJ17: 0 | AK17: =P17+S17+V17+Y17+AB17+AE17+AH17 -> 344 | AL17: =Q17+T17+W17+Z17+AC17+AF17+AI17 -> 221 | AM17: =AK17+AL17 -> 565 | AN17: =R17+U17+X17+AA17+AD17+AG17+AJ17 -> 59 | AO17: =O17/H17*100 -> 36.842105 | AP17: =AN17/H17*100 -> 62.105263 | AQ17: =AN17/AM17*100 -> 10.442478 | AR17: =AK17/AM17*100 -> 60.884956 | AS17: =AL17/AM17*100 -> 39.115044 | AT17: =R17/AN17*100 -> 0 | AU17: =U17/AN17*100 -> 69.491525 | AV17: =X17/AN17*100 -> 11.864407 | AW17: =AA17/AN17*100 -> 3.3898305 | AX17: =AD17/AN17*100 -> 11.864407 | AY17: =AG17/AN17*100 -> 3.3898305 | AZ17: =AJ17/AN17*100 -> 0
A18: C.S. Tiguipa Estacion | B18: Comunidad Tiguipa Estacion | C18: 143 | D18: 45693 | E18: 45695 | F18: 57 | G18: 0 | H18: =F18+G18 -> 57 | I18: 5 | J18: 0 | K18: =H18+I18+J18 -> 62 | L18: 0 | M18: 0 | N18: 57 | O18: 15 | P18: 0 | Q18: 1 | R18: 0 | S18: 2 | T18: 76 | U18: 8 | V18: 5 | W18: 28 | X18: 8 | Y18: 7 | Z18: 12 | AA18: 4 | AB18: 12 | AC18: 18 | AD18: 10 | AE18: 28 | AF18: 123 | AG18: 0 | AH18: 0 | AI18: 0 | AJ18: 0 | AK18: =P18+S18+V18+Y18+AB18+AE18+AH18 -> 54 | AL18: =Q18+T18+W18+Z18+AC18+AF18+AI18 -> 258 | AM18: =AK18+AL18 -> 312 | AN18: =R18+U18+X18+AA18+AD18+AG18+AJ18 -> 30 | AO18: =O18/H18*100 -> 26.315789 | AP18: =AN18/H18*100 -> 52.631579 | AQ18: =AN18/AM18*100 -> 9.6153846 | AR18: =AK18/AM18*100 -> 17.307692 | AS18: =AL18/AM18*100 -> 82.692308 | AT18: =R18/AN18*100 -> 0 | AU18: =U18/AN18*100 -> 26.666667 | AV18: =X18/AN18*100 -> 26.666667 | AW18: =AA18/AN18*100 -> 13.333333 | AX18: =AD18/AN18*100 -> 33.333333 | AY18: =AG18/AN18*100 -> 0 | AZ18: =AJ18/AN18*100 -> 0
A19: P.S. Camatini | B19: Comunidad Camatindi | C19: 305 | D19: 45698 | E19: 45701 | F19: 157 | G19: 0 | H19: =F19+G19 -> 157 | I19: 0 | J19: 0 | K19: =H19+I19+J19 -> 157 | L19: 0 | M19: 0 | N19: 157 | O19: 33 | P19: 0 | Q19: 3 | R19: 1 | S19: 9 | T19: 53 | U19: 12 | V19: 28 | W19: 21 | X19: 10 | Y19: 1 | Z19: 64 | AA19: 13 | AB19: 44 | AC19: 15 | AD19: 9 | AE19: 111 | AF19: 77 | AG19: 5 | AH19: 0 | AI19: 1 | AJ19: 1 | AK19: =P19+S19+V19+Y19+AB19+AE19+AH19 -> 193 | AL19: =Q19+T19+W19+Z19+AC19+AF19+AI19 -> 234 | AM19: =AK19+AL19 -> 427 | AN19: =R19+U19+X19+AA19+AD19+AG19+AJ19 -> 51 | AO19: =O19/H19*100 -> 21.019108 | AP19: =AN19/H19*100 -> 32.484076 | AQ19: =AN19/AM19*100 -> 11.943794 | AR19: =AK19/AM19*100 -> 45.199063 | AS19: =AL19/AM19*100 -> 54.800937 | AT19: =R19/AN19*100 -> 1.9607843 | AU19: =U19/AN19*100 -> 23.529412 | AV19: =X19/AN19*100 -> 19.607843 | AW19: =AA19/AN19*100 -> 25.490196 | AX19: =AD19/AN19*100 -> 17.647059 | AY19: =AG19/AN19*100 -> 9.8039216 | AZ19: =AJ19/AN19*100 -> 1.9607843
A20: Total Febrero | B20: =COUNTA(B16:B19) -> 4 | C20: =SUM(C17:C19)+C15 -> 821 | D20: =MIN(D16:D19) -> 45693 | E20: =MAX(E16:E19) -> 45715 | F20: =SUM(F17:F19)+F15 -> 350 | G20: =SUM(G17:G19)+G15 -> 0 | H20: =SUM(H17:H19)+H15 -> 350 | I20: =SUM(I17:I19)+I15 -> 5 | J20: =SUM(J17:J19)+J15 -> 0 | K20: =SUM(K17:K19)+K15 -> 355 | L20: =SUM(L17:L19)+L15 -> 0 | M20: =SUM(M17:M19)+M15 -> 0 | ... AJ20: =SUM(AJ17:AJ19)+AJ15 -> 1 | AK20: =P20+S20+V20+Y20+AB20+AE20+AH20 -> 685 | AL20: =Q20+T20+W20+Z20+AC20+AF20+AI20 -> 849 | AM20: =AK20+AL20 -> 1534 | AN20: =R20+U20+X20+AA20+AD20+AG20+AJ20 -> 159 | AO20: =O20/H20*100 -> 26.857143 | AP20: =AN20/H20*100 -> 45.428571 | AQ20: =AN20/AM20*100 -> 10.365059 | AR20: =AK20/AM20*100 -> 44.654498 | AS20: =AL20/AM20*100 -> 55.345502 | AT20: =R20/AN20*100 -> 0.62893082 | AU20: =U20/AN20*100 -> 42.138365 | AV20: =X20/AN20*100 -> 16.981132 | AW20: =AA20/AN20*100 -> 15.09434 | AX20: =AD20/AN20*100 -> 19.496855 | AY20: =AG20/AN20*100 -> 5.0314465 | AZ20: =AJ20/AN20*100 -> 0.62893082
A21: C.S. Machareti | B21: Machareti | C21: =SUM(C22:C23) -> 790 | D21: =MIN(D22:D23) -> 45733 | E21: =MAX(E22:E23) -> 45747 | F21: =SUM(F22:F23) -> 251 | G21: =SUM(G22:G23) -> 0 | H21: =SUM(H22:H23) -> 251 | I21: =SUM(I22:I23) -> 0 | J21: =SUM(J22:J23) -> 0 | K21: =SUM(K22:K23) -> 251 | L21: =SUM(L22:L23) -> 0 | M21: =SUM(M22:M23) -> 0 | ... AJ21: =SUM(AJ22:AJ23) -> 0 | AK21: =P21+S21+V21+Y21+AB21+AE21+AH21 -> 274 | AL21: =Q21+T21+W21+Z21+AC21+AF21+AI21 -> 928 | AM21: =AK21+AL21 -> 1202 | AN21: =R21+U21+X21+AA21+AD21+AG21+AJ21 -> 166 | AO21: =O21/H21*100 -> 36.25498 | AP21: =AN21/H21*100 -> 66.135458 | AQ21: =AN21/AM21*100 -> 13.810316 | AR21: =AK21/AM21*100 -> 22.795341 | AS21: =AL21/AM21*100 -> 77.204659 | AT21: =R21/AN21*100 -> 0 | AU21: =U21/AN21*100 -> 36.144578 | AV21: =X21/AN21*100 -> 12.650602 | AW21: =AA21/AN21*100 -> 18.072289 | AX21: =AD21/AN21*100 -> 20.481928 | AY21: =AG21/AN21*100 -> 12.650602 | AZ21: =AJ21/AN21*100 -> 0
B22: Barrio Virgen Del Carmen | C22: 470 | D22: 45733 | E22: 45737 | F22: 141 | G22: 0 | H22: =F22+G22 -> 141 | I22: 0 | J22: 0 | K22: =H22+I22+J22 -> 141 | L22: 0 | M22: 0 | N22: 141 | O22: 38 | P22: 0 | Q22: 1 | R22: 0 | S22: 0 | T22: 279 | U22: 23 | V22: 0 | W22: 75 | X22: 5 | Y22: 0 | Z22: 59 | AA22: 15 | AB22: 6 | AC22: 46 | AD22: 14 | AE22: 198 | AF22: 36 | AG22: 6 | AH22: 0 | AI22: 0 | AJ22: 0 | AK22: =P22+S22+V22+Y22+AB22+AE22+AH22 -> 204 | AL22: =Q22+T22+W22+Z22+AC22+AF22+AI22 -> 496 | AM22: =AK22+AL22 -> 700 | AN22: =R22+U22+X22+AA22+AD22+AG22+AJ22 -> 63 | AO22: =O22/H22*100 -> 26.950355 | AP22: =AN22/H22*100 -> 44.680851 | AQ22: =AN22/AM22*100 -> 9 | AR22: =AK22/AM22*100 -> 29.142857 | AS22: =AL22/AM22*100 -> 70.857143 | AT22: =R22/AN22*100 -> 0 | AU22: =U22/AN22*100 -> 36.507937 | AV22: =X22/AN22*100 -> 7.9365079 | AW22: =AA22/AN22*100 -> 23.809524 | AX22: =AD22/AN22*100 -> 22.222222 | AY22: =AG22/AN22*100 -> 9.5238095 | AZ22: =AJ22/AN22*100 -> 0
B23: Barrio Central | C23: 320 | D23: 45740 | E23: 45747 | F23: 110 | G23: 0 | H23: =F23+G23 -> 110 | I23: 0 | J23: 0 | K23: =H23+I23+J23 -> 110 | L23: 0 | M23: 0 | N23: 110 | O23: 53 | P23: 0 | Q23: 0 | R23: 0 | S23: 4 | T23: 214 | U23: 37 | V23: 0 | W23: 89 | X23: 16 | Y23: 0 | Z23: 45 | AA23: 15 | AB23: 0 | AC23: 39 | AD23: 20 | AE23: 66 | AF23: 45 | AG23: 15 | AH23: 0 | AI23: 0 | AJ23: 0 | AK23: =P23+S23+V23+Y23+AB23+AE23+AH23 -> 70 | AL23: =Q23+T23+W23+Z23+AC23+AF23+AI23 -> 432 | AM23: =AK23+AL23 -> 502 | AN23: =R23+U23+X23+AA23+AD23+AG23+AJ23 -> 103 | AO23: =O23/H23*100 -> 48.181818 | AP23: =AN23/H23*100 -> 93.636364 | AQ23: =AN23/AM23*100 -> 20.517928 | AR23: =AK23/AM23*100 -> 13.944223 | AS23: =AL23/AM23*100 -> 86.055777 | AT23: =R23/AN23*100 -> 0 | AU23: =U23/AN23*100 -> 35.92233 | AV23: =X23/AN23*100 -> 15.533981 | AW23: =AA23/AN23*100 -> 14.563107 | AX23: =AD23/AN23*100 -> 19.417476 | AY23: =AG23/AN23*100 -> 14.563107 | AZ23: =AJ23/AN23*100 -> 0
A24: P.S. Carandayti | B24: Comunidad Carandayti | C24: 265 | D24: 45724 | E24: 45728 | F24: 116 | G24: 0 | H24: =F24+G24 -> 116 | I24: 5 | J24: 0 | K24: =H24+I24+J24 -> 121 | L24: 0 | M24: 0 | N24: 116 | O24: 12 | P24: 0 | Q24: 0 | R24: 0 | S24: 7 | T24: 213 | U24: 7 | V24: 0 | W24: 68 | X24: 5 | Y24: 1 | Z24: 36 | AA24: 1 | AB24: 85 | AC24: 33 | AD24: 0 | AE24: 345 | AF24: 246 | AG24: 1 | AH24: 0 | AI24: 0 | AJ24: 0 | AK24: =P24+S24+V24+Y24+AB24+AE24+AH24 -> 438 | AL24: =Q24+T24+W24+Z24+AC24+AF24+AI24 -> 596 | AM24: =AK24+AL24 -> 1034 | AN24: =R24+U24+X24+AA24+AD24+AG24+AJ24 -> 14 | AO24: =O24/H24*100 -> 10.344828 | AP24: =AN24/H24*100 -> 12.068966 | AQ24: =AN24/AM24*100 -> 1.3539652 | AR24: =AK24/AM24*100 -> 42.359768 | AS24: =AL24/AM24*100 -> 57.640232 | AT24: =R24/AN24*100 -> 0 | AU24: =U24/AN24*100 -> 50 | AV24: =X24/AN24*100 -> 35.714286 | AW24: =AA24/AN24*100 -> 7.1428571 | AX24: =AD24/AN24*100 -> 0 | AY24: =AG24/AN24*100 -> 7.1428571 | AZ24: =AJ24/AN24*100 -> 0
A25: C.S. Ivo | B25: Comunidad Ivo | C25: 103 | D25: 45743 | E25: 45743 | F25: 38 | G25: 0 | H25: =F25+G25 -> 38 | I25: 0 | J25: 0 | K25: =H25+I25+J25 -> 38 | L25: 0 | M25: 0 | N25: 38 | O25: 15 | P25: 0 | Q25: 0 | R25: 0 | S25: 0 | T25: 65 | U25: 22 | V25: 0 | W25: 1 | X25: 0 | Y25: 0 | Z25: 2 | AA25: 1 | AB25: 0 | AC25: 6 | AD25: 0 | AE25: 10 | AF25: 1 | AG25: 0 | AH25: 0 | AI25: 0 | AJ25: 0 | AK25: =P25+S25+V25+Y25+AB25+AE25+AH25 -> 10 | AL25: =Q25+T25+W25+Z25+AC25+AF25+AI25 -> 75 | AM25: =AK25+AL25 -> 85 | AN25: =R25+U25+X25+AA25+AD25+AG25+AJ25 -> 23 | AO25: =O25/H25*100 -> 39.473684 | AP25: =AN25/H25*100 -> 60.526316 | AQ25: =AN25/AM25*100 -> 27.058824 | AR25: =AK25/AM25*100 -> 11.764706 | AS25: =AL25/AM25*100 -> 88.235294 | AT25: =R25/AN25*100 -> 0 | AU25: =U25/AN25*100 -> 95.652174 | AV25: =X25/AN25*100 -> 0 | AW25: =AA25/AN25*100 -> 4.3478261 | AX25: =AD25/AN25*100 -> 0 | AY25: =AG25/AN25*100 -> 0 | AZ25: =AJ25/AN25*100 -> 0
A26: Total Marzo | B26: 4 | C26: =SUM(C24:C25)+C21 -> 1158 | D26: =MIN(D22:D25) -> 45724 | E26: =MAX(E22:E25) -> 45747 | F26: =SUM(F24:F25)+F21 -> 405 | G26: =SUM(G24:G25)+G21 -> 0 | H26: =SUM(H24:H25)+H21 -> 405 | I26: =SUM(I24:I25)+I21 -> 5 | J26: =SUM(J24:J25)+J21 -> 0 | K26: =SUM(K24:K25)+K21 -> 410 | L26: =SUM(L24:L25)+L21 -> 0 | M26: =SUM(M24:M25)+M21 -> 0 | ... AJ26: =SUM(AJ24:AJ25)+AJ21 -> 0 | AK26: =P26+S26+V26+Y26+AB26+AE26+AH26 -> 722 | AL26: =Q26+T26+W26+Z26+AC26+AF26+AI26 -> 1599 | AM26: =AK26+AL26 -> 2321 | AN26: =R26+U26+X26+AA26+AD26+AG26+AJ26 -> 203 | AO26: =O26/H26*100 -> 29.135802 | AP26: =AN26/H26*100 -> 50.123457 | AQ26: =AN26/AM26*100 -> 8.7462301 | AR26: =AK26/AM26*100 -> 31.107281 | AS26: =AL26/AM26*100 -> 68.892719 | AT26: =R26/AN26*100 -> 0 | AU26: =U26/AN26*100 -> 43.842365 | AV26: =X26/AN26*100 -> 12.807882 | AW26: =AA26/AN26*100 -> 15.763547 | AX26: =AD26/AN26*100 -> 16.748768 | AY26: =AG26/AN26*100 -> 10.837438 | AZ26: =AJ26/AN26*100 -> 0
A27: C.S. Machareti | B27: Machareti | C27: =SUM(C28:C29) -> 611 | D27: =MIN(D28:D29) -> 45749 | E27: =MAX(E28:E29) -> 45756 | F27: =SUM(F28:F29) -> 189 | G27: =SUM(G28:G29) -> 0 | H27: =SUM(H28:H29) -> 189 | I27: =SUM(I28:I29) -> 0 | J27: =SUM(J28:J29) -> 0 | K27: =SUM(K28:K29) -> 189 | L27: =SUM(L28:L29) -> 0 | M27: =SUM(M28:M29) -> 0 | ... AJ27: =SUM(AJ28:AJ29) -> 0 | AK27: =P27+S27+V27+Y27+AB27+AE27+AH27 -> 219 | AL27: =Q27+T27+W27+Z27+AC27+AF27+AI27 -> 596 | AM27: =AK27+AL27 -> 815 | AN27: =R27+U27+X27+AA27+AD27+AG27+AJ27 -> 95 | AO27: =O27/H27*100 -> 33.862434 | AP27: =AN27/H27*100 -> 50.26455 | AQ27: =AN27/AM27*100 -> 11.656442 | AR27: =AK27/AM27*100 -> 26.871166 | AS27: =AL27/AM27*100 -> 73.128834 | AT27: =R27/AN27*100 -> 0 | AU27: =U27/AN27*100 -> 35.789474 | AV27: =X27/AN27*100 -> 12.631579 | AW27: =AA27/AN27*100 -> 11.578947 | AX27: =AD27/AN27*100 -> 15.789474 | AY27: =AG27/AN27*100 -> 24.210526 | AZ27: =AJ27/AN27*100 -> 0
B28: Barrio Central | C28: 148 | D28: 45749 | E28: 45749 | F28: 41 | G28: 0 | H28: =F28+G28 -> 41 | I28: 0 | J28: 0 | K28: =H28+I28+J28 -> 41 | L28: 0 | M28: 0 | N28: 41 | O28: 16 | P28: 0 | Q28: 0 | R28: 0 | S28: 5 | T28: 103 | U28: 11 | V28: 0 | W28: 19 | X28: 0 | Y28: 0 | Z28: 5 | AA28: 5 | AB28: 12 | AC28: 14 | AD28: 6 | AE28: 31 | AF28: 17 | AG28: 10 | AH28: 0 | AI28: 0 | AJ28: 0 | AK28: =P28+S28+V28+Y28+AB28+AE28+AH28 -> 48 | AL28: =Q28+T28+W28+Z28+AC28+AF28+AI28 -> 158 | AM28: =AK28+AL28 -> 206 | AN28: =R28+U28+X28+AA28+AD28+AG28+AJ28 -> 32 | AO28: =O28/H28*100 -> 39.02439 | AP28: =AN28/H28*100 -> 78.04878 | AQ28: =AN28/AM28*100 -> 15.533981 | AR28: =AK28/AM28*100 -> 23.300971 | AS28: =AL28/AM28*100 -> 76.699029 | AT28: =R28/AN28*100 -> 0 | AU28: =U28/AN28*100 -> 34.375 | AV28: =X28/AN28*100 -> 0 | AW28: =AA28/AN28*100 -> 15.625 | AX28: =AD28/AN28*100 -> 18.75 | AY28: =AG28/AN28*100 -> 31.25 | AZ28: =AJ28/AN28*100 -> 0
B29: Barrio San Jose | C29: 463 | D29: 45750 | E29: 45756 | F29: 148 | G29: 0 | H29: =F29+G29 -> 148 | I29: 0 | J29: 0 | K29: =H29+I29+J29 -> 148 | L29: 0 | M29: 0 | N29: 148 | O29: 48 | P29: 0 | Q29: 0 | R29: 0 | S29: 4 | T29: 272 | U29: 23 | V29: 1 | W29: 68 | X29: 12 | Y29: 0 | Z29: 20 | AA29: 6 | AB29: 33 | AC29: 18 | AD29: 9 | AE29: 133 | AF29: 60 | AG29: 13 | AH29: 0 | AI29: 0 | AJ29: 0 | AK29: =P29+S29+V29+Y29+AB29+AE29+AH29 -> 171 | AL29: =Q29+T29+W29+Z29+AC29+AF29+AI29 -> 438 | AM29: =AK29+AL29 -> 609 | AN29: =R29+U29+X29+AA29+AD29+AG29+AJ29 -> 63 | AO29: =O29/H29*100 -> 32.432432 | AP29: =AN29/H29*100 -> 42.567568 | AQ29: =AN29/AM29*100 -> 10.344828 | AR29: =AK29/AM29*100 -> 28.078818 | AS29: =AL29/AM29*100 -> 71.921182 | AT29: =R29/AN29*100 -> 0 | AU29: =U29/AN29*100 -> 36.507937 | AV29: =X29/AN29*100 -> 19.047619 | AW29: =AA29/AN29*100 -> 9.5238095 | AX29: =AD29/AN29*100 -> 14.285714 | AY29: =AG29/AN29*100 -> 20.634921 | AZ29: =AJ29/AN29*100 -> 0
B30: Comunidad Estacion Machareti | C30: 74 | D30: 45758 | E30: 45758 | F30: 36 | G30: 0 | H30: =F30+G30 -> 36 | I30: 0 | J30: 0 | K30: =H30+I30+J30 -> 36 | L30: 0 | M30: 0 | N30: 36 | O30: 13 | P30: 0 | Q30: 0 | R30: 0 | S30: 0 | T30: 32 | U30: 16 | V30: 0 | W30: 12 | X30: 5 | Y30: 0 | Z30: 1 | AA30: 0 | AB30: 2 | AC30: 1 | AD30: 0 | AE30: 24 | AF30: 23 | AG30: 8 | AH30: 0 | AI30: 0 | AJ30: 0 | AK30: =P30+S30+V30+Y30+AB30+AE30+AH30 -> 26 | AL30: =Q30+T30+W30+Z30+AC30+AF30+AI30 -> 69 | AM30: =AK30+AL30 -> 95 | AN30: =R30+U30+X30+AA30+AD30+AG30+AJ30 -> 29 | AO30: =O30/H30*100 -> 36.111111 | AP30: =AN30/H30*100 -> 80.555556 | AQ30: =AN30/AM30*100 -> 30.526316 | AR30: =AK30/AM30*100 -> 27.368421 | AS30: =AL30/AM30*100 -> 72.631579 | AT30: =R30/AN30*100 -> 0 | AU30: =U30/AN30*100 -> 55.172414 | AV30: =X30/AN30*100 -> 17.241379 | AW30: =AA30/AN30*100 -> 0 | AX30: =AD30/AN30*100 -> 0 | AY30: =AG30/AN30*100 -> 27.586207 | AZ30: =AJ30/AN30*100 -> 0
B31: Comunidad Tati | C31: 126 | D31: 45757 | E31: 45761 | F31: 42 | G31: 0 | H31: =F31+G31 -> 42 | I31: 0 | J31: 0 | K31: =H31+I31+J31 -> 42 | L31: 0 | M31: 0 | N31: 42 | O31: 9 | P31: 0 | Q31: 0 | R31: 0 | S31: 0 | T31: 74 | U31: 9 | V31: 0 | W31: 0 | X31: 0 | Y31: 0 | Z31: 5 | AA31: 1 | AB31: 0 | AC31: 1 | AD31: 0 | AE31: 33 | AF31: 3 | AG31: 2 | AH31: 0 | AI31: 0 | AJ31: 0 | AK31: =P31+S31+V31+Y31+AB31+AE31+AH31 -> 33 | AL31: =Q31+T31+W31+Z31+AC31+AF31+AI31 -> 83 | AM31: =AK31+AL31 -> 116 | AN31: =R31+U31+X31+AA31+AD31+AG31+AJ31 -> 12 | AO31: =O31/H31*100 -> 21.428571 | AP31: =AN31/H31*100 -> 28.571429 | AQ31: =AN31/AM31*100 -> 10.344828 | AR31: =AK31/AM31*100 -> 28.448276 | AS31: =AL31/AM31*100 -> 71.551724 | AT31: =R31/AN31*100 -> 0 | AU31: =U31/AN31*100 -> 75 | AV31: =X31/AN31*100 -> 0 | AW31: =AA31/AN31*100 -> 8.3333333 | AX31: =AD31/AN31*100 -> 0 | AY31: =AG31/AN31*100 -> 16.666667 | AZ31: =AJ31/AN31*100 -> 0
A32: P.S. Tiguipa Pueblo | B32: Comunidad Tiguipa Pueblo | C32: 158 | D32: 45776 | E32: 45777 | F32: 65 | G32: 0 | H32: =F32+G32 -> 65 | I32: 0 | J32: 0 | K32: =H32+I32+J32 -> 65 | L32: 0 | M32: 0 | N32: 65 | O32: 17 | P32: 0 | Q32: 0 | R32: 0 | S32: 1 | T32: 73 | U32: 8 | V32: 0 | W32: 27 | X32: 6 | Y32: 0 | Z32: 16 | AA32: 4 | AB32: 0 | AC32: 29 | AD32: 16 | AE32: 38 | AF32: 45 | AG32: 13 | AH32: 0 | AI32: 0 | AJ32: 0 | AK32: =P32+S32+V32+Y32+AB32+AE32+AH32 -> 39 | AL32: =Q32+T32+W32+Z32+AC32+AF32+AI32 -> 190 | AM32: =AK32+AL32 -> 229 | AN32: =R32+U32+X32+AA32+AD32+AG32+AJ32 -> 47 | AO32: =O32/H32*100 -> 26.153846 | AP32: =AN32/H32*100 -> 72.307692 | AQ32: =AN32/AM32*100 -> 20.524017 | AR32: =AK32/AM32*100 -> 17.030568 | AS32: =AL32/AM32*100 -> 82.969432 | AT32: =R32/AN32*100 -> 0 | AU32: =U32/AN32*100 -> 17.021277 | AV32: =X32/AN32*100 -> 12.765957 | AW32: =AA32/AN32*100 -> 8.5106383 | AX32: =AD32/AN32*100 -> 34.042553 | AY32: =AG32/AN32*100 -> 27.659574 | AZ32: =AJ32/AN32*100 -> 0
A33: C.S. Ivo | B33: Comunidad Ivo | C33: 787 | D33: 45762 | E33: 45762 | F33: 40 | G33: 0 | H33: =F33+G33 -> 40 | I33: 0 | J33: 0 | K33: =H33+I33+J33 -> 40 | L33: 0 | M33: 0 | N33: 40 | O33: 9 | P33: 0 | Q33: 0 | R33: 0 | S33: 0 | T33: 34 | U33: 6 | V33: 0 | W33: 4 | X33: 1 | Y33: 0 | Z33: 18 | AA33: 10 | AB33: 31 | AC33: 70 | AD33: 27 | AE33: 687 | AF33: 53 | AG33: 2 | AH33: 0 | AI33: 0 | AJ33: 0 | AK33: =P33+S33+V33+Y33+AB33+AE33+AH33 -> 718 | AL33: =Q33+T33+W33+Z33+AC33+AF33+AI33 -> 179 | AM33: =AK33+AL33 -> 897 | AN33: =R33+U33+X33+AA33+AD33+AG33+AJ33 -> 46 | AO33: =O33/H33*100 -> 22.5 | AP33: =AN33/H33*100 -> 115 | AQ33: =AN33/AM33*100 -> 5.1282051 | AR33: =AK33/AM33*100 -> 80.044593 | AS33: =AL33/AM33*100 -> 19.955407 | AT33: =R33/AN33*100 -> 0 | AU33: =U33/AN33*100 -> 13.043478 | AV33: =X33/AN33*100 -> 2.173913 | AW33: =AA33/AN33*100 -> 21.73913 | AX33: =AD33/AN33*100 -> 58.695652 | AY33: =AG33/AN33*100 -> 4.3478261 | AZ33: =AJ33/AN33*100 -> 0
A34: Total Abril | B34: 6 | C34: =SUM(C30:C33)+C27 -> 1756 | D34: =MIN(D27:D33) -> 45749 | E34: =MAX(E27:E33) -> 45777 | F34: =SUM(F30:F33)+F27 -> 372 | G34: =SUM(G30:G33)+G27 -> 0 | H34: =SUM(H30:H33)+H27 -> 372 | I34: =SUM(I30:I33)+I27 -> 0 | J34: =SUM(J30:J33)+J27 -> 0 | K34: =SUM(K30:K33)+K27 -> 372 | L34: =SUM(L30:L33)+L27 -> 0 | M34: =SUM(M30:M33)+M27 -> 0 | ... AJ34: =SUM(AJ30:AJ33)+AJ27 -> 0 | AK34: =P34+S34+V34+Y34+AB34+AE34+AH34 -> 1035 | AL34: =Q34+T34+W34+Z34+AC34+AF34+AI34 -> 1117 | AM34: =AK34+AL34 -> 2152 | AN34: =R34+U34+X34+AA34+AD34+AG34+AJ34 -> 229 | AO34: =O34/H34*100 -> 30.107527 | AP34: =AN34/H34*100 -> 61.55914 | AQ34: =AN34/AM34*100 -> 10.641264 | AR34: =AK34/AM34*100 -> 48.094796 | AS34: =AL34/AM34*100 -> 51.905204 | AT34: =R34/AN34*100 -> 0 | AU34: =U34/AN34*100 -> 31.877729 | AV34: =X34/AN34*100 -> 10.480349 | AW34: =AA34/AN34*100 -> 11.353712 | AX34: =AD34/AN34*100 -> 25.327511 | AY34: =AG34/AN34*100 -> 20.960699 | AZ34: =AJ34/AN34*100 -> 0
A35: P.S. Carandayti | B35: Comunidad Carandayti | C35: 215 | D35: 05/052025 | E35: 45783 | F35: 68 | G35: 0 | H35: =F35+G35 -> 68 | I35: 0 | J35: 0 | K35: =H35+I35+J35 -> 68 | L35: 0 | M35: 0 | N35: 68 | O35: 16 | P35: 0 | Q35: 0 | R35: 0 | S35: 0 | T35: 151 | U35: 11 | V35: 0 | W35: 26 | X35: 6 | Y35: 0 | Z35: 5 | AA35: 1 | AB35: 4 | AC35: 9 | AD35: 4 | AE35: 37 | AF35: 8 | AG35: 1 | AH35: 0 | AI35: 0 | AJ35: 0 | AK35: =P35+S35+V35+Y35+AB35+AE35+AH35 -> 41 | AL35: =Q35+T35+W35+Z35+AC35+AF35+AI35 -> 199 | AM35: =AK35+AL35 -> 240 | AN35: =R35+U35+X35+AA35+AD35+AG35+AJ35 -> 23 | AO35: =O35/H35*100 -> 23.529412 | AP35: =AN35/H35*100 -> 33.823529 | AQ35: =AN35/AM35*100 -> 9.5833333 | AR35: =AK35/AM35*100 -> 17.083333 | AS35: =AL35/AM35*100 -> 82.916667 | AT35: =R35/AN35*100 -> 0 | AU35: =U35/AN35*100 -> 47.826087 | AV35: =X35/AN35*100 -> 26.086957 | AW35: =AA35/AN35*100 -> 4.3478261 | AX35: =AD35/AN35*100 -> 17.391304 | AY35: =AG35/AN35*100 -> 4.3478261 | AZ35: =AJ35/AN35*100 -> 0
A36: C.S. Machareti | B36: Comunidad Tati | C36: 156 | D36: 45797 | E36: 45805 | F36: 45 | G36: 0 | H36: =F36+G36 -> 45 | I36: 0 | J36: 0 | K36: =H36+I36+J36 -> 45 | L36: 0 | M36: 0 | N36: 45 | O36: 9 | P36: 0 | Q36: 0 | R36: 0 | S36: 0 | T36: 76 | U36: 2 | V36: 0 | W36: 24 | X36: 1 | Y36: 1 | Z36: 12 | AA36: 6 | AB36: 0 | AC36: 0 | AD36: 0 | AE36: 0 | AF36: 9 | AG36: 5 | AH36: 0 | AI36: 0 | AJ36: 0 | AK36: =P36+S36+V36+Y36+AB36+AE36+AH36 -> 1 | AL36: =Q36+T36+W36+Z36+AC36+AF36+AI36 -> 121 | AM36: =AK36+AL36 -> 122 | AN36: =R36+U36+X36+AA36+AD36+AG36+AJ36 -> 14 | AO36: =O36/H36*100 -> 20 | AP36: =AN36/H36*100 -> 31.111111 | AQ36: =AN36/AM36*100 -> 11.47541 | AR36: =AK36/AM36*100 -> 0.81967213 | AS36: =AL36/AM36*100 -> 99.180328 | AT36: =R36/AN36*100 -> 0 | AU36: =U36/AN36*100 -> 14.285714 | AV36: =X36/AN36*100 -> 7.1428571 | AW36: =AA36/AN36*100 -> 42.857143 | AX36: =AD36/AN36*100 -> 0 | AY36: =AG36/AN36*100 -> 35.714286 | AZ36: =AJ36/AN36*100 -> 0
A37: Total Mayo | B37: 2 | C37: =SUM(C33:C36)+C30 -> 2988 | D37: =MIN(D35:D36) -> 45797 | E37: =MAX(E35:E36) -> 45805 | F37: =SUM(F35:F36) -> 113 | G37: =SUM(G35:G36) -> 0 | H37: =SUM(H35:H36) -> 113 | I37: =SUM(I35:I36) -> 0 | J37: =SUM(J35:J36) -> 0 | K37: =SUM(K35:K36) -> 113 | L37: =SUM(L35:L36) -> 0 | M37: =SUM(M35:M36) -> 0 | ... AJ37: =SUM(AJ35:AJ36) -> 0 | AK37: =P37+S37+V37+Y37+AB37+AE37+AH37 -> 42 | AL37: =Q37+T37+W37+Z37+AC37+AF37+AI37 -> 320 | AM37: =AK37+AL37 -> 362 | AN37: =R37+U37+X37+AA37+AD37+AG37+AJ37 -> 37 | AO37: =O37/H37*100 -> 22.123894 | AP37: =AN37/H37*100 -> 32.743363 | AQ37: =AN37/AM37*100 -> 10.220994 | AR37: =AK37/AM37*100 -> 11.60221 | AS37: =AL37/AM37*100 -> 88.39779 | AT37: =R37/AN37*100 -> 0 | AU37: =U37/AN37*100 -> 35.135135 | AV37: =X37/AN37*100 -> 18.918919 | AW37: =AA37/AN37*100 -> 18.918919 | AX37: =AD37/AN37*100 -> 10.810811 | AY37: =AG37/AN37*100 -> 16.216216 | AZ37: =AJ37/AN37*100 -> 0
A38: C.S. Machareti | B38: Machareti | C38: =SUM(C39:C40) -> 548 | D38: =MIN(D39:D40) -> 45811 | E38: =MAX(E39:E40) -> 45834 | F38: =SUM(F39:F40) -> 173 | G38: =SUM(G39:G40) -> 0 | H38: =SUM(H39:H40) -> 173 | I38: =SUM(I39:I40) -> 18 | J38: =SUM(J39:J40) -> 0 | K38: =SUM(K39:K40) -> 191 | L38: =SUM(L39:L40) -> 18 | M38: =SUM(M39:M40) -> 0 | ... AJ38: =SUM(AJ39:AJ40) -> 0 | AK38: =P38+S38+V38+Y38+AB38+AE38+AH38 -> 9 | AL38: =Q38+T38+W38+Z38+AC38+AF38+AI38 -> 298 | AM38: =AK38+AL38 -> 307 | AN38: =R38+U38+X38+AA38+AD38+AG38+AJ38 -> 21 | AO38: =O38/H38*100 -> 10.404624 | AP38: =AN38/H38*100 -> 12.138728 | AQ38: =AN38/AM38*100 -> 6.8403909 | AR38: =AK38/AM38*100 -> 2.9315961 | AS38: =AL38/AM38*100 -> 97.068404 | AT38: =R38/AN38*100 -> 0 | AU38: =U38/AN38*100 -> 42.857143 | AV38: =X38/AN38*100 -> 33.333333 | AW38: =AA38/AN38*100 -> 4.7619048 | AX38: =AD38/AN38*100 -> 14.285714 | AY38: =AG38/AN38*100 -> 4.7619048 | AZ38: =AJ38/AN38*100 -> 0
B39: Barrio San Jose | C39: 503 | D39: 45811 | E39: 45834 | F39: 161 | G39: 0 | H39: =F39+G39 -> 161 | I39: 18 | J39: 0 | K39: =H39+I39+J39 -> 179 | L39: 18 | M39: 0 | N39: 0 | O39: 16 | P39: 0 | Q39: 0 | R39: 0 | S39: 0 | T39: 237 | U39: 8 | V39: 0 | W39: 29 | X39: 7 | Y39: 0 | Z39: 1 | AA39: 0 | AB39: 4 | AC39: 5 | AD39: 3 | AE39: 5 | AF39: 1 | AG39: 1 | AH39: 0 | AI39: 0 | AJ39: 0 | AK39: =P39+S39+V39+Y39+AB39+AE39+AH39 -> 9 | AL39: =Q39+T39+W39+Z39+AC39+AF39+AI39 -> 273 | AM39: =AK39+AL39 -> 282 | AN39: =R39+U39+X39+AA39+AD39+AG39+AJ39 -> 19 | AO39: =O39/H39*100 -> 9.9378882 | AP39: =AN39/H39*100 -> 11.801242 | AQ39: =AN39/AM39*100 -> 6.7375887 | AR39: =AK39/AM39*100 -> 3.1914894 | AS39: =AL39/AM39*100 -> 96.808511 | AT39: =R39/AN39*100 -> 0 | AU39: =U39/AN39*100 -> 42.105263 | AV39: =X39/AN39*100 -> 36.842105 | AW39: =AA39/AN39*100 -> 0 | AX39: =AD39/AN39*100 -> 15.789474 | AY39: =AG39/AN39*100 -> 5.2631579 | AZ39: =AJ39/AN39*100 -> 0
B40: Barrio Virgen del Carmen | C40: 45 | D40: 45819 | E40: 45819 | F40: 12 | G40: 0 | H40: =F40+G40 -> 12 | I40: 0 | J40: 0 | K40: =H40+I40+J40 -> 12 | L40: 0 | M40: 0 | N40: 0 | O40: 2 | P40: 0 | Q40: 0 | R40: 0 | S40: 0 | T40: 16 | U40: 1 | V40: 0 | W40: 0 | X40: 0 | Y40: 0 | Z40: 9 | AA40: 1 | AB40: 0 | AC40: 0 | AD40: 0 | AE40: 0 | AF40: 0 | AG40: 0 | AH40: 0 | AI40: 0 | AJ40: 0 | AK40: =P40+S40+V40+Y40+AB40+AE40+AH40 -> 0 | AL40: =Q40+T40+W40+Z40+AC40+AF40+AI40 -> 25 | AM40: =AK40+AL40 -> 25 | AN40: =R40+U40+X40+AA40+AD40+AG40+AJ40 -> 2 | AO40: =O40/H40*100 -> 16.666667 | AP40: =AN40/H40*100 -> 16.666667 | AQ40: =AN40/AM40*100 -> 8 | AR40: =AK40/AM40*100 -> 0 | AS40: =AL40/AM40*100 -> 100 | AT40: =R40/AN40*100 -> 0 | AU40: =U40/AN40*100 -> 50 | AV40: =X40/AN40*100 -> 0 | AW40: =AA40/AN40*100 -> 50 | AX40: =AD40/AN40*100 -> 0 | AY40: =AG40/AN40*100 -> 0 | AZ40: =AJ40/AN40*100 -> 0
A41: Total Junio | B41: 2 | C41: =C38 -> 548 | D41: =MIN(D38:D40) -> 45811 | E41: =MAX(E38:E40) -> 45834 | F41: =F38 -> 173 | G41: =G38 -> 0 | H41: =H38 -> 173 | I41: =I38 -> 18 | J41: =J38 -> 0 | K41: =K38 -> 191 | L41: =L38 -> 18 | M41: =M38 -> 0 | ... AJ41: =AJ38 -> 0 | AK41: =P41+S41+V41+Y41+AB41+AE41+AH41 -> 9 | AL41: =Q41+T41+W41+Z41+AC41+AF41+AI41 -> 298 | AM41: =AK41+AL41 -> 307 | AN41: =R41+U41+X41+AA41+AD41+AG41+AJ41 -> 21 | AO41: =O41/H41*100 -> 10.404624 | AP41: =AN41/H41*100 -> 12.138728 | AQ41: =AN41/AM41*100 -> 6.8403909 | AR41: =AK41/AM41*100 -> 2.9315961 | AS41: =AL41/AM41*100 -> 97.068404 | AT41: =R41/AN41*100 -> 0 | AU41: =U41/AN41*100 -> 42.857143 | AV41: =X41/AN41*100 -> 33.333333 | AW41: =AA41/AN41*100 -> 4.7619048 | AX41: =AD41/AN41*100 -> 14.285714 | AY41: =AG41/AN41*100 -> 4.7619048 | AZ41: =AJ41/AN41*100 -> 0
A42: C.S. Machareti | B42: Machareti | C42: =SUM(C43:C44) -> 662 | D42: =MIN(D43:D44) -> 45842 | E42: =MAX(E43:E44) -> 45869 | F42: =SUM(F43:F44) -> 230 | G42: =SUM(G43:G44) -> 0 | H42: =SUM(H43:H44) -> 230 | I42: =SUM(I43:I44) -> 0 | J42: =SUM(J43:J44) -> 0 | K42: =SUM(K43:K44) -> 230 | L42: =SUM(L43:L44) -> 0 | M42: =SUM(M43:M44) -> 0 | ... AJ42: =SUM(AJ43:AJ44) -> 0 | AK42: =P42+S42+V42+Y42+AB42+AE42+AH42 -> 50 | AL42: =Q42+T42+W42+Z42+AC42+AF42+AI42 -> 457 | AM42: =AK42+AL42 -> 507 | AN42: =R42+U42+X42+AA42+AD42+AG42+AJ42 -> 23 | AO42: =O42/H42*100 -> 9.1304348 | AP42: =AN42/H42*100 -> 10 | AQ42: =AN42/AM42*100 -> 4.5364892 | AR42: =AK42/AM42*100 -> 9.8619329 | AS42: =AL42/AM42*100 -> 90.138067 | AT42: =R42/AN42*100 -> 0 | AU42: =U42/AN42*100 -> 65.217391 | AV42: =X42/AN42*100 -> 8.6956522 | AW42: =AA42/AN42*100 -> 4.3478261 | AX42: =AD42/AN42*100 -> 17.391304 | AY42: =AG42/AN42*100 -> 4.3478261 | AZ42: =AJ42/AN42*100 -> 0
B43: Barrio Central | C43: 455 | D43: 45842 | E43: 45856 | F43: 157 | G43: 0 | H43: =F43+G43 -> 157 | I43: 0 | J43: 0 | K43: =H43+I43+J43 -> 157 | L43: 0 | M43: 0 | N43: 0 | O43: 13 | P43: 0 | Q43: 0 | R43: 0 | S43: 1 | T43: 266 | U43: 9 | V43: 0 | W43: 42 | X43: 1 | Y43: 0 | Z43: 0 | AA43: 0 | AB43: 3 | AC43: 6 | AD43: 3 | AE43: 18 | AF43: 1 | AG43: 1 | AH43: 0 | AI43: 0 | AJ43: 0 | AK43: =P43+S43+V43+Y43+AB43+AE43+AH43 -> 22 | AL43: =Q43+T43+W43+Z43+AC43+AF43+AI43 -> 315 | AM43: =AK43+AL43 -> 337 | AN43: =R43+U43+X43+AA43+AD43+AG43+AJ43 -> 14 | AO43: =O43/H43*100 -> 8.2802548 | AP43: =AN43/H43*100 -> 8.9171975 | AQ43: =AN43/AM43*100 -> 4.1543027 | AR43: =AK43/AM43*100 -> 6.5281899 | AS43: =AL43/AM43*100 -> 93.47181 | AT43: =R43/AN43*100 -> 0 | AU43: =U43/AN43*100 -> 64.285714 | AV43: =X43/AN43*100 -> 7.1428571 | AW43: =AA43/AN43*100 -> 0 | AX43: =AD43/AN43*100 -> 21.428571 | AY43: =AG43/AN43*100 -> 7.1428571 | AZ43: =AJ43/AN43*100 -> 0
B44: Barrio Virgen del Carmen | C44: 207 | D44: 45863 | E44: 45869 | F44: 73 | G44: 0 | H44: =F44+G44 -> 73 | I44: 0 | J44: 0 | K44: =H44+I44+J44 -> 73 | L44: 0 | M44: 0 | N44: 0 | O44: 8 | P44: 0 | Q44: 0 | R44: 0 | S44: 0 | T44: 98 | U44: 6 | V44: 0 | W44: 32 | X44: 1 | Y44: 3 | Z44: 6 | AA44: 1 | AB44: 24 | AC44: 6 | AD44: 1 | AE44: 1 | AF44: 0 | AG44: 0 | AH44: 0 | AI44: 0 | AJ44: 0 | AK44: =P44+S44+V44+Y44+AB44+AE44+AH44 -> 28 | AL44: =Q44+T44+W44+Z44+AC44+AF44+AI44 -> 142 | AM44: =AK44+AL44 -> 170 | AN44: =R44+U44+X44+AA44+AD44+AG44+AJ44 -> 9 | AO44: =O44/H44*100 -> 10.958904 | AP44: =AN44/H44*100 -> 12.328767 | AQ44: =AN44/AM44*100 -> 5.2941176 | AR44: =AK44/AM44*100 -> 16.470588 | AS44: =AL44/AM44*100 -> 83.529412 | AT44: =R44/AN44*100 -> 0 | AU44: =U44/AN44*100 -> 66.666667 | AV44: =X44/AN44*100 -> 11.111111 | AW44: =AA44/AN44*100 -> 11.111111 | AX44: =AD44/AN44*100 -> 11.111111 | AY44: =AG44/AN44*100 -> 0 | AZ44: =AJ44/AN44*100 -> 0
A45: Total Julio | B45: 2 | C45: =C42 -> 662 | D45: =MIN(D43:D44) -> 45842 | E45: =MAX(E43:E44) -> 45869 | F45: =F42 -> 230 | G45: =G42 -> 0 | H45: =H42 -> 230 | I45: =I42 -> 0 | J45: =J42 -> 0 | K45: =K42 -> 230 | L45: =L42 -> 0 | M45: =M42 -> 0 | ... AJ45: =AJ42 -> 0 | AK45: =P45+S45+V45+Y45+AB45+AE45+AH45 -> 50 | AL45: =Q45+T45+W45+Z45+AC45+AF45+AI45 -> 457 | AM45: =AK45+AL45 -> 507 | AN45: =R45+U45+X45+AA45+AD45+AG45+AJ45 -> 23 | AO45: =O45/H45*100 -> 9.1304348 | AP45: =AN45/H45*100 -> 10 | AQ45: =AN45/AM45*100 -> 4.5364892 | AR45: =AK45/AM45*100 -> 9.8619329 | AS45: =AL45/AM45*100 -> 90.138067 | AT45: =R45/AN45*100 -> 0 | AU45: =U45/AN45*100 -> 65.217391 | AV45: =X45/AN45*100 -> 8.6956522 | AW45: =AA45/AN45*100 -> 4.3478261 | AX45: =AD45/AN45*100 -> 17.391304 | AY45: =AG45/AN45*100 -> 4.3478261 | AZ45: =AJ45/AN45*100 -> 0
A46: C.S. Machareti | B46: Machareti | C46: =C47 -> 401 | D46: =D47 -> 45873 | E46: =E47 -> 45888 | F46: =F47 -> 114 | G46: =G47 -> 0 | H46: =H47 -> 114 | I46: =I47 -> 0 | J46: =J47 -> 0 | ... AJ46: =AJ47 -> 0 | AK46: =P46+S46+V46+Y46+AB46+AE46+AH46 -> 10 | AL46: =Q46+T46+W46+Z46+AC46+AF46+AI46 -> 259 | AM46: =AK46+AL46 -> 269 | AN46: =R46+U46+X46+AA46+AD46+AG46+AJ46 -> 7 | AO46: =O46/H46*100 -> 5.2631579 | AP46: =AN46/H46*100 -> 6.1403509 | AQ46: =AN46/AM46*100 -> 2.6022305 | AR46: =AK46/AM46*100 -> 3.7174721 | AS46: =AL46/AM46*100 -> 96.282528 | AT46: =R46/AN46*100 -> 0 | AU46: =U46/AN46*100 -> 100 | AV46: =X46/AN46*100 -> 0 | AW46: =AA46/AN46*100 -> 0 | AX46: =AD46/AN46*100 -> 0 | AY46: =AG46/AN46*100 -> 0 | AZ46: =AJ46/AN46*100 -> 0
B47: Barrio Virgen del Carmen | C47: 401 | D47: 45873 | E47: 45888 | F47: 114 | G47: 0 | H47: 114 | I47: 0 | J47: 0 | K47: =H47+I47+J47 -> 114 | L47: 0 | M47: 0 | N47: 114 | O47: 6 | P47: 0 | Q47: 0 | R47: 0 | S47: 1 | T47: 231 | U47: 7 | V47: 0 | W47: 13 | X47: 0 | Y47: 0 | Z47: 1 | AA47: 0 | AB47: 9 | AC47: 9 | AD47: 0 | AE47: 0 | AF47: 5 | AG47: 0 | AH47: 0 | AI47: 0 | AJ47: 0 | AK47: =P47+S47+V47+Y47+AB47+AE47+AH47 -> 10 | AL47: =Q47+T47+W47+Z47+AC47+AF47+AI47 -> 259 | AM47: =AK47+AL47 -> 269 | AN47: =R47+U47+X47+AA47+AD47+AG47+AJ47 -> 7 | AO47: =O47/H47*100 -> 5.2631579 | AP47: =AN47/H47*100 -> 6.1403509 | AQ47: =AN47/AM47*100 -> 2.6022305 | AR47: =AK47/AM47*100 -> 3.7174721 | AS47: =AL47/AM47*100 -> 96.282528 | AT47: =R47/AN47*100 -> 0 | AU47: =U47/AN47*100 -> 100 | AV47: =X47/AN47*100 -> 0 | AW47: =AA47/AN47*100 -> 0 | AX47: =AD47/AN47*100 -> 0 | AY47: =AG47/AN47*100 -> 0 | AZ47: =AJ47/AN47*100 -> 0
A48: Total Agosto | B48: 1 | C48: =C46 -> 401 | D48: =D46 -> 45873 | E48: =E46 -> 45888 | F48: =F46 -> 114 | G48: =G46 -> 0 | H48: =H46 -> 114 | I48: =I46 -> 0 | J48: =J46 -> 0 | ... AJ48: =AJ46 -> 0 | AK48: =P48+S48+V48+Y48+AB48+AE48+AH48 -> 10 | AL48: =Q48+T48+W48+Z48+AC48+AF48+AI48 -> 259 | AM48: =AK48+AL48 -> 269 | AN48: =R48+U48+X48+AA48+AD48+AG48+AJ48 -> 7 | AO48: =O48/H48*100 -> 5.2631579 | AP48: =AN48/H48*100 -> 6.1403509 | AQ48: =AN48/AM48*100 -> 2.6022305 | AR48: =AK48/AM48*100 -> 3.7174721 | AS48: =AL48/AM48*100 -> 96.282528 | AT48: =R48/AN48*100 -> 0 | AU48: =U48/AN48*100 -> 100 | AV48: =X48/AN48*100 -> 0 | AW48: =AA48/AN48*100 -> 0 | AX48: =AD48/AN48*100 -> 0 | AY48: =AG48/AN48*100 -> 0 | AZ48: =AJ48/AN48*100 -> 0
A49: P.S. Carandayti | B49: Machareti | C49: =C50 -> 322 | D49: =D50 -> 45916 | E49: =E50 -> 45918 | F49: =F50 -> 115 | G49: =G50 -> 0 | H49: =H50 -> 115 | I49: =I50 -> 0 | J49: =J50 -> 0 | ... AJ49: =AJ50 -> 0 | AK49: =P49+S49+V49+Y49+AB49+AE49+AH49 -> 101 | AL49: =Q49+T49+W49+Z49+AC49+AF49+AI49 -> 106 | AM49: =AK49+AL49 -> 207 | AN49: =R49+U49+X49+AA49+AD49+AG49+AJ49 -> 0 | AO49: =O49/H49*100 -> 0 | AP49: =AN49/H49*100 -> 0 | AQ49: =AN49/AM49*100 -> 0 | AR49: =AK49/AM49*100 -> 48.792271 | AS49: =AL49/AM49*100 -> 51.207729 | AT49: =R49/AN49*100 -> #DIV/0! | AU49: =U49/AN49*100 -> #DIV/0! | AV49: =X49/AN49*100 -> #DIV/0! | AW49: =AA49/AN49*100 -> #DIV/0! | AX49: =AD49/AN49*100 -> #DIV/0! | AY49: =AG49/AN49*100 -> #DIV/0! | AZ49: =AJ49/AN49*100 -> #DIV/0!
B50: Comunidad Carandayti | C50: 322 | D50: 45916 | E50: 45918 | F50: 115 | G50: 0 | H50: =F50+G50 -> 115 | I50: 0 | J50: 0 | K50: =H50+I50+J50 -> 115 | L50: 0 | M50: 0 | N50: 115 | O50: 0 | P50: 0 | Q50: 5 | R50: 0 | S50: 51 | T50: 101 | U50: 0 | V50: 8 | W50: 0 | X50: 0 | Y50: 0 | Z50: 0 | AA50: 0 | AB50: 0 | AC50: 0 | AD50: 0 | AE50: 42 | AF50: 0 | AG50: 0 | AH50: 0 | AI50: 0 | AJ50: 0 | AK50: =P50+S50+V50+Y50+AB50+AE50+AH50 -> 101 | AL50: =Q50+T50+W50+Z50+AC50+AF50+AI50 -> 106 | AM50: =AK50+AL50 -> 207 | AN50: =R50+U50+X50+AA50+AD50+AG50+AJ50 -> 0 | AO50: =O50/H50*100 -> 0 | AP50: =AN50/H50*100 -> 0 | AQ50: =AN50/AM50*100 -> 0 | AR50: =AK50/AM50*100 -> 48.792271 | AS50: =AL50/AM50*100 -> 51.207729 | AT50: =R50/AN50*100 -> #DIV/0! | AU50: =U50/AN50*100 -> #DIV/0! | AV50: =X50/AN50*100 -> #DIV/0! | AW50: =AA50/AN50*100 -> #DIV/0! | AX50: =AD50/AN50*100 -> #DIV/0! | AY50: =AG50/AN50*100 -> #DIV/0! | AZ50: =AJ50/AN50*100 -> #DIV/0!
A51: Total Septiembre | B51: 1 | C51: =C49 -> 322 | D51: =D49 -> 45916 | E51: =E49 -> 45918 | F51: =F49 -> 115 | G51: =G49 -> 0 | H51: =H49 -> 115 | I51: =I49 -> 0 | J51: =J49 -> 0 | ... AJ51: =AJ49 -> 0 | AK51: =P51+S51+V51+Y51+AB51+AE51+AH51 -> 101 | AL51: =Q51+T51+W51+Z51+AC51+AF51+AI51 -> 106 | AM51: =AK51+AL51 -> 207 | AN51: =R51+U51+X51+AA51+AD51+AG51+AJ51 -> 0 | AO51: =O51/H51*100 -> 0 | AP51: =AN51/H51*100 -> 0 | AQ51: =AN51/AM51*100 -> 0 | AR51: =AK51/AM51*100 -> 48.792271 | AS51: =AL51/AM51*100 -> 51.207729 | AT51: =R51/AN51*100 -> #DIV/0! | AU51: =U51/AN51*100 -> #DIV/0! | AV51: =X51/AN51*100 -> #DIV/0! | AW51: =AA51/AN51*100 -> #DIV/0! | AX51: =AD51/AN51*100 -> #DIV/0! | AY51: =AG51/AN51*100 -> #DIV/0! | AZ51: =AJ51/AN51*100 -> #DIV/0!
A52: C.S. Machareti | B52: Machareti | C52: =C53 -> 68 | D52: =D53 -> 45953 | E52: =E53 -> 45954 | F52: =F53 -> 30 | G52: =G53 -> 0 | H52: =H53 -> 30 | I52: =I53 -> 0 | J52: =J53 -> 0 | ... AJ52: =AJ53 -> 0 | AK52: =P52+S52+V52+Y52+AB52+AE52+AH52 -> 0 | AL52: =Q52+T52+W52+Z52+AC52+AF52+AI52 -> 27 | AM52: =AK52+AL52 -> 27 | AN52: =R52+U52+X52+AA52+AD52+AG52+AJ52 -> 1 | AO52: =O52/H52*100 -> 3.3333333 | AP52: =AN52/H52*100 -> 3.3333333 | AQ52: =AN52/AM52*100 -> 3.7037037 | AR52: =AK52/AM52*100 -> 0 | AS52: =AL52/AM52*100 -> 100 | AT52: =R52/AN52*100 -> 0 | AU52: =U52/AN52*100 -> 100 | AV52: =X52/AN52*100 -> 0 | AW52: =AA52/AN52*100 -> 0 | AX52: =AD52/AN52*100 -> 0 | AY52: =AG52/AN52*100 -> 0 | AZ52: =AJ52/AN52*100 -> 0
B53: Comunidad Estacion Machareti | C53: 68 | D53: 45953 | E53: 45954 | F53: 30 | G53: 0 | H53: =F53+G53 -> 30 | I53: 0 | J53: 0 | K53: =H53+I53+J53 -> 30 | L53: 0 | M53: 0 | N53: 30 | O53: 1 | P53: 0 | Q53: 0 | R53: 0 | S53: 0 | T53: 27 | U53: 1 | V53: 0 | W53: 0 | X53: 0 | Y53: 0 | Z53: 0 | AA53: 0 | AB53: 0 | AC53: 0 | AD53: 0 | AE53: 0 | AF53: 0 | AG53: 0 | AH53: 0 | AI53: 0 | AJ53: 0 | AK53: =P53+S53+V53+Y53+AB53+AE53+AH53 -> 0 | AL53: =Q53+T53+W53+Z53+AC53+AF53+AI53 -> 27 | AM53: =AK53+AL53 -> 27 | AN53: =R53+U53+X53+AA53+AD53+AG53+AJ53 -> 1 | AO53: =O53/H53*100 -> 3.3333333 | AP53: =AN53/H53*100 -> 3.3333333 | AQ53: =AN53/AM53*100 -> 3.7037037 | AR53: =AK53/AM53*100 -> 0 | AS53: =AL53/AM53*100 -> 100 | AT53: =R53/AN53*100 -> 0 | AU53: =U53/AN53*100 -> 100 | AV53: =X53/AN53*100 -> 0 | AW53: =AA53/AN53*100 -> 0 | AX53: =AD53/AN53*100 -> 0 | AY53: =AG53/AN53*100 -> 0 | AZ53: =AJ53/AN53*100 -> 0
A54: Total Octubre | B54: 1 | C54: =C52 -> 68 | D54: =D52 -> 45953 | E54: =E52 -> 45954 | F54: =F52 -> 30 | G54: =G52 -> 0 | H54: =H52 -> 30 | I54: =I52 -> 0 | J54: =J52 -> 0 | ... AJ54: =AJ52 -> 0 | AK54: =P54+S54+V54+Y54+AB54+AE54+AH54 -> 0 | AL54: =Q54+T54+W54+Z54+AC54+AF54+AI54 -> 27 | AM54: =AK54+AL54 -> 27 | AN54: =R54+U54+X54+AA54+AD54+AG54+AJ54 -> 1 | AO54: =O54/H54*100 -> 3.3333333 | AP54: =AN54/H54*100 -> 3.3333333 | AQ54: =AN54/AM54*100 -> 3.7037037 | AR54: =AK54/AM54*100 -> 0 | AS54: =AL54/AM54*100 -> 100 | AT54: =R54/AN54*100 -> 0 | AU54: =U54/AN54*100 -> 100 | AV54: =X54/AN54*100 -> 0 | AW54: =AA54/AN54*100 -> 0 | AX54: =AD54/AN54*100 -> 0 | AY54: =AG54/AN54*100 -> 0 | AZ54: =AJ54/AN54*100 -> 0
A55: C.S. Machareti | B55: Machareti | C55: =SUM(C56:C58) -> 1550 | D55: =MIN(D56:D58) -> 45966 | E55: =MAX(E56:E58) -> 45988 | F55: =SUM(F56:F58) -> 524 | G55: =SUM(G56:G58) -> 0 | H55: =SUM(H56:H58) -> 524 | I55: =SUM(I56:I58) -> 0 | J55: =SUM(J56:J58) -> 0 | K55: =SUM(K56:K58) -> 524 | L55: =SUM(L56:L58) -> 0 | M55: =SUM(M56:M58) -> 0 | ... AJ55: =SUM(AJ56:AJ58) -> 0 | AK55: =P55+S55+V55+Y55+AB55+AE55+AH55 -> 503 | AL55: =Q55+T55+W55+Z55+AC55+AF55+AI55 -> 1291 | AM55: =AK55+AL55 -> 1794 | AN55: =R55+U55+X55+AA55+AD55+AG55+AJ55 -> 71 | AO55: =O55/H55*100 -> 9.5419847 | AP55: =AN55/H55*100 -> 13.549618 | AQ55: =AN55/AM55*100 -> 3.9576366 | AR55: =AK55/AM55*100 -> 28.037904 | AS55: =AL55/AM55*100 -> 71.962096 | AT55: =R55/AN55*100 -> 0 | AU55: =U55/AN55*100 -> 54.929577 | AV55: =X55/AN55*100 -> 15.492958 | AW55: =AA55/AN55*100 -> 4.2253521 | AX55: =AD55/AN55*100 -> 23.943662 | AY55: =AG55/AN55*100 -> 1.4084507 | AZ55: =AJ55/AN55*100 -> 0
B56: Barrio Virgen del Carmen | C56: 568 | D56: 45966 | E56: 45966 | F56: 188 | G56: 0 | H56: =F56+G56 -> 188 | I56: 0 | J56: 0 | K56: =H56+I56+J56 -> 188 | L56: 0 | M56: 0 | N56: 188 | O56: 16 | P56: 0 | Q56: 0 | R56: 0 | S56: 0 | T56: 367 | U56: 11 | V56: 4 | W56: 66 | X56: 8 | Y56: 2 | Z56: 13 | AA56: 2 | AB56: 77 | AC56: 24 | AD56: 2 | AE56: 241 | AF56: 13 | AG56: 1 | AH56: 0 | AI56: 0 | AJ56: 0 | AK56: =P56+S56+V56+Y56+AB56+AE56+AH56 -> 324 | AL56: =Q56+T56+W56+Z56+AC56+AF56+AI56 -> 483 | AM56: =AK56+AL56 -> 807 | AN56: =R56+U56+X56+AA56+AD56+AG56+AJ56 -> 24 | AO56: =O56/H56*100 -> 8.5106383 | AP56: =AN56/H56*100 -> 12.765957 | AQ56: =AN56/AM56*100 -> 2.9739777 | AR56: =AK56/AM56*100 -> 40.148699 | AS56: =AL56/AM56*100 -> 59.851301 | AT56: =R56/AN56*100 -> 0 | AU56: =U56/AN56*100 -> 45.833333 | AV56: =X56/AN56*100 -> 33.333333 | AW56: =AA56/AN56*100 -> 8.3333333 | AX56: =AD56/AN56*100 -> 8.3333333 | AY56: =AG56/AN56*100 -> 4.1666667 | AZ56: =AJ56/AN56*100 -> 0
B57: Barrio Central | C57: 469 | D57: 45972 | E57: 45982 | F57: 161 | G57: 0 | H57: =F57+G57 -> 161 | I57: 0 | J57: 0 | K57: =H57+I57+J57 -> 161 | L57: 0 | M57: 0 | N57: 161 | O57: 15 | P57: 0 | Q57: 0 | R57: 0 | S57: 1 | T57: 343 | U57: 10 | V57: 12 | W57: 49 | X57: 2 | Y57: 0 | Z57: 25 | AA57: 1 | AB57: 43 | AC57: 18 | AD57: 12 | AE57: 54 | AF57: 0 | AG57: 0 | AH57: 0 | AI57: 0 | AJ57: 0 | AK57: =P57+S57+V57+Y57+AB57+AE57+AH57 -> 110 | AL57: =Q57+T57+W57+Z57+AC57+AF57+AI57 -> 435 | AM57: =AK57+AL57 -> 545 | AN57: =R57+U57+X57+AA57+AD57+AG57+AJ57 -> 25 | AO57: =O57/H57*100 -> 9.3167702 | AP57: =AN57/H57*100 -> 15.52795 | AQ57: =AN57/AM57*100 -> 4.587156 | AR57: =AK57/AM57*100 -> 20.183486 | AS57: =AL57/AM57*100 -> 79.816514 | AT57: =R57/AN57*100 -> 0 | AU57: =U57/AN57*100 -> 40 | AV57: =X57/AN57*100 -> 8 | AW57: =AA57/AN57*100 -> 4 | AX57: =AD57/AN57*100 -> 48 | AY57: =AG57/AN57*100 -> 0 | AZ57: =AJ57/AN57*100 -> 0
B58: Barrio San Jose | C58: 513 | D58: 45982 | E58: 45988 | F58: 175 | G58: 0 | H58: =F58+G58 -> 175 | I58: 0 | J58: 0 | K58: =H58+I58+J58 -> 175 | L58: 0 | M58: 0 | N58: 175 | O58: 19 | P58: 0 | Q58: 0 | R58: 0 | S58: 0 | T58: 320 | U58: 18 | V58: 61 | W58: 35 | X58: 1 | Y58: 0 | Z58: 11 | AA58: 0 | AB58: 2 | AC58: 7 | AD58: 3 | AE58: 6 | AF58: 0 | AG58: 0 | AH58: 0 | AI58: 0 | AJ58: 0 | AK58: =P58+S58+V58+Y58+AB58+AE58+AH58 -> 69 | AL58: =Q58+T58+W58+Z58+AC58+AF58+AI58 -> 373 | AM58: =AK58+AL58 -> 442 | AN58: =R58+U58+X58+AA58+AD58+AG58+AJ58 -> 22 | AO58: =O58/H58*100 -> 10.857143 | AP58: =AN58/H58*100 -> 12.571429 | AQ58: =AN58/AM58*100 -> 4.9773756 | AR58: =AK58/AM58*100 -> 15.61086 | AS58: =AL58/AM58*100 -> 84.38914 | AT58: =R58/AN58*100 -> 0 | AU58: =U58/AN58*100 -> 81.818182 | AV58: =X58/AN58*100 -> 4.5454545 | AW58: =AA58/AN58*100 -> 0 | AX58: =AD58/AN58*100 -> 13.636364 | AY58: =AG58/AN58*100 -> 0 | AZ58: =AJ58/AN58*100 -> 0
A59: Total Noviembre | B59: =COUNTA(B56:B58) -> 3 | C59: =C55 -> 1550 | D59: =D55 -> 45966 | E59: =E55 -> 45988 | F59: =F55 -> 524 | G59: =G55 -> 0 | H59: =H55 -> 524 | I59: =I55 -> 0 | J59: =J55 -> 0 | ... AJ59: =AJ55 -> 0 | AK59: =P59+S59+V59+Y59+AB59+AE59+AH59 -> 503 | AL59: =Q59+T59+W59+Z59+AC59+AF59+AI59 -> 1291 | AM59: =AK59+AL59 -> 1794 | AN59: =R59+U59+X59+AA59+AD59+AG59+AJ59 -> 71 | AO59: =O59/H59*100 -> 9.5419847 | AP59: =AN59/H59*100 -> 13.549618 | AQ59: =AN59/AM59*100 -> 3.9576366 | AR59: =AK59/AM59*100 -> 28.037904 | AS59: =AL59/AM59*100 -> 71.962096 | AT59: =R59/AN59*100 -> 0 | AU59: =U59/AN59*100 -> 54.929577 | AV59: =X59/AN59*100 -> 15.492958 | AW59: =AA59/AN59*100 -> 4.2253521 | AX59: =AD59/AN59*100 -> 23.943662 | AY59: =AG59/AN59*100 -> 1.4084507 | AZ59: =AJ59/AN59*100 -> 0
A60: C.S. Machareti | B60: Comunidad Tati | C60: 127 | D60: 46021 | E60: 46021 | F60: 45 | G60: 0 | H60: =F60+G60 -> 45 | I60: 1 | J60: 0 | K60: =H60+I60+J60 -> 46 | L60: 0 | M60: 0 | N60: 45 | O60: 5 | P60: 0 | Q60: 0 | R60: 0 | S60: 0 | T60: 68 | U60: 5 | V60: 0 | W60: 3 | X60: 0 | Y60: 0 | Z60: 4 | AA60: 0 | AB60: 0 | AC60: 0 | AD60: 0 | AE60: 29 | AF60: 5 | AG60: 0 | AH60: 0 | AI60: 0 | AJ60: 0 | AK60: =P60+S60+V60+Y60+AB60+AE60+AH60 -> 29 | AL60: =Q60+T60+W60+Z60+AC60+AF60+AI60 -> 80 | AM60: =AK60+AL60 -> 109 | AN60: =R60+U60+X60+AA60+AD60+AG60+AJ60 -> 5 | AO60: =O60/H60*100 -> 11.111111 | AP60: =AN60/H60*100 -> 11.111111 | AQ60: =AN60/AM60*100 -> 4.587156 | AR60: =AK60/AM60*100 -> 26.605505 | AS60: =AL60/AM60*100 -> 73.394495 | AT60: =R60/AN60*100 -> 0 | AU60: =U60/AN60*100 -> 100 | AV60: =X60/AN60*100 -> 0 | AW60: =AA60/AN60*100 -> 0 | AX60: =AD60/AN60*100 -> 0 | AY60: =AG60/AN60*100 -> 0 | AZ60: =AJ60/AN60*100 -> 0
A61: C.S. Ivo | B61: Comunidad Ivo | C61: 84 | D61: 45996 | E61: 45996 | F61: 31 | G61: 0 | H61: =F61+G61 -> 31 | I61: 0 | J61: 0 | K61: =H61+I61+J61 -> 31 | L61: 0 | M61: 0 | N61: 31 | O61: 5 | P61: 0 | Q61: 0 | R61: 0 | S61: 0 | T61: 78 | U61: 6 | V61: 0 | W61: 0 | X61: 0 | Y61: 1 | Z61: 0 | AA61: 0 | AB61: 0 | AC61: 0 | AD61: 0 | AE61: 3 | AF61: 0 | AG61: 0 | AH61: 0 | AI61: 0 | AJ61: 0 | AK61: =P61+S61+V61+Y61+AB61+AE61+AH61 -> 4 | AL61: =Q61+T61+W61+Z61+AC61+AF61+AI61 -> 78 | AM61: =AK61+AL61 -> 82 | AN61: =R61+U61+X61+AA61+AD61+AG61+AJ61 -> 6 | AO61: =O61/H61*100 -> 16.129032 | AP61: =AN61/H61*100 -> 19.354839 | AQ61: =AN61/AM61*100 -> 7.3170732 | AR61: =AK61/AM61*100 -> 4.8780488 | AS61: =AL61/AM61*100 -> 95.121951 | AT61: =R61/AN61*100 -> 0 | AU61: =U61/AN61*100 -> 100 | AV61: =X61/AN61*100 -> 0 | AW61: =AA61/AN61*100 -> 0 | AX61: =AD61/AN61*100 -> 0 | AY61: =AG61/AN61*100 -> 0 | AZ61: =AJ61/AN61*100 -> 0
A62: P.S. Tiguipa Pueblo | B62: Comunidad Tiguipa Pueblo | C62: 221 | D62: 46013 | E62: 46014 | F62: 94 | G62: 0 | H62: =F62+G62 -> 94 | I62: 0 | J62: 0 | K62: =H62+I62+J62 -> 94 | L62: 0 | M62: 0 | N62: 94 | O62: 15 | P62: 0 | Q62: 0 | R62: 0 | S62: 0 | T62: 150 | U62: 14 | V62: 26 | W62: 5 | X62: 0 | Y62: 1 | Z62: 3 | AA62: 0 | AB62: 1 | AC62: 1 | AD62: 0 | AE62: 42 | AF62: 15 | AG62: 1 | AH62: 0 | AI62: 0 | AJ62: 0 | AK62: =P62+S62+V62+Y62+AB62+AE62+AH62 -> 70 | AL62: =Q62+T62+W62+Z62+AC62+AF62+AI62 -> 174 | AM62: =AK62+AL62 -> 244 | AN62: =R62+U62+X62+AA62+AD62+AG62+AJ62 -> 15 | AO62: =O62/H62*100 -> 15.957447 | AP62: =AN62/H62*100 -> 15.957447 | AQ62: =AN62/AM62*100 -> 6.147541 | AR62: =AK62/AM62*100 -> 28.688525 | AS62: =AL62/AM62*100 -> 71.311475 | AT62: =R62/AN62*100 -> 0 | AU62: =U62/AN62*100 -> 93.333333 | AV62: =X62/AN62*100 -> 0 | AW62: =AA62/AN62*100 -> 0 | AX62: =AD62/AN62*100 -> 0 | AY62: =AG62/AN62*100 -> 6.6666667 | AZ62: =AJ62/AN62*100 -> 0
A63: Total Noviembre | B63: =COUNTA(B60:B62) -> 3 | C63: =SUM(C60:C62) -> 432 | D63: =MIN(D60:D62) -> 45996 | E63: =MAX(E60:E62) -> 46021 | F63: =SUM(F60:F62) -> 170 | G63: =SUM(G60:G62) -> 0 | H63: =SUM(H60:H62) -> 170 | I63: =SUM(I60:I62) -> 1 | J63: =SUM(J60:J62) -> 0 | K63: =SUM(K60:K62) -> 171 | L63: =SUM(L60:L62) -> 0 | M63: =SUM(M60:M62) -> 0 | ... AJ63: =SUM(AJ60:AJ62) -> 0 | AK63: =P63+S63+V63+Y63+AB63+AE63+AH63 -> 103 | AL63: =Q63+T63+W63+Z63+AC63+AF63+AI63 -> 332 | AM63: =AK63+AL63 -> 435 | AN63: =R63+U63+X63+AA63+AD63+AG63+AJ63 -> 26 | AO63: =O63/H63*100 -> 14.705882 | AP63: =AN63/H63*100 -> 15.294118 | AQ63: =AN63/AM63*100 -> 5.9770115 | AR63: =AK63/AM63*100 -> 23.678161 | AS63: =AL63/AM63*100 -> 76.321839 | AT63: =R63/AN63*100 -> 0 | AU63: =U63/AN63*100 -> 96.153846 | AV63: =X63/AN63*100 -> 0 | AW63: =AA63/AN63*100 -> 0 | AX63: =AD63/AN63*100 -> 0 | AY63: =AG63/AN63*100 -> 3.8461538 | AZ63: =AJ63/AN63*100 -> 0
A64: Total | B64: =B14+B20+B26+B34+B37+B41+B45+B48+B51+B54+B59+B63 -> 36 | C64: =C14+C20+C26+C34+C37+C41+C45+C48+C51+C54+C59+C63 -> 12526 | D64: =MIN(D7:D48) -> 45659 | E64: =MAX(E7:E63) -> 46021 | F64: =F14+F20+F26+F34+F37+F41+F45+F48+F51+F54+F59+F63 -> 3258 | G64: =G14+G20+G26+G34+G37+G41+G45+G48+G51+G54+G59+G63 -> 0 | H64: =H14+H20+H26+H34+H37+H41+H45+H48+H51+H54+H59+H63 -> 3258 | I64: =I14+I20+I26+I34+I37+I41+I45+I48+I51+I54+I59+I63 -> 50 | J64: =J14+J20+J26+J34+J37+J41+J45+J48+J51+J54+J59+J63 -> 0 | K64: =K14+K20+K26+K34+K37+K41+K45+K48+K51+K54+K59+K63 -> 3308 | L64: =L14+L20+L26+L34+L37+L41+L45+L48+L51+L54+L59+L63 -> 18 | M64: =M14+M20+M26+M34+M37+M41+M45+M48+M51+M54+M59+M63 -> 0 | ... AJ64: =AJ14+AJ20+AJ26+AJ34+AJ37+AJ41+AJ45+AJ48+AJ51+AJ54+AJ59+AJ63 -> 1 | AK64: =P64+S64+V64+Y64+AB64+AE64+AH64 -> 3792 | AL64: =Q64+T64+W64+Z64+AC64+AF64+AI64 -> 8686 | AM64: =AK64+AL64 -> 12478 | AN64: =R64+U64+X64+AA64+AD64+AG64+AJ64 -> 981 | AO64: =O64/H64*100 -> 18.139963 | AP64: =AN64/H64*100 -> 30.110497 | AQ64: =AN64/AM64*100 -> 7.8618368 | AR64: =AK64/AM64*100 -> 30.389485 | AS64: =AL64/AM64*100 -> 69.610515 | AT64: =R64/AN64*100 -> 0.1019368 | AU64: =U64/AN64*100 -> 44.648318 | AV64: =X64/AN64*100 -> 15.698267 | AW64: =AA64/AN64*100 -> 11.416922 | AX64: =AD64/AN64*100 -> 18.246687 | AY64: =AG64/AN64*100 -> 9.7859327 | AZ64: =AJ64/AN64*100 -> 0.1019368
AF65: Enero | AG65: Febrero | AH65: Marzo | AI65: Abril | AJ65: Mayo | AK65: Junio | AL65: Julio | AM65: Agosto | AN65: Septiembre | AO65: Octubre | AP65: Noviembre | AQ65: Diciembre | AY65: =SUM(AY60:AY63) -> 10.512821

Sheet Monteagudo
A1: ENCUESTA DE LARVARIA DE AEDES AEGYPTI POR COMUNIDAD - BARRIOS DE MONTEAGUDO GESTION 2025
A3: Establecimiento | B3: Barrio / Comunidad | C3: Habitantaes protegidos | D3: FECHA | F3: PREDIOS | K3: TOTAL PREDIOS | L3: Manzanos | N3: VIVIENDAS | P3: Grupo A Depositos de Almacenamiento de Gran Volumen | V3: Grupo B Depositos de Transporte de Agua Moviles | Y3: Grupo C Depositos Fijos de Almacenamiento de Agua | AB3: Grupo D Depositos para Eliminacion | AH3: Grupo E Depositos Naturales | AK3: TOTAL | AO3: indicadores | AT3: INDICADORES DE ENTOMOLOGICOS - TIPO RECIPIENTE
D4: Inicio | E4: Final | F4: INSPECCIONADAS | H4: TOTAL | I4: Cerradas | J4: Renuentes | L4: EVALUADAS | M4: FOCO AEDES | N4: CON FOCO | O4: FOCO AEDES | P4: A1 | S4: A2 | V4: B | Y4: C | AB4: D1 | AE4: D2 | AH4: E | AK4: Total Recipinetes Secos | AL4: Total Recipinetes Agua | AM4: Total Recipinetes | AN4: Total Recipinetes Positivos (+) | AO4: Entomologico | AR4: Recipiente | AT4: Indice por tipo de recipiente A1 | AU4: Indice por tipo de recipiente A2 | AV4: Indice por tipo de recipiente B | AW4: Indice por tipo de recipiente C | AX4: Indice por tipo de recipiente D1 | AY4: Indice por tipo de recipiente D2 | AZ4: Indice por tipo de recipiente E
F5: Vivienda | G5: Otro | P5: S | Q5: A | R5: POSITIVOS (+) | S5: S | T5: A | U5: POSITIVOS (+) | V5: S | W5: A | X5: POSITIVOS (+) | Y5: S | Z5: A | AA5: POSITIVOS (+) | AB5: S | AC5: A | AD5: POSITIVOS (+) | AE5: S | AF5: A | AG5: POSITIVOS (+) | AH5: S | AI5: A | AJ5: POSITIVOS (+) | AO5: % Indice de Infestacion | AP5: % Indice Bretau | AQ5: % Indice Recipiente | AR5: % Recipientes Secos | AS5: % Recipientes con Agua
A6: Hosp. Monteagudo | B6: Monteagudo | C6: =SUM(C7:C12) -> 1077 | D6: =MIN(D7:D12) -> 45659 | E6: =MAX(E7:E12) -> 45687 | F6: =SUM(F7:F12) -> 300 | G6: =SUM(G7:G12) -> 0 | H6: =SUM(H7:H12) -> 300 | I6: =SUM(I7:I12) -> 0 | J6: =SUM(J7:J12) -> 0 | K6: =SUM(K7:K12) -> 300 | L6: =SUM(L7:L12) -> 0 | M6: =SUM(M7:M12) -> 0 | ... AJ6: =SUM(AJ7:AJ12) -> 0 | AK6: =P6+S6+V6+Y6+AB6+AE6+AH6 -> 14 | AL6: =Q6+T6+W6+Z6+AC6+AF6+AI6 -> 328 | AM6: =AK6+AL6 -> 342 | AN6: =R6+U6+X6+AA6+AD6+AG6+AJ6 -> 33 | AO6: =O6/H6*100 -> 9.3333333 | AP6: =AN6/H6*100 -> 11 | AQ6: =AN6/AM6*100 -> 9.6491228 | AR6: =AK6/AM6*100 -> 4.0935673 | AS6: =AL6/AM6*100 -> 95.906433 | AT6: =R6/AN6*100 -> 0 | AU6: =U6/AN6*100 -> 15.151515 | AV6: =X6/AN6*100 -> 45.454545 | AW6: =AA6/AN6*100 -> 3.030303 | AX6: =AD6/AN6*100 -> 30.30303 | AY6: =AG6/AN6*100 -> 6.0606061 | AZ6: =AJ6/AN6*100 -> 0
B7: Barrio Concepcion | C7: 73 | D7: 45659 | E7: 45659 | F7: 20 | G7: 0 | H7: =F7+G7 -> 20 | I7: 0 | J7: 0 | K7: =H7+I7+J7 -> 20 | L7: 0 | M7: 0 | N7: 0 | O7: 0 | P7: 0 | Q7: 0 | R7: 0 | S7: 0 | T7: 0 | U7: 0 | V7: 0 | W7: 0 | X7: 0 | Y7: 0 | Z7: 0 | AA7: 0 | AB7: 0 | AC7: 1 | AD7: 0 | AE7: 2 | AF7: 41 | AG7: 0 | AH7: 0 | AI7: 0 | AJ7: 0 | AK7: =P7+S7+V7+Y7+AB7+AE7+AH7 -> 2 | AL7: =Q7+T7+W7+Z7+AC7+AF7+AI7 -> 42 | AM7: =AK7+AL7 -> 44 | AN7: =R7+U7+X7+AA7+AD7+AG7+AJ7 -> 0 | AO7: =O7/H7*100 -> 0 | AP7: =AN7/H7*100 -> 0 | AQ7: =AN7/AM7*100 -> 0 | AR7: =AK7/AM7*100 -> 4.5454545 | AS7: =AL7/AM7*100 -> 95.454545 | AT7: =R7/AN7*100 -> #DIV/0! | AU7: =U7/AN7*100 -> #DIV/0! | AV7: =X7/AN7*100 -> #DIV/0! | AW7: =AA7/AN7*100 -> #DIV/0! | AX7: =AD7/AN7*100 -> #DIV/0! | AY7: =AG7/AN7*100 -> #DIV/0! | AZ7: =AJ7/AN7*100 -> #DIV/0!
B8: Barrio 1 de Mayo | C8: 166 | D8: 45666 | E8: 45666 | F8: 40 | G8: 0 | H8: =F8+G8 -> 40 | I8: 0 | J8: 0 | K8: =H8+I8+J8 -> 40 | L8: 0 | M8: 0 | N8: 0 | O8: 4 | P8: 0 | Q8: 0 | R8: 0 | S8: 0 | T8: 1 | U8: 1 | V8: 1 | W8: 10 | X8: 1 | Y8: 0 | Z8: 1 | AA8: 1 | AB8: 0 | AC8: 3 | AD8: 1 | AE8: 0 | AF8: 5 | AG8: 0 | AH8: 0 | AI8: 0 | AJ8: 0 | AK8: =P8+S8+V8+Y8+AB8+AE8+AH8 -> 1 | AL8: =Q8+T8+W8+Z8+AC8+AF8+AI8 -> 20 | AM8: =AK8+AL8 -> 21 | AN8: =R8+U8+X8+AA8+AD8+AG8+AJ8 -> 4 | AO8: =O8/H8*100 -> 10 | AP8: =AN8/H8*100 -> 10 | AQ8: =AN8/AM8*100 -> 19.047619 | AR8: =AK8/AM8*100 -> 4.7619048 | AS8: =AL8/AM8*100 -> 95.238095 | AT8: =R8/AN8*100 -> 0 | AU8: =U8/AN8*100 -> 25 | AV8: =X8/AN8*100 -> 25 | AW8: =AA8/AN8*100 -> 25 | AX8: =AD8/AN8*100 -> 25 | AY8: =AG8/AN8*100 -> 0 | AZ8: =AJ8/AN8*100 -> 0
B9: Barrio La Hoyada | C9: 71 | D9: 45671 | E9: 45671 | F9: 20 | G9: 0 | H9: =F9+G9 -> 20 | I9: 0 | J9: 0 | K9: =H9+I9+J9 -> 20 | L9: 0 | M9: 0 | N9: 0 | O9: 0 | P9: 0 | Q9: 0 | R9: 0 | S9: 0 | T9: 0 | U9: 0 | V9: 0 | W9: 6 | X9: 0 | Y9: 0 | Z9: 3 | AA9: 0 | AB9: 0 | AC9: 12 | AD9: 0 | AE9: 0 | AF9: 0 | AG9: 0 | AH9: 0 | AI9: 0 | AJ9: 0 | AK9: =P9+S9+V9+Y9+AB9+AE9+AH9 -> 0 | AL9: =Q9+T9+W9+Z9+AC9+AF9+AI9 -> 21 | AM9: =AK9+AL9 -> 21 | AN9: =R9+U9+X9+AA9+AD9+AG9+AJ9 -> 0 | AO9: =O9/H9*100 -> 0 | AP9: =AN9/H9*100 -> 0 | AQ9: =AN9/AM9*100 -> 0 | AR9: =AK9/AM9*100 -> 0 | AS9: =AL9/AM9*100 -> 100 | AT9: =R9/AN9*100 -> #DIV/0! | AU9: =U9/AN9*100 -> #DIV/0! | AV9: =X9/AN9*100 -> #DIV/0! | AW9: =AA9/AN9*100 -> #DIV/0! | AX9: =AD9/AN9*100 -> #DIV/0! | AY9: =AG9/AN9*100 -> #DIV/0! | AZ9: =AJ9/AN9*100 -> #DIV/0!
B10: Barrio Sinay | C10: 144 | D10: 45671 | E10: 45671 | F10: 40 | G10: 0 | H10: =F10+G10 -> 40 | I10: 0 | J10: 0 | K10: =H10+I10+J10 -> 40 | L10: 0 | M10: 0 | N10: 0 | O10: 9 | P10: 0 | Q10: 0 | R10: 0 | S10: 0 | T10: 1 | U10: 3 | V10: 1 | W10: 26 | X10: 5 | Y10: 0 | Z10: 0 | AA10: 0 | AB10: 2 | AC10: 12 | AD10: 2 | AE10: 0 | AF10: 6 | AG10: 1 | AH10: 0 | AI10: 0 | AJ10: 0 | AK10: =P10+S10+V10+Y10+AB10+AE10+AH10 -> 3 | AL10: =Q10+T10+W10+Z10+AC10+AF10+AI10 -> 45 | AM10: =AK10+AL10 -> 48 | AN10: =R10+U10+X10+AA10+AD10+AG10+AJ10 -> 11 | AO10: =O10/H10*100 -> 22.5 | AP10: =AN10/H10*100 -> 27.5 | AQ10: =AN10/AM10*100 -> 22.916667 | AR10: =AK10/AM10*100 -> 6.25 | AS10: =AL10/AM10*100 -> 93.75 | AT10: =R10/AN10*100 -> 0 | AU10: =U10/AN10*100 -> 27.272727 | AV10: =X10/AN10*100 -> 45.454545 | AW10: =AA10/AN10*100 -> 0 | AX10: =AD10/AN10*100 -> 18.181818 | AY10: =AG10/AN10*100 -> 9.0909091 | AZ10: =AJ10/AN10*100 -> 0
B11: Barrio El Paraiso | C11: 277 | D11: 45672 | E11: 45673 | F11: 80 | G11: 0 | H11: =F11+G11 -> 80 | I11: 0 | J11: 0 | K11: =H11+I11+J11 -> 80 | L11: 0 | M11: 0 | N11: 0 | O11: 8 | P11: 0 | Q11: 1 | R11: 0 | S11: 0 | T11: 3 | U11: 0 | V11: 3 | W11: 38 | X11: 8 | Y11: 0 | Z11: 5 | AA11: 0 | AB11: 0 | AC11: 16 | AD11: 2 | AE11: 0 | AF11: 3 | AG11: 1 | AH11: 0 | AI11: 0 | AJ11: 0 | AK11: =P11+S11+V11+Y11+AB11+AE11+AH11 -> 3 | AL11: =Q11+T11+W11+Z11+AC11+AF11+AI11 -> 66 | AM11: =AK11+AL11 -> 69 | AN11: =R11+U11+X11+AA11+AD11+AG11+AJ11 -> 11 | AO11: =O11/H11*100 -> 10 | AP11: =AN11/H11*100 -> 13.75 | AQ11: =AN11/AM11*100 -> 15.942029 | AR11: =AK11/AM11*100 -> 4.3478261 | AS11: =AL11/AM11*100 -> 95.652174 | AT11: =R11/AN11*100 -> 0 | AU11: =U11/AN11*100 -> 0 | AV11: =X11/AN11*100 -> 72.727273 | AW11: =AA11/AN11*100 -> 0 | AX11: =AD11/AN11*100 -> 18.181818 | AY11: =AG11/AN11*100 -> 9.0909091 | AZ11: =AJ11/AN11*100 -> 0
B12: Barrio La Tablada | C12: 346 | D12: 45684 | E12: 45687 | F12: 100 | G12: 0 | H12: =F12+G12 -> 100 | I12: 0 | J12: 0 | K12: =H12+I12+J12 -> 100 | L12: 0 | M12: 0 | N12: 0 | O12: 7 | P12: 0 | Q12: 0 | R12: 0 | S12: 0 | T12: 1 | U12: 1 | V12: 0 | W12: 7 | X12: 1 | Y12: 0 | Z12: 17 | AA12: 0 | AB12: 0 | AC12: 22 | AD12: 5 | AE12: 5 | AF12: 87 | AG12: 0 | AH12: 0 | AI12: 0 | AJ12: 0 | AK12: =P12+S12+V12+Y12+AB12+AE12+AH12 -> 5 | AL12: =Q12+T12+W12+Z12+AC12+AF12+AI12 -> 134 | AM12: =AK12+AL12 -> 139 | AN12: =R12+U12+X12+AA12+AD12+AG12+AJ12 -> 7 | AO12: =O12/H12*100 -> 7 | AP12: =AN12/H12*100 -> 7 | AQ12: =AN12/AM12*100 -> 5.0359712 | AR12: =AK12/AM12*100 -> 3.5971223 | AS12: =AL12/AM12*100 -> 96.402878 | AT12: =R12/AN12*100 -> 0 | AU12: =U12/AN12*100 -> 14.285714 | AV12: =X12/AN12*100 -> 14.285714 | AW12: =AA12/AN12*100 -> 0 | AX12: =AD12/AN12*100 -> 71.428571 | AY12: =AG12/AN12*100 -> 0 | AZ12: =AJ12/AN12*100 -> 0
A13: C.S. Candua | B13: Candua | C13: =SUM(C14:C17) -> 1161 | D13: =SUM(D14:D17) -> 182686 | E13: =MAX(E14:E17) -> 45684 | F13: =SUM(F14:F17) -> 319 | G13: =SUM(G14:G17) -> 1 | H13: =SUM(H14:H17) -> 320 | I13: =SUM(I14:I17) -> 0 | J13: =SUM(J14:J17) -> 0 | K13: =SUM(K14:K17) -> 320 | L13: =SUM(L14:L17) -> 0 | M13: =SUM(M14:M17) -> 0 | ... AJ13: =SUM(AJ14:AJ17) -> 0 | AK13: =P13+S13+V13+Y13+AB13+AE13+AH13 -> 23 | AL13: =Q13+T13+W13+Z13+AC13+AF13+AI13 -> 500 | AM13: =AK13+AL13 -> 523 | AN13: =R13+U13+X13+AA13+AD13+AG13+AJ13 -> 38 | AO13: =O13/H13*100 -> 6.5625 | AP13: =AN13/H13*100 -> 11.875 | AQ13: =AN13/AM13*100 -> 7.2657744 | AR13: =AK13/AM13*100 -> 4.3977055 | AS13: =AL13/AM13*100 -> 95.602294 | AT13: =R13/AN13*100 -> 0 | AU13: =U13/AN13*100 -> 0 | AV13: =X13/AN13*100 -> 0 | AW13: =AA13/AN13*100 -> 2.6315789 | AX13: =AD13/AN13*100 -> 89.473684 | AY13: =AG13/AN13*100 -> 7.8947368 | AZ13: =AJ13/AN13*100 -> 0
B14: Barrio Jose Barbero | C14: 506 | D14: 45660 | E14: 45670 | F14: 140 | G14: 0 | H14: =F14+G14 -> 140 | I14: 0 | J14: 0 | K14: =H14+I14+J14 -> 140 | L14: 0 | M14: 0 | N14: 0 | O14: 9 | P14: 0 | Q14: 0 | R14: 0 | S14: 0 | T14: 8 | U14: 0 | V14: 0 | W14: 0 | X14: 0 | Y14: 0 | Z14: 2 | AA14: 0 | AB14: 1 | AC14: 42 | AD14: 15 | AE14: 22 | AF14: 196 | AG14: 0 | AH14: 0 | AI14: 0 | AJ14: 0 | AK14: =P14+S14+V14+Y14+AB14+AE14+AH14 -> 23 | AL14: =Q14+T14+W14+Z14+AC14+AF14+AI14 -> 248 | AM14: =AK14+AL14 -> 271 | AN14: =R14+U14+X14+AA14+AD14+AG14+AJ14 -> 15 | AO14: =O14/H14*100 -> 6.4285714 | AP14: =AN14/H14*100 -> 10.714286 | AQ14: =AN14/AM14*100 -> 5.5350554 | AR14: =AK14/AM14*100 -> 8.4870849 | AS14: =AL14/AM14*100 -> 91.512915 | AT14: =R14/AN14*100 -> 0 | AU14: =U14/AN14*100 -> 0 | AV14: =X14/AN14*100 -> 0 | AW14: =AA14/AN14*100 -> 0 | AX14: =AD14/AN14*100 -> 100 | AY14: =AG14/AN14*100 -> 0 | AZ14: =AJ14/AN14*100 -> 0
B15: Barrio 21 de Septiembre | C15: 221 | D15: 45671 | E15: 45673 | F15: 60 | G15: 0 | H15: 60 | I15: 0 | J15: 0 | K15: =H15+I15+J15 -> 60 | L15: 0 | M15: 0 | N15: 0 | O15: 6 | P15: 0 | Q15: 0 | R15: 0 | S15: 0 | T15: 5 | U15: 0 | V15: 0 | W15: 0 | X15: 0 | Y15: 0 | Z15: 2 | AA15: 1 | AB15: 0 | AC15: 13 | AD15: 6 | AE15: 0 | AF15: 66 | AG15: 3 | AH15: 0 | AI15: 0 | AJ15: 0 | AK15: =P15+S15+V15+Y15+AB15+AE15+AH15 -> 0 | AL15: =Q15+T15+W15+Z15+AC15+AF15+AI15 -> 86 | AM15: =AK15+AL15 -> 86 | AN15: =R15+U15+X15+AA15+AD15+AG15+AJ15 -> 10 | AO15: =O15/H15*100 -> 10 | AP15: =AN15/H15*100 -> 16.666667 | AQ15: =AN15/AM15*100 -> 11.627907 | AR15: =AK15/AM15*100 -> 0 | AS15: =AL15/AM15*100 -> 100 | AT15: =R15/AN15*100 -> 0 | AU15: =U15/AN15*100 -> 0 | AV15: =X15/AN15*100 -> 0 | AW15: =AA15/AN15*100 -> 10 | AX15: =AD15/AN15*100 -> 60 | AY15: =AG15/AN15*100 -> 30 | AZ15: =AJ15/AN15*100 -> 0
B16: Barrio 24 de Mayo | C16: 297 | D16: 45674 | E16: 45680 | F16: 80 | G16: 0 | H16: =F16+G16 -> 80 | I16: 0 | J16: 0 | K16: =H16+I16+J16 -> 80 | L16: 0 | M16: 0 | N16: 0 | O16: 4 | P16: 0 | Q16: 0 | R16: 0 | S16: 0 | T16: 5 | U16: 0 | V16: 0 | W16: 0 | X16: 0 | Y16: 0 | Z16: 1 | AA16: 0 | AB16: 0 | AC16: 17 | AD16: 10 | AE16: 0 | AF16: 90 | AG16: 0 | AH16: 0 | AI16: 0 | AJ16: 0 | AK16: =P16+S16+V16+Y16+AB16+AE16+AH16 -> 0 | AL16: =Q16+T16+W16+Z16+AC16+AF16+AI16 -> 113 | AM16: =AK16+AL16 -> 113 | AN16: =R16+U16+X16+AA16+AD16+AG16+AJ16 -> 10 | AO16: =O16/H16*100 -> 5 | AP16: =AN16/H16*100 -> 12.5 | AQ16: =AN16/AM16*100 -> 8.8495575 | AR16: =AK16/AM16*100 -> 0 | AS16: =AL16/AM16*100 -> 100 | AT16: =R16/AN16*100 -> 0 | AU16: =U16/AN16*100 -> 0 | AV16: =X16/AN16*100 -> 0 | AW16: =AA16/AN16*100 -> 0 | AX16: =AD16/AN16*100 -> 100 | AY16: =AG16/AN16*100 -> 0 | AZ16: =AJ16/AN16*100 -> 0
B17: Barrio San Juan | C17: 137 | D17: 45681 | E17: 45684 | F17: 39 | G17: 1 | H17: =F17+G17 -> 40 | I17: 0 | J17: 0 | K17: =H17+I17+J17 -> 40 | L17: 0 | M17: 0 | N17: 0 | O17: 2 | P17: 0 | Q17: 0 | R17: 0 | S17: 0 | T17: 4 | U17: 0 | V17: 0 | W17: 0 | X17: 0 | Y17: 0 | Z17: 0 | AA17: 0 | AB17: 0 | AC17: 4 | AD17: 3 | AE17: 0 | AF17: 45 | AG17: 0 | AH17: 0 | AI17: 0 | AJ17: 0 | AK17: =P17+S17+V17+Y17+AB17+AE17+AH17 -> 0 | AL17: =Q17+T17+W17+Z17+AC17+AF17+AI17 -> 53 | AM17: =AK17+AL17 -> 53 | AN17: =R17+U17+X17+AA17+AD17+AG17+AJ17 -> 3 | AO17: =O17/H17*100 -> 5 | AP17: =AN17/H17*100 -> 7.5 | AQ17: =AN17/AM17*100 -> 5.6603774 | AR17: =AK17/AM17*100 -> 0 | AS17: =AL17/AM17*100 -> 100 | AT17: =R17/AN17*100 -> 0 | AU17: =U17/AN17*100 -> 0 | AV17: =X17/AN17*100 -> 0 | AW17: =AA17/AN17*100 -> 0 | AX17: =AD17/AN17*100 -> 100 | AY17: =AG17/AN17*100 -> 0 | AZ17: =AJ17/AN17*100 -> 0
A18: Total Enero | B18: 10 | C18: =C6+C13 -> 2238 | D18: =MIN(D7:D17) -> 45659 | E18: =MAX(E7:E17) -> 45687 | F18: =F6+F13 -> 619 | G18: =G6+G13 -> 1 | H18: =H6+H13 -> 620 | I18: =I6+I13 -> 0 | J18: =J6+J13 -> 0 | K18: =K6+K13 -> 620 | L18: =L6+L13 -> 0 | M18: =M6+M13 -> 0 | ... AJ18: =AJ6+AJ13 -> 0 | AK18: =P18+S18+V18+Y18+AB18+AE18+AH18 -> 37 | AL18: =Q18+T18+W18+Z18+AC18+AF18+AI18 -> 828 | AM18: =AK18+AL18 -> 865 | AN18: =R18+U18+X18+AA18+AD18+AG18+AJ18 -> 71 | AO18: =O18/H18*100 -> 7.9032258 | AP18: =AN18/H18*100 -> 11.451613 | AQ18: =AN18/AM18*100 -> 8.2080925 | AR18: =AK18/AM18*100 -> 4.2774566 | AS18: =AL18/AM18*100 -> 95.722543 | AT18: =R18/AN18*100 -> 0 | AU18: =U18/AN18*100 -> 7.0422535 | AV18: =X18/AN18*100 -> 21.126761 | AW18: =AA18/AN18*100 -> 2.8169014 | AX18: =AD18/AN18*100 -> 61.971831 | AY18: =AG18/AN18*100 -> 7.0422535 | AZ18: =AJ18/AN18*100 -> 0
A19: Hosp. Monteagudo | B19: Monteagudo | C19: =SUM(C20:C24) -> 662 | D19: =MIN(D20:D24) -> 45693 | E19: =MAX(E20:E24) -> 45701 | F19: =SUM(F20:F24) -> 173 | G19: =SUM(G20:G24) -> 0 | H19: =SUM(H20:H24) -> 173 | I19: =SUM(I20:I24) -> 6 | J19: =SUM(J20:J24) -> 0 | K19: =SUM(K20:K24) -> 179 | L19: =SUM(L20:L24) -> 0 | M19: =SUM(M20:M24) -> 0 | ... AJ19: =SUM(AJ20:AJ24) -> 0 | AK19: =P19+S19+V19+Y19+AB19+AE19+AH19 -> 80 | AL19: =Q19+T19+W19+Z19+AC19+AF19+AI19 -> 178 | AM19: =AK19+AL19 -> 258 | AN19: =R19+U19+X19+AA19+AD19+AG19+AJ19 -> 47 | AO19: =O19/H19*100 -> 17.919075 | AP19: =AN19/H19*100 -> 27.16763 | AQ19: =AN19/AM19*100 -> 18.217054 | AR19: =AK19/AM19*100 -> 31.007752 | AS19: =AL19/AM19*100 -> 68.992248 | AT19: =R19/AN19*100 -> 0 | AU19: =U19/AN19*100 -> 6.3829787 | AV19: =X19/AN19*100 -> 19.148936 | AW19: =AA19/AN19*100 -> 4.2553191 | AX19: =AD19/AN19*100 -> 63.829787 | AY19: =AG19/AN19*100 -> 6.3829787 | AZ19: =AJ19/AN19*100 -> 0
B20: Barrio Los Pinos | C20: 92 | D20: 04/02025 | E20: 45699 | F20: 24 | G20: 0 | H20: =F20+G20 -> 24 | I20: 0 | J20: 0 | K20: =H20+I20+J20 -> 24 | L20: 0 | M20: 0 | N20: 0 | O20: 8 | P20: 0 | Q20: 0 | R20: 0 | S20: 0 | T20: 3 | U20: 2 | V20: 0 | W20: 14 | X20: 3 | Y20: 0 | Z20: 2 | AA20: 0 | AB20: 3 | AC20: 18 | AD20: 14 | AE20: 0 | AF20: 12 | AG20: 1 | AH20: 0 | AI20: 0 | AJ20: 0 | AK20: =P20+S20+V20+Y20+AB20+AE20+AH20 -> 3 | AL20: =Q20+T20+W20+Z20+AC20+AF20+AI20 -> 49 | AM20: =AK20+AL20 -> 52 | AN20: =R20+U20+X20+AA20+AD20+AG20+AJ20 -> 20 | AO20: =O20/H20*100 -> 33.333333 | AP20: =AN20/H20*100 -> 83.333333 | AQ20: =AN20/AM20*100 -> 38.461538 | AR20: =AK20/AM20*100 -> 5.7692308 | AS20: =AL20/AM20*100 -> 94.230769 | AT20: =R20/AN20*100 -> 0 | AU20: =U20/AN20*100 -> 10 | AV20: =X20/AN20*100 -> 15 | AW20: =AA20/AN20*100 -> 0 | AX20: =AD20/AN20*100 -> 70 | AY20: =AG20/AN20*100 -> 5 | AZ20: =AJ20/AN20*100 -> 0
B21: Barrio Lagunillitas | C21: 172 | D21: 45693 | E21: 45699 | F21: 41 | G21: 0 | H21: =F21+G21 -> 41 | I21: 0 | J21: 0 | K21: =H21+I21+J21 -> 41 | L21: 0 | M21: 0 | N21: 0 | O21: 7 | P21: 0 | Q21: 0 | R21: 0 | S21: 0 | T21: 6 | U21: 0 | V21: 2 | W21: 9 | X21: 2 | Y21: 0 | Z21: 0 | AA21: 0 | AB21: 0 | AC21: 13 | AD21: 6 | AE21: 23 | AF21: 9 | AG21: 1 | AH21: 0 | AI21: 0 | AJ21: 0 | AK21: =P21+S21+V21+Y21+AB21+AE21+AH21 -> 25 | AL21: =Q21+T21+W21+Z21+AC21+AF21+AI21 -> 37 | AM21: =AK21+AL21 -> 62 | AN21: =R21+U21+X21+AA21+AD21+AG21+AJ21 -> 9 | AO21: =O21/H21*100 -> 17.073171 | AP21: =AN21/H21*100 -> 21.95122 | AQ21: =AN21/AM21*100 -> 14.516129 | AR21: =AK21/AM21*100 -> 40.322581 | AS21: =AL21/AM21*100 -> 59.677419 | AT21: =R21/AN21*100 -> 0 | AU21: =U21/AN21*100 -> 0 | AV21: =X21/AN21*100 -> 22.222222 | AW21: =AA21/AN21*100 -> 0 | AX21: =AD21/AN21*100 -> 66.666667 | AY21: =AG21/AN21*100 -> 11.111111 | AZ21: =AJ21/AN21*100 -> 0
B22: Barrio La Tablada | C22: 40 | D22: 45699 | E22: 45699 | F22: 10 | G22: 0 | H22: =F22+G22 -> 10 | I22: 0 | J22: 0 | K22: =H22+I22+J22 -> 10 | L22: 0 | M22: 0 | N22: 0 | O22: 1 | P22: 0 | Q22: 0 | R22: 0 | S22: 0 | T22: 0 | U22: 0 | V22: 3 | W22: 3 | X22: 0 | Y22: 0 | Z22: 1 | AA22: 1 | AB22: 0 | AC22: 0 | AD22: 0 | AE22: 0 | AF22: 0 | AG22: 0 | AH22: 0 | AI22: 0 | AJ22: 0 | AK22: =P22+S22+V22+Y22+AB22+AE22+AH22 -> 3 | AL22: =Q22+T22+W22+Z22+AC22+AF22+AI22 -> 4 | AM22: =AK22+AL22 -> 7 | AN22: =R22+U22+X22+AA22+AD22+AG22+AJ22 -> 1 | AO22: =O22/H22*100 -> 10 | AP22: =AN22/H22*100 -> 10 | AQ22: =AN22/AM22*100 -> 14.285714 | AR22: =AK22/AM22*100 -> 42.857143 | AS22: =AL22/AM22*100 -> 57.142857 | AT22: =R22/AN22*100 -> 0 | AU22: =U22/AN22*100 -> 0 | AV22: =X22/AN22*100 -> 0 | AW22: =AA22/AN22*100 -> 100 | AX22: =AD22/AN22*100 -> 0 | AY22: =AG22/AN22*100 -> 0 | AZ22: =AJ22/AN22*100 -> 0
B23: Barrio San Jose | C23: 80 | D23: 45701 | E23: 45701 | F23: 18 | G23: 0 | H23: =F23+G23 -> 18 | I23: 0 | J23: 0 | K23: =H23+I23+J23 -> 18 | L23: 0 | M23: 0 | N23: 0 | O23: 4 | P23: 0 | Q23: 0 | R23: 0 | S23: 0 | T23: 1 | U23: 0 | V23: 0 | W23: 4 | X23: 2 | Y23: 0 | Z23: 2 | AA23: 0 | AB23: 0 | AC23: 3 | AD23: 2 | AE23: 0 | AF23: 8 | AG23: 0 | AH23: 0 | AI23: 0 | AJ23: 0 | AK23: =P23+S23+V23+Y23+AB23+AE23+AH23 -> 0 | AL23: =Q23+T23+W23+Z23+AC23+AF23+AI23 -> 18 | AM23: =AK23+AL23 -> 18 | AN23: =R23+U23+X23+AA23+AD23+AG23+AJ23 -> 4 | AO23: =O23/H23*100 -> 22.222222 | AP23: =AN23/H23*100 -> 22.222222 | AQ23: =AN23/AM23*100 -> 22.222222 | AR23: =AK23/AM23*100 -> 0 | AS23: =AL23/AM23*100 -> 100 | AT23: =R23/AN23*100 -> 0 | AU23: =U23/AN23*100 -> 0 | AV23: =X23/AN23*100 -> 50 | AW23: =AA23/AN23*100 -> 0 | AX23: =AD23/AN23*100 -> 50 | AY23: =AG23/AN23*100 -> 0 | AZ23: =AJ23/AN23*100 -> 0
B24: Barrio Sinay | C24: 278 | D24: 45693 | E24: 45693 | F24: 80 | G24: 0 | H24: =F24+G24 -> 80 | I24: 6 | J24: 0 | K24: =H24+I24+J24 -> 86 | L24: 0 | M24: 0 | N24: 0 | O24: 11 | P24: 3 | Q24: 1 | R24: 0 | S24: 3 | T24: 2 | U24: 1 | V24: 9 | W24: 21 | X24: 2 | Y24: 1 | Z24: 3 | AA24: 1 | AB24: 3 | AC24: 30 | AD24: 8 | AE24: 30 | AF24: 13 | AG24: 1 | AH24: 0 | AI24: 0 | AJ24: 0 | AK24: =P24+S24+V24+Y24+AB24+AE24+AH24 -> 49 | AL24: =Q24+T24+W24+Z24+AC24+AF24+AI24 -> 70 | AM24: =AK24+AL24 -> 119 | AN24: =R24+U24+X24+AA24+AD24+AG24+AJ24 -> 13 | AO24: =O24/H24*100 -> 13.75 | AP24: =AN24/H24*100 -> 16.25 | AQ24: =AN24/AM24*100 -> 10.92437 | AR24: =AK24/AM24*100 -> 41.176471 | AS24: =AL24/AM24*100 -> 58.823529 | AT24: =R24/AN24*100 -> 0 | AU24: =U24/AN24*100 -> 7.6923077 | AV24: =X24/AN24*100 -> 15.384615 | AW24: =AA24/AN24*100 -> 7.6923077 | AX24: =AD24/AN24*100 -> 61.538462 | AY24: =AG24/AN24*100 -> 7.6923077 | AZ24: =AJ24/AN24*100 -> 0
A25: C.S. Candua | B25: Candua | C25: =SUM(C26:C28) -> 565 | D25: =MIN(D26:D28) -> 45694 | E25: =MAX(E26:E28) -> 45705 | F25: =SUM(F26:F28) -> 180 | G25: =SUM(G26:G28) -> 0 | H25: =SUM(H26:H28) -> 180 | I25: =SUM(I26:I28) -> 0 | J25: =SUM(J26:J28) -> 0 | K25: =SUM(K26:K28) -> 180 | L25: =SUM(L26:L28) -> 0 | M25: =SUM(M26:M28) -> 0 | ... AJ25: =SUM(AJ26:AJ28) -> 0 | AK25: =P25+S25+V25+Y25+AB25+AE25+AH25 -> 26 | AL25: =Q25+T25+W25+Z25+AC25+AF25+AI25 -> 183 | AM25: =AK25+AL25 -> 209 | AN25: =R25+U25+X25+AA25+AD25+AG25+AJ25 -> 36 | AO25: =O25/H25*100 -> 11.666667 | AP25: =AN25/H25*100 -> 20 | AQ25: =AN25/AM25*100 -> 17.22488 | AR25: =AK25/AM25*100 -> 12.440191 | AS25: =AL25/AM25*100 -> 87.559809 | AT25: =R25/AN25*100 -> 0 | AU25: =U25/AN25*100 -> 2.7777778 | AV25: =X25/AN25*100 -> 25 | AW25: =AA25/AN25*100 -> 5.5555556 | AX25: =AD25/AN25*100 -> 63.888889 | AY25: =AG25/AN25*100 -> 2.7777778 | AZ25: =AJ25/AN25*100 -> 0
B26: Barrio 21 de Septiembre | C26: 193 | D26: 45694 | E26: 45699 | F26: 60 | G26: 0 | H26: =F26+G26 -> 60 | I26: 0 | J26: 0 | K26: =H26+I26+J26 -> 60 | L26: 0 | M26: 0 | N26: 0 | O26: 4 | P26: 0 | Q26: 0 | R26: 0 | S26: 0 | T26: 0 | U26: 0 | V26: 0 | W26: 13 | X26: 2 | Y26: 0 | Z26: 17 | AA26: 2 | AB26: 0 | AC26: 23 | AD26: 1 | AE26: 0 | AF26: 0 | AG26: 0 | AH26: 0 | AI26: 0 | AJ26: 0 | AK26: =P26+S26+V26+Y26+AB26+AE26+AH26 -> 0 | AL26: =Q26+T26+W26+Z26+AC26+AF26+AI26 -> 53 | AM26: =AK26+AL26 -> 53 | AN26: =R26+U26+X26+AA26+AD26+AG26+AJ26 -> 5 | AO26: =O26/H26*100 -> 6.6666667 | AP26: =AN26/H26*100 -> 8.3333333 | AQ26: =AN26/AM26*100 -> 9.4339623 | AR26: =AK26/AM26*100 -> 0 | AS26: =AL26/AM26*100 -> 100 | AT26: =R26/AN26*100 -> 0 | AU26: =U26/AN26*100 -> 0 | AV26: =X26/AN26*100 -> 40 | AW26: =AA26/AN26*100 -> 40 | AX26: =AD26/AN26*100 -> 20 | AY26: =AG26/AN26*100 -> 0 | AZ26: =AJ26/AN26*100 -> 0
B27: Barrio 24 de Mayo | C27: 259 | D27: 45700 | E27: 45700 | F27: 80 | G27: 0 | H27: =F27+G27 -> 80 | I27: 0 | J27: 0 | K27: =H27+I27+J27 -> 80 | L27: 0 | M27: 0 | N27: 0 | O27: 17 | P27: 0 | Q27: 3 | R27: 0 | S27: 0 | T27: 0 | U27: 1 | V27: 9 | W27: 16 | X27: 7 | Y27: 0 | Z27: 4 | AA27: 0 | AB27: 2 | AC27: 48 | AD27: 22 | AE27: 15 | AF27: 24 | AG27: 1 | AH27: 0 | AI27: 0 | AJ27: 0 | AK27: =P27+S27+V27+Y27+AB27+AE27+AH27 -> 26 | AL27: =Q27+T27+W27+Z27+AC27+AF27+AI27 -> 95 | AM27: =AK27+AL27 -> 121 | AN27: =R27+U27+X27+AA27+AD27+AG27+AJ27 -> 31 | AO27: =O27/H27*100 -> 21.25 | AP27: =AN27/H27*100 -> 38.75 | AQ27: =AN27/AM27*100 -> 25.619835 | AR27: =AK27/AM27*100 -> 21.487603 | AS27: =AL27/AM27*100 -> 78.512397 | AT27: =R27/AN27*100 -> 0 | AU27: =U27/AN27*100 -> 3.2258065 | AV27: =X27/AN27*100 -> 22.580645 | AW27: =AA27/AN27*100 -> 0 | AX27: =AD27/AN27*100 -> 70.967742 | AY27: =AG27/AN27*100 -> 3.2258065 | AZ27: =AJ27/AN27*100 -> 0
B28: Barrio San Juan | C28: 113 | D28: 45701 | E28: 45705 | F28: 40 | G28: 0 | H28: =F28+G28 -> 40 | I28: 0 | J28: 0 | K28: =H28+I28+J28 -> 40 | L28: 0 | M28: 0 | N28: 0 | O28: 0 | P28: 0 | Q28: 0 | R28: 0 | S28: 0 | T28: 0 | U28: 0 | V28: 0 | W28: 19 | X28: 0 | Y28: 0 | Z28: 3 | AA28: 0 | AB28: 0 | AC28: 13 | AD28: 0 | AE28: 0 | AF28: 0 | AG28: 0 | AH28: 0 | AI28: 0 | AJ28: 0 | AK28: =P28+S28+V28+Y28+AB28+AE28+AH28 -> 0 | AL28: =Q28+T28+W28+Z28+AC28+AF28+AI28 -> 35 | AM28: =AK28+AL28 -> 35 | AN28: =R28+U28+X28+AA28+AD28+AG28+AJ28 -> 0 | AO28: =O28/H28*100 -> 0 | AP28: =AN28/H28*100 -> 0 | AQ28: =AN28/AM28*100 -> 0 | AR28: =AK28/AM28*100 -> 0 | AS28: =AL28/AM28*100 -> 100 | AT28: =R28/AN28*100 -> #DIV/0! | AU28: =U28/AN28*100 -> #DIV/0! | AV28: =X28/AN28*100 -> #DIV/0! | AW28: =AA28/AN28*100 -> #DIV/0! | AX28: =AD28/AN28*100 -> #DIV/0! | AY28: =AG28/AN28*100 -> #DIV/0! | AZ28: =AJ28/AN28*100 -> #DIV/0!
A29: Total Febrero | B29: 8 | C29: =C19+C25 -> 1227 | D29: =MIN(D20:D28) -> 45693 | E29: =MAX(E20:E28) -> 45705 | F29: =F19+F25 -> 353 | G29: =G19+G25 -> 0 | H29: =H19+H25 -> 353 | I29: =I19+I25 -> 6 | J29: =J19+J25 -> 0 | K29: =K19+K25 -> 359 | L29: =L19+L25 -> 0 | M29: =M19+M25 -> 0 | ... AJ29: =AJ19+AJ25 -> 0 | AK29: =P29+S29+V29+Y29+AB29+AE29+AH29 -> 106 | AL29: =Q29+T29+W29+Z29+AC29+AF29+AI29 -> 361 | AM29: =AK29+AL29 -> 467 | AN29: =R29+U29+X29+AA29+AD29+AG29+AJ29 -> 83 | AO29: =O29/H29*100 -> 14.730878 | AP29: =AN29/H29*100 -> 23.512748 | AQ29: =AN29/AM29*100 -> 17.773019 | AR29: =AK29/AM29*100 -> 22.698073 | AS29: =AL29/AM29*100 -> 77.301927 | AT29: =R29/AN29*100 -> 0 | AU29: =U29/AN29*100 -> 4.8192771 | AV29: =X29/AN29*100 -> 21.686747 | AW29: =AA29/AN29*100 -> 4.8192771 | AX29: =AD29/AN29*100 -> 63.855422 | AY29: =AG29/AN29*100 -> 4.8192771 | AZ29: =AJ29/AN29*100 -> 0
A30: Hosp. Monteagudo | B30: Monteagudo | C30: =SUM(C31:C38)-C34 -> 1572 | D30: =MAX(D31:D37) -> 45734 | E30: =MAX(E31:E37) -> 45747 | F30: =SUM(F31:F38)-F34 -> 405 | G30: =SUM(G31:G38)-G34 -> 0 | H30: =SUM(H31:H38)-H34 -> 405 | I30: =SUM(I31:I38)-I34 -> 0 | J30: =SUM(J31:J38)-J34 -> 0 | K30: =SUM(K31:K38)-K34 -> 405 | L30: =SUM(L31:L38)-L34 -> 0 | M30: =SUM(M31:M38)-M34 -> 0 | ... AJ30: =SUM(AJ31:AJ38)-AJ34 -> 0 | AK30: =P30+S30+V30+Y30+AB30+AE30+AH30 -> 82 | AL30: =Q30+T30+W30+Z30+AC30+AF30+AI30 -> 441 | AM30: =AK30+AL30 -> 523 | AN30: =R30+U30+X30+AA30+AD30+AG30+AJ30 -> 63 | AO30: =O30/H30*100 -> 10.37037 | AP30: =AN30/H30*100 -> 15.555556 | AQ30: =AN30/AM30*100 -> 12.045889 | AR30: =AK30/AM30*100 -> 15.678776 | AS30: =AL30/AM30*100 -> 84.321224 | AT30: =R30/AN30*100 -> 0 | AU30: =U30/AN30*100 -> 3.1746032 | AV30: =X30/AN30*100 -> 31.746032 | AW30: =AA30/AN30*100 -> 1.5873016 | AX30: =AD30/AN30*100 -> 39.68254 | AY30: =AG30/AN30*100 -> 23.809524 | AZ30: =AJ30/AN30*100 -> 0
B31: Barrio El Paraiso | C31: 68 | D31: 45717 | E31: 45721 | F31: 19 | G31: 0 | H31: =F31+G31 -> 19 | I31: 0 | J31: 0 | K31: =H31+I31+J31 -> 19 | L31: 0 | M31: 0 | N31: 19 | O31: 5 | P31: 0 | Q31: 0 | R31: 0 | S31: 0 | T31: 1 | U31: 1 | V31: 0 | W31: 6 | X31: 1 | Y31: 0 | Z31: 5 | AA31: 1 | AB31: 0 | AC31: 4 | AD31: 1 | AE31: 0 | AF31: 8 | AG31: 1 | AH31: 0 | AI31: 0 | AJ31: 0 | AK31: =P31+S31+V31+Y31+AB31+AE31+AH31 -> 0 | AL31: =Q31+T31+W31+Z31+AC31+AF31+AI31 -> 24 | AM31: =AK31+AL31 -> 24 | AN31: =R31+U31+X31+AA31+AD31+AG31+AJ31 -> 5 | AO31: =O31/H31*100 -> 26.315789 | AP31: =AN31/H31*100 -> 26.315789 | AQ31: =AN31/AM31*100 -> 20.833333 | AR31: =AK31/AM31*100 -> 0 | AS31: =AL31/AM31*100 -> 100 | AT31: =R31/AN31*100 -> 0 | AU31: =U31/AN31*100 -> 20 | AV31: =X31/AN31*100 -> 20 | AW31: =AA31/AN31*100 -> 20 | AX31: =AD31/AN31*100 -> 20 | AY31: =AG31/AN31*100 -> 20 | AZ31: =AJ31/AN31*100 -> 0
B32: Barrio La Tablada | C32: 505 | D32: 45717 | E32: 45745 | F32: 123 | G32: 0 | H32: =F32+G32 -> 123 | I32: 0 | J32: 0 | K32: =H32+I32+J32 -> 123 | L32: 0 | M32: 0 | N32: 123 | O32: 14 | P32: 0 | Q32: 0 | R32: 0 | S32: 0 | T32: 2 | U32: 0 | V32: 2 | W32: 53 | X32: 10 | Y32: 1 | Z32: 8 | AA32: 0 | AB32: 0 | AC32: 42 | AD32: 14 | AE32: 12 | AF32: 19 | AG32: 1 | AH32: 0 | AI32: 0 | AJ32: 0 | AK32: =P32+S32+V32+Y32+AB32+AE32+AH32 -> 15 | AL32: =Q32+T32+W32+Z32+AC32+AF32+AI32 -> 124 | AM32: =AK32+AL32 -> 139 | AN32: =R32+U32+X32+AA32+AD32+AG32+AJ32 -> 25 | AO32: =O32/H32*100 -> 11.382114 | AP32: =AN32/H32*100 -> 20.325203 | AQ32: =AN32/AM32*100 -> 17.985612 | AR32: =AK32/AM32*100 -> 10.791367 | AS32: =AL32/AM32*100 -> 89.208633 | AT32: =R32/AN32*100 -> 0 | AU32: =U32/AN32*100 -> 0 | AV32: =X32/AN32*100 -> 40 | AW32: =AA32/AN32*100 -> 0 | AX32: =AD32/AN32*100 -> 56 | AY32: =AG32/AN32*100 -> 4 | AZ32: =AJ32/AN32*100 -> 0
B33: Barrio San Jose | C33: 500 | D33: 45721 | E33: 45747 | F33: 119 | G33: 0 | H33: =F33+G33 -> 119 | I33: 0 | J33: 0 | K33: =H33+I33+J33 -> 119 | L33: 0 | M33: 0 | N33: 119 | O33: 12 | P33: 0 | Q33: 0 | R33: 0 | S33: 0 | T33: 4 | U33: 1 | V33: 3 | W33: 51 | X33: 4 | Y33: 2 | Z33: 13 | AA33: 0 | AB33: 5 | AC33: 41 | AD33: 4 | AE33: 35 | AF33: 47 | AG33: 13 | AH33: 0 | AI33: 0 | AJ33: 0 | AK33: =P33+S33+V33+Y33+AB33+AE33+AH33 -> 45 | AL33: =Q33+T33+W33+Z33+AC33+AF33+AI33 -> 156 | AM33: =AK33+AL33 -> 201 | AN33: =R33+U33+X33+AA33+AD33+AG33+AJ33 -> 22 | AO33: =O33/H33*100 -> 10.084034 | AP33: =AN33/H33*100 -> 18.487395 | AQ33: =AN33/AM33*100 -> 10.945274 | AR33: =AK33/AM33*100 -> 22.38806 | AS33: =AL33/AM33*100 -> 77.61194 | AT33: =R33/AN33*100 -> 0 | AU33: =U33/AN33*100 -> 4.5454545 | AV33: =X33/AN33*100 -> 18.181818 | AW33: =AA33/AN33*100 -> 0 | AX33: =AD33/AN33*100 -> 18.181818 | AY33: =AG33/AN33*100 -> 59.090909 | AZ33: =AJ33/AN33*100 -> 0
B34: Barrio Sinay | C34: 173 | D34: 45724 | E34: 45730 | F34: 44 | G34: 0 | H34: =F34+G34 -> 44 | I34: 0 | J34: 0 | K34: =H34+I34+J34 -> 44 | L34: 0 | M34: 0 | N34: 44 | O34: 9 | P34: 0 | Q34: 0 | R34: 0 | S34: 0 | T34: 1 | U34: 1 | V34: 0 | W34: 20 | X34: 7 | Y34: 0 | Z34: 0 | AA34: 0 | AB34: 0 | AC34: 19 | AD34: 7 | AE34: 0 | AF34: 14 | AG34: 2 | AH34: 0 | AI34: 0 | AJ34: 0 | AK34: =P34+S34+V34+Y34+AB34+AE34+AH34 -> 0 | AL34: =Q34+T34+W34+Z34+AC34+AF34+AI34 -> 54 | AM34: =AK34+AL34 -> 54 | AN34: =R34+U34+X34+AA34+AD34+AG34+AJ34 -> 17 | AO34: =O34/H34*100 -> 20.454545 | AP34: =AN34/H34*100 -> 38.636364 | AQ34: =AN34/AM34*100 -> 31.481481 | AR34: =AK34/AM34*100 -> 0 | AS34: =AL34/AM34*100 -> 100 | AT34: =R34/AN34*100 -> 0 | AU34: =U34/AN34*100 -> 5.8823529 | AV34: =X34/AN34*100 -> 41.176471 | AW34: =AA34/AN34*100 -> 0 | AX34: =AD34/AN34*100 -> 41.176471 | AY34: =AG34/AN34*100 -> 11.764706 | AZ34: =AJ34/AN34*100 -> 0
B35: Barrio Sinay | C35: 284 | D35: 45731 | E35: 45731 | F35: 90 | G35: 0 | H35: =F35+G35 -> 90 | I35: 0 | J35: 0 | K35: =H35+I35+J35 -> 90 | L35: 0 | M35: 0 | N35: 90 | O35: 8 | P35: 0 | Q35: 0 | R35: 0 | S35: 0 | T35: 0 | U35: 0 | V35: 14 | W35: 17 | X35: 4 | Y35: 3 | Z35: 12 | AA35: 0 | AB35: 0 | AC35: 32 | AD35: 4 | AE35: 0 | AF35: 3 | AG35: 0 | AH35: 0 | AI35: 0 | AJ35: 0 | AK35: =P35+S35+V35+Y35+AB35+AE35+AH35 -> 17 | AL35: =Q35+T35+W35+Z35+AC35+AF35+AI35 -> 64 | AM35: =AK35+AL35 -> 81 | AN35: =R35+U35+X35+AA35+AD35+AG35+AJ35 -> 8 | AO35: =O35/H35*100 -> 8.8888889 | AP35: =AN35/H35*100 -> 8.8888889 | AQ35: =AN35/AM35*100 -> 9.8765432 | AR35: =AK35/AM35*100 -> 20.987654 | AS35: =AL35/AM35*100 -> 79.012346 | AT35: =R35/AN35*100 -> 0 | AU35: =U35/AN35*100 -> 0 | AV35: =X35/AN35*100 -> 50 | AW35: =AA35/AN35*100 -> 0 | AX35: =AD35/AN35*100 -> 50 | AY35: =AG35/AN35*100 -> 0 | AZ35: =AJ35/AN35*100 -> 0
B36: Barrio Los Pinos | C36: 92 | D36: 45734 | E36: 45747 | F36: 24 | G36: 0 | H36: =F36+G36 -> 24 | I36: 0 | J36: 0 | K36: =H36+I36+J36 -> 24 | L36: 0 | M36: 0 | N36: 24 | O36: 0 | P36: 0 | Q36: 0 | R36: 0 | S36: 0 | T36: 0 | U36: 0 | V36: 4 | W36: 16 | X36: 0 | Y36: 1 | Z36: 3 | AA36: 0 | AB36: 0 | AC36: 21 | AD36: 0 | AE36: 0 | AF36: 0 | AG36: 0 | AH36: 0 | AI36: 0 | AJ36: 0 | AK36: =P36+S36+V36+Y36+AB36+AE36+AH36 -> 5 | AL36: =Q36+T36+W36+Z36+AC36+AF36+AI36 -> 40 | AM36: =AK36+AL36 -> 45 | AN36: =R36+U36+X36+AA36+AD36+AG36+AJ36 -> 0 | AO36: =O36/H36*100 -> 0 | AP36: =AN36/H36*100 -> 0 | AQ36: =AN36/AM36*100 -> 0 | AR36: =AK36/AM36*100 -> 11.111111 | AS36: =AL36/AM36*100 -> 88.888889 | AT36: =R36/AN36*100 -> #DIV/0! | AU36: =U36/AN36*100 -> #DIV/0! | AV36: =X36/AN36*100 -> #DIV/0! | AW36: =AA36/AN36*100 -> #DIV/0! | AX36: =AD36/AN36*100 -> #DIV/0! | AY36: =AG36/AN36*100 -> #DIV/0! | AZ36: =AJ36/AN36*100 -> #DIV/0!
B37: Barrio La Hoyada | C37: 37 | D37: 45729 | E37: 45729 | F37: 10 | G37: 0 | H37: =F37+G37 -> 10 | I37: 0 | J37: 0 | K37: =H37+I37+J37 -> 10 | L37: 0 | M37: 0 | N37: 10 | O37: 2 | P37: 0 | Q37: 0 | R37: 0 | S37: 0 | T37: 2 | U37: 0 | V37: 0 | W37: 2 | X37: 1 | Y37: 0 | Z37: 1 | AA37: 0 | AB37: 0 | AC37: 3 | AD37: 1 | AE37: 0 | AF37: 3 | AG37: 0 | AH37: 0 | AI37: 0 | AJ37: 0 | AK37: =P37+S37+V37+Y37+AB37+AE37+AH37 -> 0 | AL37: =Q37+T37+W37+Z37+AC37+AF37+AI37 -> 11 | AM37: =AK37+AL37 -> 11 | AN37: =R37+U37+X37+AA37+AD37+AG37+AJ37 -> 2 | AO37: =O37/H37*100 -> 20 | AP37: =AN37/H37*100 -> 20 | AQ37: =AN37/AM37*100 -> 18.181818 | AR37: =AK37/AM37*100 -> 0 | AS37: =AL37/AM37*100 -> 100 | AT37: =R37/AN37*100 -> 0 | AU37: =U37/AN37*100 -> 0 | AV37: =X37/AN37*100 -> 50 | AW37: =AA37/AN37*100 -> 0 | AX37: =AD37/AN37*100 -> 50 | AY37: =AG37/AN37*100 -> 0 | AZ37: =AJ37/AN37*100 -> 0
B38: Barrio Concepcion | C38: 86 | D38: 45734 | E38: 45744 | F38: 20 | G38: 0 | H38: =F38+G38 -> 20 | I38: 0 | J38: 0 | K38: =H38+I38+J38 -> 20 | L38: 0 | M38: 0 | N38: 20 | O38: 1 | P38: 0 | Q38: 0 | R38: 0 | S38: 0 | T38: 1 | U38: 0 | V38: 0 | W38: 0 | X38: 0 | Y38: 0 | Z38: 0 | AA38: 0 | AB38: 0 | AC38: 3 | AD38: 1 | AE38: 0 | AF38: 18 | AG38: 0 | AH38: 0 | AI38: 0 | AJ38: 0 | AK38: =P38+S38+V38+Y38+AB38+AE38+AH38 -> 0 | AL38: =Q38+T38+W38+Z38+AC38+AF38+AI38 -> 22 | AM38: =AK38+AL38 -> 22 | AN38: =R38+U38+X38+AA38+AD38+AG38+AJ38 -> 1 | AO38: =O38/H38*100 -> 5 | AP38: =AN38/H38*100 -> 5 | AQ38: =AN38/AM38*100 -> 4.5454545 | AR38: =AK38/AM38*100 -> 0 | AS38: =AL38/AM38*100 -> 100 | AT38: =R38/AN38*100 -> 0 | AU38: =U38/AN38*100 -> 0 | AV38: =X38/AN38*100 -> 0 | AW38: =AA38/AN38*100 -> 0 | AX38: =AD38/AN38*100 -> 100 | AY38: =AG38/AN38*100 -> 0 | AZ38: =AJ38/AN38*100 -> 0
A39: C.S. Candua | B39: Candua | C39: =SUM(C40:C44)-C41 -> 1084 | D39: =MIN(D40:D44) -> 45721 | E39: =MAX(E40:E44) -> 45747 | F39: =SUM(F40:F44)-F41 -> 287 | G39: =SUM(G40:G44)-G41 -> 0 | H39: =SUM(H40:H44)-H41 -> 287 | I39: =SUM(I40:I44)-I41 -> 0 | J39: =SUM(J40:J44)-J41 -> 0 | K39: =SUM(K40:K44)-K41 -> 287 | L39: =SUM(L40:L44)-L41 -> 0 | M39: =SUM(M40:M44)-M41 -> 0 | ... AJ39: =SUM(AJ40:AJ44)-AJ41 -> 0 | AK39: =P39+S39+V39+Y39+AB39+AE39+AH39 -> 40 | AL39: =Q39+T39+W39+Z39+AC39+AF39+AI39 -> 495 | AM39: =AK39+AL39 -> 535 | AN39: =R39+U39+X39+AA39+AD39+AG39+AJ39 -> 13 | AO39: =O39/H39*100 -> 3.8327526 | AP39: =AN39/H39*100 -> 4.5296167 | AQ39: =AN39/AM39*100 -> 2.4299065 | AR39: =AK39/AM39*100 -> 7.4766355 | AS39: =AL39/AM39*100 -> 92.523364 | AT39: =R39/AN39*100 -> 0 | AU39: =U39/AN39*100 -> 7.6923077 | AV39: =X39/AN39*100 -> 15.384615 | AW39: =AA39/AN39*100 -> 0 | AX39: =AD39/AN39*100 -> 46.153846 | AY39: =AG39/AN39*100 -> 30.769231 | AZ39: =AJ39/AN39*100 -> 0
B40: Barrio Jose Barbero | C40: 522 | D40: 45721 | E40: 45733 | F40: 140 | G40: 0 | H40: =F40+G40 -> 140 | I40: 0 | J40: 0 | K40: =H40+I40+J40 -> 140 | L40: 0 | M40: 0 | N40: 140 | O40: 5 | P40: 0 | Q40: 0 | R40: 0 | S40: 0 | T40: 9 | U40: 1 | V40: 0 | W40: 0 | X40: 0 | Y40: 0 | Z40: 5 | AA40: 0 | AB40: 1 | AC40: 4 | AD40: 3 | AE40: 21 | AF40: 202 | AG40: 2 | AH40: 0 | AI40: 0 | AJ40: 0 | AK40: =P40+S40+V40+Y40+AB40+AE40+AH40 -> 22 | AL40: =Q40+T40+W40+Z40+AC40+AF40+AI40 -> 220 | AM40: =AK40+AL40 -> 242 | AN40: =R40+U40+X40+AA40+AD40+AG40+AJ40 -> 6 | AO40: =O40/H40*100 -> 3.5714286 | AP40: =AN40/H40*100 -> 4.2857143 | AQ40: =AN40/AM40*100 -> 2.4793388 | AR40: =AK40/AM40*100 -> 9.0909091 | AS40: =AL40/AM40*100 -> 90.909091 | AT40: =R40/AN40*100 -> 0 | AU40: =U40/AN40*100 -> 16.666667 | AV40: =X40/AN40*100 -> 0 | AW40: =AA40/AN40*100 -> 0 | AX40: =AD40/AN40*100 -> 50 | AY40: =AG40/AN40*100 -> 33.333333 | AZ40: =AJ40/AN40*100 -> 0
B41: Barrio Jose Barbero | C41: 108 | D41: 45727 | E41: 45747 | F41: 50 | G41: 0 | H41: =F41+G41 -> 50 | I41: 0 | J41: 0 | K41: =H41+I41+J41 -> 50 | L41: 0 | M41: 0 | N41: 50 | O41: 5 | P41: 0 | Q41: 0 | R41: 0 | S41: 0 | T41: 1 | U41: 0 | V41: 1 | W41: 17 | X41: 3 | Y41: 0 | Z41: 0 | AA41: 0 | AB41: 0 | AC41: 11 | AD41: 1 | AE41: 4 | AF41: 12 | AG41: 3 | AH41: 0 | AI41: 0 | AJ41: 0 | AK41: =P41+S41+V41+Y41+AB41+AE41+AH41 -> 5 | AL41: =Q41+T41+W41+Z41+AC41+AF41+AI41 -> 41 | AM41: =AK41+AL41 -> 46 | AN41: =R41+U41+X41+AA41+AD41+AG41+AJ41 -> 7 | AO41: =O41/H41*100 -> 10 | AP41: =AN41/H41*100 -> 14 | AQ41: =AN41/AM41*100 -> 15.217391 | AR41: =AK41/AM41*100 -> 10.869565 | AS41: =AL41/AM41*100 -> 89.130435 | AT41: =R41/AN41*100 -> 0 | AU41: =U41/AN41*100 -> 0 | AV41: =X41/AN41*100 -> 42.857143 | AW41: =AA41/AN41*100 -> 0 | AX41: =AD41/AN41*100 -> 14.285714 | AY41: =AG41/AN41*100 -> 42.857143 | AZ41: =AJ41/AN41*100 -> 0
B42: Barrio 21 de Septiembre | C42: 224 | D42: 45735 | E42: 45737 | F42: 60 | G42: 0 | H42: =F42+G42 -> 60 | I42: 0 | J42: 0 | K42: =H42+I42+J42 -> 60 | L42: 0 | M42: 0 | N42: 60 | O42: 4 | P42: 0 | Q42: 0 | R42: 0 | S42: 0 | T42: 1 | U42: 0 | V42: 0 | W42: 0 | X42: 0 | Y42: 0 | Z42: 2 | AA42: 0 | AB42: 0 | AC42: 16 | AD42: 3 | AE42: 12 | AF42: 85 | AG42: 2 | AH42: 0 | AI42: 0 | AJ42: 0 | AK42: =P42+S42+V42+Y42+AB42+AE42+AH42 -> 12 | AL42: =Q42+T42+W42+Z42+AC42+AF42+AI42 -> 104 | AM42: =AK42+AL42 -> 116 | AN42: =R42+U42+X42+AA42+AD42+AG42+AJ42 -> 5 | AO42: =O42/H42*100 -> 6.6666667 | AP42: =AN42/H42*100 -> 8.3333333 | AQ42: =AN42/AM42*100 -> 4.3103448 | AR42: =AK42/AM42*100 -> 10.344828 | AS42: =AL42/AM42*100 -> 89.655172 | AT42: =R42/AN42*100 -> 0 | AU42: =U42/AN42*100 -> 0 | AV42: =X42/AN42*100 -> 0 | AW42: =AA42/AN42*100 -> 0 | AX42: =AD42/AN42*100 -> 60 | AY42: =AG42/AN42*100 -> 40 | AZ42: =AJ42/AN42*100 -> 0
B43: Barrio 21 de Septiembre | C43: 22 | D43: 45730 | E43: 45730 | F43: 7 | G43: 0 | H43: =F43+G43 -> 7 | I43: 0 | J43: 0 | K43: =H43+I43+J43 -> 7 | L43: 0 | M43: 0 | N43: 7 | O43: 2 | P43: 0 | Q43: 0 | R43: 0 | S43: 0 | T43: 1 | U43: 0 | V43: 0 | W43: 4 | X43: 2 | Y43: 0 | Z43: 0 | AA43: 0 | AB43: 0 | AC43: 6 | AD43: 0 | AE43: 0 | AF43: 8 | AG43: 0 | AH43: 0 | AI43: 0 | AJ43: 0 | AK43: =P43+S43+V43+Y43+AB43+AE43+AH43 -> 0 | AL43: =Q43+T43+W43+Z43+AC43+AF43+AI43 -> 19 | AM43: =AK43+AL43 -> 19 | AN43: =R43+U43+X43+AA43+AD43+AG43+AJ43 -> 2 | AO43: =O43/H43*100 -> 28.571429 | AP43: =AN43/H43*100 -> 28.571429 | AQ43: =AN43/AM43*100 -> 10.526316 | AR43: =AK43/AM43*100 -> 0 | AS43: =AL43/AM43*100 -> 100 | AT43: =R43/AN43*100 -> 0 | AU43: =U43/AN43*100 -> 0 | AV43: =X43/AN43*100 -> 100 | AW43: =AA43/AN43*100 -> 0 | AX43: =AD43/AN43*100 -> 0 | AY43: =AG43/AN43*100 -> 0 | AZ43: =AJ43/AN43*100 -> 0
B44: Barrio 24 de Mayo | C44: 316 | D44: 45740 | E44: 45744 | F44: 80 | G44: 0 | H44: =F44+G44 -> 80 | I44: 0 | J44: 0 | K44: =H44+I44+J44 -> 80 | L44: 0 | M44: 0 | N44: 80 | O44: 0 | P44: 0 | Q44: 0 | R44: 0 | S44: 0 | T44: 10 | U44: 0 | V44: 0 | W44: 0 | X44: 0 | Y44: 0 | Z44: 3 | AA44: 0 | AB44: 1 | AC44: 7 | AD44: 0 | AE44: 5 | AF44: 132 | AG44: 0 | AH44: 0 | AI44: 0 | AJ44: 0 | AK44: =P44+S44+V44+Y44+AB44+AE44+AH44 -> 6 | AL44: =Q44+T44+W44+Z44+AC44+AF44+AI44 -> 152 | AM44: =AK44+AL44 -> 158 | AN44: =R44+U44+X44+AA44+AD44+AG44+AJ44 -> 0 | AO44: =O44/H44*100 -> 0 | AP44: =AN44/H44*100 -> 0 | AQ44: =AN44/AM44*100 -> 0 | AR44: =AK44/AM44*100 -> 3.7974684 | AS44: =AL44/AM44*100 -> 96.202532 | AT44: =R44/AN44*100 -> #DIV/0! | AU44: =U44/AN44*100 -> #DIV/0! | AV44: =X44/AN44*100 -> #DIV/0! | AW44: =AA44/AN44*100 -> #DIV/0! | AX44: =AD44/AN44*100 -> #DIV/0! | AY44: =AG44/AN44*100 -> #DIV/0! | AZ44: =AJ44/AN44*100 -> #DIV/0!
A45: Hosp. Monteagudo | B45: Comunidad Pucahuasi | C45: 30 | D45: 45733 | E45: 45736 | F45: 12 | G45: 0 | H45: =F45+G45 -> 12 | I45: 0 | J45: 0 | K45: =H45+I45+J45 -> 12 | L45: 0 | M45: 0 | N45: 12 | O45: 1 | P45: 0 | Q45: 0 | R45: 0 | S45: 0 | T45: 3 | U45: 0 | V45: 0 | W45: 4 | X45: 0 | Y45: 0 | Z45: 0 | AA45: 0 | AB45: 0 | AC45: 7 | AD45: 1 | AE45: 0 | AF45: 8 | AG45: 0 | AH45: 0 | AI45: 0 | AJ45: 0 | AK45: =P45+S45+V45+Y45+AB45+AE45+AH45 -> 0 | AL45: =Q45+T45+W45+Z45+AC45+AF45+AI45 -> 22 | AM45: =AK45+AL45 -> 22 | AN45: =R45+U45+X45+AA45+AD45+AG45+AJ45 -> 1 | AO45: =O45/H45*100 -> 8.3333333 | AP45: =AN45/H45*100 -> 8.3333333 | AQ45: =AN45/AM45*100 -> 4.5454545 | AR45: =AK45/AM45*100 -> 0 | AS45: =AL45/AM45*100 -> 100 | AT45: =R45/AN45*100 -> 0 | AU45: =U45/AN45*100 -> 0 | AV45: =X45/AN45*100 -> 0 | AW45: =AA45/AN45*100 -> 0 | AX45: =AD45/AN45*100 -> 100 | AY45: =AG45/AN45*100 -> 0 | AZ45: =AJ45/AN45*100 -> 0
B46: Comunidad Pucahuasi | C46: 77 | D46: 45733 | E46: 45733 | F46: 33 | G46: 0 | H46: =F46+G46 -> 33 | I46: 0 | J46: 0 | K46: =H46+I46+J46 -> 33 | L46: 0 | M46: 0 | N46: 33 | O46: 2 | P46: 0 | Q46: 0 | R46: 0 | S46: 0 | T46: 3 | U46: 0 | V46: 0 | W46: 4 | X46: 4 | Y46: 0 | Z46: 0 | AA46: 0 | AB46: 0 | AC46: 7 | AD46: 1 | AE46: 0 | AF46: 8 | AG46: 0 | AH46: 0 | AI46: 0 | AJ46: 0 | AK46: =P46+S46+V46+Y46+AB46+AE46+AH46 -> 0 | AL46: =Q46+T46+W46+Z46+AC46+AF46+AI46 -> 22 | AM46: =AK46+AL46 -> 22 | AN46: =R46+U46+X46+AA46+AD46+AG46+AJ46 -> 5 | AO46: =O46/H46*100 -> 6.0606061 | AP46: =AN46/H46*100 -> 15.151515 | AQ46: =AN46/AM46*100 -> 22.727273 | AR46: =AK46/AM46*100 -> 0 | AS46: =AL46/AM46*100 -> 100 | AT46: =R46/AN46*100 -> 0 | AU46: =U46/AN46*100 -> 0 | AV46: =X46/AN46*100 -> 80 | AW46: =AA46/AN46*100 -> 0 | AX46: =AD46/AN46*100 -> 20 | AY46: =AG46/AN46*100 -> 0 | AZ46: =AJ46/AN46*100 -> 0
B47: Comunidad Cañadillas | C47: 21 | D47: 45727 | E47: 45727 | F47: 5 | G47: 0 | H47: =F47+G47 -> 5 | I47: 0 | J47: 0 | K47: =H47+I47+J47 -> 5 | L47: 0 | M47: 0 | N47: 5 | O47: 0 | P47: 0 | Q47: 0 | R47: 0 | S47: 0 | T47: 0 | U47: 0 | V47: 0 | W47: 7 | X47: 0 | Y47: 0 | Z47: 0 | AA47: 0 | AB47: 0 | AC47: 1 | AD47: 0 | AE47: 0 | AF47: 0 | AG47: 0 | AH47: 0 | AI47: 0 | AJ47: 0 | AK47: =P47+S47+V47+Y47+AB47+AE47+AH47 -> 0 | AL47: =Q47+T47+W47+Z47+AC47+AF47+AI47 -> 8 | AM47: =AK47+AL47 -> 8 | AN47: =R47+U47+X47+AA47+AD47+AG47+AJ47 -> 0 | AO47: =O47/H47*100 -> 0 | AP47: =AN47/H47*100 -> 0 | AQ47: =AN47/AM47*100 -> 0 | AR47: =AK47/AM47*100 -> 0 | AS47: =AL47/AM47*100 -> 100 | AT47: =R47/AN47*100 -> #DIV/0! | AU47: =U47/AN47*100 -> #DIV/0! | AV47: =X47/AN47*100 -> #DIV/0! | AW47: =AA47/AN47*100 -> #DIV/0! | AX47: =AD47/AN47*100 -> #DIV/0! | AY47: =AG47/AN47*100 -> #DIV/0! | AZ47: =AJ47/AN47*100 -> #DIV/0!
A48: Total Marzo | B48: =COUNTA(B31:B47)-1 -> 16 | C48: =C30+C39+C46+C47 -> 2754 | D48: =MIN(D31:D47) -> 45717 | E48: =MAX(E31:E47) -> 45747 | F48: =F30+F39+F46+F47 -> 730 | G48: =G30+G39+G46+G47 -> 0 | H48: =H30+H39+H46+H47 -> 730 | I48: =I30+I39+I46+I47 -> 0 | J48: =J30+J39+J46+J47 -> 0 | K48: =K30+K39+K46+K47 -> 730 | L48: =L30+L39+L46+L47 -> 0 | M48: =M30+M39+M46+M47 -> 0 | ... AJ48: =AJ30+AJ39+AJ46+AJ47 -> 0 | AK48: =P48+S48+V48+Y48+AB48+AE48+AH48 -> 122 | AL48: =Q48+T48+W48+Z48+AC48+AF48+AI48 -> 966 | AM48: =AK48+AL48 -> 1088 | AN48: =R48+U48+X48+AA48+AD48+AG48+AJ48 -> 81 | AO48: =O48/H48*100 -> 7.5342466 | AP48: =AN48/H48*100 -> 11.09589 | AQ48: =AN48/AM48*100 -> 7.4448529 | AR48: =AK48/AM48*100 -> 11.213235 | AS48: =AL48/AM48*100 -> 88.786765 | AT48: =R48/AN48*100 -> 0 | AU48: =U48/AN48*100 -> 3.7037037 | AV48: =X48/AN48*100 -> 32.098765 | AW48: =AA48/AN48*100 -> 1.2345679 | AX48: =AD48/AN48*100 -> 39.506173 | AY48: =AG48/AN48*100 -> 23.45679 | AZ48: =AJ48/AN48*100 -> 0
B49: Monteagudo | C49: =SUM(C50:C60)-C51-C53 -> 1809 | D49: =MIN(D50:D60) -> 45748 | E49: =MAX(E50:E60) -> 45777 | F49: =SUM(F50:F60)-F51-F53 -> 480 | G49: =SUM(G50:G60)-G51-G53 -> 0 | H49: =SUM(H50:H60)-H51-H53 -> 480 | I49: =SUM(I50:I60)-I51-I53 -> 0 | J49: =SUM(J50:J60)-J51-J53 -> 0 | K49: =SUM(K50:K60)-K51-K53 -> 480 | L49: =SUM(L50:L60)-L51-L53 -> 0 | M49: =SUM(M50:M60)-M51-M53 -> 0 | ... AJ49: =SUM(AJ50:AJ60)-AJ51-AJ53 -> 4 | AK49: =P49+S49+V49+Y49+AB49+AE49+AH49 -> 50 | AL49: =Q49+T49+W49+Z49+AC49+AF49+AI49 -> 467 | AM49: =AK49+AL49 -> 517 | AN49: =R49+U49+X49+AA49+AD49+AG49+AJ49 -> 51 | AO49: =O49/H49*100 -> 8.5416667 | AP49: =AN49/H49*100 -> 10.625 | AQ49: =AN49/AM49*100 -> 9.8646035 | AR49: =AK49/AM49*100 -> 9.6711799 | AS49: =AL49/AM49*100 -> 90.32882 | AT49: =R49/AN49*100 -> 0 | AU49: =U49/AN49*100 -> 13.72549 | AV49: =X49/AN49*100 -> 25.490196 | AW49: =AA49/AN49*100 -> 3.9215686 | AX49: =AD49/AN49*100 -> 43.137255 | AY49: =AG49/AN49*100 -> 5.8823529 | AZ49: =AJ49/AN49*100 -> 7.8431373
A50: Hosp. Monteagudo | B50: Barrio San Jose | C50: 527 | D50: 45754 | E50: 45777 | F50: 142 | G50: 0 | H50: =F50+G50 -> 142 | I50: 0 | J50: 0 | K50: =H50+I50+J50 -> 142 | L50: 0 | M50: 0 | N50: 142 | O50: 19 | P50: 0 | Q50: 0 | R50: 0 | S50: 0 | T50: 5 | U50: 4 | V50: 6 | W50: 33 | X50: 6 | Y50: 0 | Z50: 9 | AA50: 0 | AB50: 1 | AC50: 29 | AD50: 13 | AE50: 7 | AF50: 31 | AG50: 1 | AH50: 0 | AI50: 0 | AJ50: 2 | AK50: =P50+S50+V50+Y50+AB50+AE50+AH50 -> 14 | AL50: =Q50+T50+W50+Z50+AC50+AF50+AI50 -> 107 | AM50: =AK50+AL50 -> 121 | AN50: =R50+U50+X50+AA50+AD50+AG50+AJ50 -> 26 | AO50: =O50/H50*100 -> 13.380282 | AP50: =AN50/H50*100 -> 18.309859 | AQ50: =AN50/AM50*100 -> 21.487603 | AR50: =AK50/AM50*100 -> 11.570248 | AS50: =AL50/AM50*100 -> 88.429752 | AT50: =R50/AN50*100 -> 0 | AU50: =U50/AN50*100 -> 15.384615 | AV50: =X50/AN50*100 -> 23.076923 | AW50: =AA50/AN50*100 -> 0 | AX50: =AD50/AN50*100 -> 50 | AY50: =AG50/AN50*100 -> 3.8461538 | AZ50: =AJ50/AN50*100 -> 7.6923077
B51: Barrio La Tablada | C51: 257 | D51: 45754 | E51: 45768 | F51: 76 | G51: 0 | H51: =F51+G51 -> 76 | I51: 0 | J51: 0 | K51: =H51+I51+J51 -> 76 | L51: 0 | M51: 0 | N51: 76 | O51: 8 | P51: 0 | Q51: 0 | R51: 0 | S51: 0 | T51: 2 | U51: 3 | V51: 0 | W51: 35 | X51: 1 | Y51: 0 | Z51: 7 | AA51: 1 | AB51: 0 | AC51: 43 | AD51: 4 | AE51: 0 | AF51: 16 | AG51: 0 | AH51: 0 | AI51: 6 | AJ51: 1 | AK51: =P51+S51+V51+Y51+AB51+AE51+AH51 -> 0 | AL51: =Q51+T51+W51+Z51+AC51+AF51+AI51 -> 109 | AM51: =AK51+AL51 -> 109 | AN51: =R51+U51+X51+AA51+AD51+AG51+AJ51 -> 10 | AO51: =O51/H51*100 -> 10.526316 | AP51: =AN51/H51*100 -> 13.157895 | AQ51: =AN51/AM51*100 -> 9.1743119 | AR51: =AK51/AM51*100 -> 0 | AS51: =AL51/AM51*100 -> 100 | AT51: =R51/AN51*100 -> 0 | AU51: =U51/AN51*100 -> 30 | AV51: =X51/AN51*100 -> 10 | AW51: =AA51/AN51*100 -> 10 | AX51: =AD51/AN51*100 -> 40 | AY51: =AG51/AN51*100 -> 0 | AZ51: =AJ51/AN51*100 -> 10
B52: Barrio La Tablada | C52: 395 | D52: 45772 | E52: 45777 | F52: 100 | G52: 0 | H52: =F52+G52 -> 100 | I52: 0 | J52: 0 | K52: =H52+I52+J52 -> 100 | L52: 0 | M52: 0 | N52: 100 | O52: 5 | P52: 0 | Q52: 0 | R52: 0 | S52: 0 | T52: 4 | U52: 0 | V52: 1 | W52: 4 | X52: 1 | Y52: 0 | Z52: 16 | AA52: 0 | AB52: 2 | AC52: 12 | AD52: 4 | AE52: 29 | AF52: 60 | AG52: 1 | AH52: 0 | AI52: 0 | AJ52: 0 | AK52: =P52+S52+V52+Y52+AB52+AE52+AH52 -> 32 | AL52: =Q52+T52+W52+Z52+AC52+AF52+AI52 -> 96 | AM52: =AK52+AL52 -> 128 | AN52: =R52+U52+X52+AA52+AD52+AG52+AJ52 -> 6 | AO52: =O52/H52*100 -> 5 | AP52: =AN52/H52*100 -> 6 | AQ52: =AN52/AM52*100 -> 4.6875 | AR52: =AK52/AM52*100 -> 25 | AS52: =AL52/AM52*100 -> 75 | AT52: =R52/AN52*100 -> 0 | AU52: =U52/AN52*100 -> 0 | AV52: =X52/AN52*100 -> 16.666667 | AW52: =AA52/AN52*100 -> 0 | AX52: =AD52/AN52*100 -> 66.666667 | AY52: =AG52/AN52*100 -> 16.666667 | AZ52: =AJ52/AN52*100 -> 0
B53: Barrio Lagunillitas | C53: 1037 | D53: 45748 | E53: 45771 | F53: 240 | G53: 0 | H53: =F53+G53 -> 240 | I53: 0 | J53: 0 | K53: =H53+I53+J53 -> 240 | L53: 0 | M53: 0 | N53: 240 | O53: 17 | P53: 0 | Q53: 0 | R53: 0 | S53: 0 | T53: 12 | U53: 1 | V53: 0 | W53: 0 | X53: 0 | Y53: 0 | Z53: 7 | AA53: 0 | AB53: 0 | AC53: 31 | AD53: 15 | AE53: 0 | AF53: 314 | AG53: 6 | AH53: 0 | AI53: 0 | AJ53: 0 | AK53: =P53+S53+V53+Y53+AB53+AE53+AH53 -> 0 | AL53: =Q53+T53+W53+Z53+AC53+AF53+AI53 -> 364 | AM53: =AK53+AL53 -> 364 | AN53: =R53+U53+X53+AA53+AD53+AG53+AJ53 -> 22 | AO53: =O53/H53*100 -> 7.0833333 | AP53: =AN53/H53*100 -> 9.1666667 | AQ53: =AN53/AM53*100 -> 6.043956 | AR53: =AK53/AM53*100 -> 0 | AS53: =AL53/AM53*100 -> 100 | AT53: =R53/AN53*100 -> 0 | AU53: =U53/AN53*100 -> 4.5454545 | AV53: =X53/AN53*100 -> 0 | AW53: =AA53/AN53*100 -> 0 | AX53: =AD53/AN53*100 -> 68.181818 | AY53: =AG53/AN53*100 -> 27.272727 | AZ53: =AJ53/AN53*100 -> 0
B54: Barrio Lagunillitas | C54: 271 | D54: 45754 | E54: 45768 | F54: 74 | G54: 0 | H54: =F54+G54 -> 74 | I54: 0 | J54: 0 | K54: =H54+I54+J54 -> 74 | L54: 0 | M54: 0 | N54: 74 | O54: 4 | P54: 0 | Q54: 0 | R54: 0 | S54: 0 | T54: 1 | U54: 1 | V54: 4 | W54: 30 | X54: 2 | Y54: 0 | Z54: 5 | AA54: 0 | AB54: 0 | AC54: 44 | AD54: 0 | AE54: 0 | AF54: 8 | AG54: 0 | AH54: 0 | AI54: 5 | AJ54: 1 | AK54: =P54+S54+V54+Y54+AB54+AE54+AH54 -> 4 | AL54: =Q54+T54+W54+Z54+AC54+AF54+AI54 -> 93 | AM54: =AK54+AL54 -> 97 | AN54: =R54+U54+X54+AA54+AD54+AG54+AJ54 -> 4 | AO54: =O54/H54*100 -> 5.4054054 | AP54: =AN54/H54*100 -> 5.4054054 | AQ54: =AN54/AM54*100 -> 4.1237113 | AR54: =AK54/AM54*100 -> 4.1237113 | AS54: =AL54/AM54*100 -> 95.876289 | AT54: =R54/AN54*100 -> 0 | AU54: =U54/AN54*100 -> 25 | AV54: =X54/AN54*100 -> 50 | AW54: =AA54/AN54*100 -> 0 | AX54: =AD54/AN54*100 -> 0 | AY54: =AG54/AN54*100 -> 0 | AZ54: =AJ54/AN54*100 -> 25
B55: Barrio Central | C55: 77 | D55: 45754 | E55: 45770 | F55: 19 | G55: 0 | H55: =F55+G55 -> 19 | I55: 0 | J55: 0 | K55: =H55+I55+J55 -> 19 | L55: 0 | M55: 0 | N55: 19 | O55: 0 | P55: 0 | Q55: 0 | R55: 0 | S55: 0 | T55: 0 | U55: 0 | V55: 0 | W55: 4 | X55: 0 | Y55: 0 | Z55: 6 | AA55: 0 | AB55: 0 | AC55: 2 | AD55: 0 | AE55: 0 | AF55: 0 | AG55: 0 | AH55: 0 | AI55: 0 | AJ55: 0 | AK55: =P55+S55+V55+Y55+AB55+AE55+AH55 -> 0 | AL55: =Q55+T55+W55+Z55+AC55+AF55+AI55 -> 12 | AM55: =AK55+AL55 -> 12 | AN55: =R55+U55+X55+AA55+AD55+AG55+AJ55 -> 0 | AO55: =O55/H55*100 -> 0 | AP55: =AN55/H55*100 -> 0 | AQ55: =AN55/AM55*100 -> 0 | AR55: =AK55/AM55*100 -> 0 | AS55: =AL55/AM55*100 -> 100 | AT55: =R55/AN55*100 -> #DIV/0! | AU55: =U55/AN55*100 -> #DIV/0! | AV55: =X55/AN55*100 -> #DIV/0! | AW55: =AA55/AN55*100 -> #DIV/0! | AX55: =AD55/AN55*100 -> #DIV/0! | AY55: =AG55/AN55*100 -> #DIV/0! | AZ55: =AJ55/AN55*100 -> #DIV/0!
B56: Barrio El Paraiso | C56: 101 | D56: 45755 | E56: 45772 | F56: 29 | G56: 0 | H56: =F56+G56 -> 29 | I56: 0 | J56: 0 | K56: =H56+I56+J56 -> 29 | L56: 0 | M56: 0 | N56: 29 | O56: 2 | P56: 0 | Q56: 0 | R56: 0 | S56: 0 | T56: 1 | U56: 0 | V56: 0 | W56: 6 | X56: 0 | Y56: 0 | Z56: 0 | AA56: 1 | AB56: 0 | AC56: 11 | AD56: 1 | AE56: 0 | AF56: 3 | AG56: 0 | AH56: 0 | AI56: 0 | AJ56: 0 | AK56: =P56+S56+V56+Y56+AB56+AE56+AH56 -> 0 | AL56: =Q56+T56+W56+Z56+AC56+AF56+AI56 -> 21 | AM56: =AK56+AL56 -> 21 | AN56: =R56+U56+X56+AA56+AD56+AG56+AJ56 -> 2 | AO56: =O56/H56*100 -> 6.8965517 | AP56: =AN56/H56*100 -> 6.8965517 | AQ56: =AN56/AM56*100 -> 9.5238095 | AR56: =AK56/AM56*100 -> 0 | AS56: =AL56/AM56*100 -> 100 | AT56: =R56/AN56*100 -> 0 | AU56: =U56/AN56*100 -> 0 | AV56: =X56/AN56*100 -> 0 | AW56: =AA56/AN56*100 -> 50 | AX56: =AD56/AN56*100 -> 50 | AY56: =AG56/AN56*100 -> 0 | AZ56: =AJ56/AN56*100 -> 0
B57: Barrio Los Naranjos | C57: 57 | D57: 45757 | E57: 45757 | F57: 15 | G57: 0 | H57: =F57+G57 -> 15 | I57: 0 | J57: 0 | K57: =H57+I57+J57 -> 15 | L57: 0 | M57: 0 | N57: 15 | O57: 1 | P57: 0 | Q57: 0 | R57: 0 | S57: 0 | T57: 0 | U57: 0 | V57: 0 | W57: 1 | X57: 0 | Y57: 0 | Z57: 2 | AA57: 0 | AB57: 0 | AC57: 11 | AD57: 1 | AE57: 0 | AF57: 0 | AG57: 0 | AH57: 0 | AI57: 2 | AJ57: 0 | AK57: =P57+S57+V57+Y57+AB57+AE57+AH57 -> 0 | AL57: =Q57+T57+W57+Z57+AC57+AF57+AI57 -> 16 | AM57: =AK57+AL57 -> 16 | AN57: =R57+U57+X57+AA57+AD57+AG57+AJ57 -> 1 | AO57: =O57/H57*100 -> 6.6666667 | AP57: =AN57/H57*100 -> 6.6666667 | AQ57: =AN57/AM57*100 -> 6.25 | AR57: =AK57/AM57*100 -> 0 | AS57: =AL57/AM57*100 -> 100 | AT57: =R57/AN57*100 -> 0 | AU57: =U57/AN57*100 -> 0 | AV57: =X57/AN57*100 -> 0 | AW57: =AA57/AN57*100 -> 0 | AX57: =AD57/AN57*100 -> 100 | AY57: =AG57/AN57*100 -> 0 | AZ57: =AJ57/AN57*100 -> 0
B58: Barrio Los Pinos | C58: 283 | D58: 45760 | E58: 45771 | F58: 76 | G58: 0 | H58: =F58+G58 -> 76 | I58: 0 | J58: 0 | K58: =H58+I58+J58 -> 76 | L58: 0 | M58: 0 | N58: 76 | O58: 8 | P58: 0 | Q58: 1 | R58: 0 | S58: 0 | T58: 1 | U58: 2 | V58: 0 | W58: 22 | X58: 3 | Y58: 0 | Z58: 8 | AA58: 1 | AB58: 0 | AC58: 20 | AD58: 2 | AE58: 0 | AF58: 11 | AG58: 0 | AH58: 0 | AI58: 2 | AJ58: 1 | AK58: =P58+S58+V58+Y58+AB58+AE58+AH58 -> 0 | AL58: =Q58+T58+W58+Z58+AC58+AF58+AI58 -> 65 | AM58: =AK58+AL58 -> 65 | AN58: =R58+U58+X58+AA58+AD58+AG58+AJ58 -> 9 | AO58: =O58/H58*100 -> 10.526316 | AP58: =AN58/H58*100 -> 11.842105 | AQ58: =AN58/AM58*100 -> 13.846154 | AR58: =AK58/AM58*100 -> 0 | AS58: =AL58/AM58*100 -> 100 | AT58: =R58/AN58*100 -> 0 | AU58: =U58/AN58*100 -> 22.222222 | AV58: =X58/AN58*100 -> 33.333333 | AW58: =AA58/AN58*100 -> 11.111111 | AX58: =AD58/AN58*100 -> 22.222222 | AY58: =AG58/AN58*100 -> 0 | AZ58: =AJ58/AN58*100 -> 11.111111
B59: Barrio Sinay | C59: 40 | D59: 45761 | E59: 45761 | F59: 10 | G59: 0 | H59: =F59+G59 -> 10 | I59: 0 | J59: 0 | K59: =H59+I59+J59 -> 10 | L59: 0 | M59: 0 | N59: 10 | O59: 0 | P59: 0 | Q59: 0 | R59: 0 | S59: 0 | T59: 0 | U59: 0 | V59: 0 | W59: 8 | X59: 0 | Y59: 0 | Z59: 2 | AA59: 0 | AB59: 0 | AC59: 8 | AD59: 0 | AE59: 0 | AF59: 0 | AG59: 0 | AH59: 0 | AI59: 0 | AJ59: 0 | AK59: 0 | AL59: =Q59+T59+W59+Z59+AC59+AF59+AI59 -> 18 | AM59: =AK59+AL59 -> 18 | AN59: =R59+U59+X59+AA59+AD59+AG59+AJ59 -> 0 | AO59: =O59/H59*100 -> 0 | AP59: =AN59/H59*100 -> 0 | AQ59: =AN59/AM59*100 -> 0 | AR59: =AK59/AM59*100 -> 0 | AS59: =AL59/AM59*100 -> 100 | AT59: =R59/AN59*100 -> #DIV/0! | AU59: =U59/AN59*100 -> #DIV/0! | AV59: =X59/AN59*100 -> #DIV/0! | AW59: =AA59/AN59*100 -> #DIV/0! | AX59: =AD59/AN59*100 -> #DIV/0! | AY59: =AG59/AN59*100 -> #DIV/0! | AZ59: =AJ59/AN59*100 -> #DIV/0!
B60: Barrio La Hoyada | C60: 58 | D60: 45769 | E60: 45772 | F60: 15 | G60: 0 | H60: =F60+G60 -> 15 | I60: 0 | J60: 0 | K60: =H60+I60+J60 -> 15 | L60: 0 | M60: 0 | N60: 15 | O60: 2 | P60: 0 | Q60: 0 | R60: 0 | S60: 0 | T60: 1 | U60: 0 | V60: 0 | W60: 17 | X60: 1 | Y60: 0 | Z60: 2 | AA60: 0 | AB60: 0 | AC60: 12 | AD60: 1 | AE60: 0 | AF60: 7 | AG60: 1 | AH60: 0 | AI60: 0 | AJ60: 0 | AK60: 0 | AL60: =Q60+T60+W60+Z60+AC60+AF60+AI60 -> 39 | AM60: =AK60+AL60 -> 39 | AN60: =R60+U60+X60+AA60+AD60+AG60+AJ60 -> 3 | AO60: =O60/H60*100 -> 13.333333 | AP60: =AN60/H60*100 -> 20 | AQ60: =AN60/AM60*100 -> 7.6923077 | AR60: =AK60/AM60*100 -> 0 | AS60: =AL60/AM60*100 -> 100 | AT60: =R60/AN60*100 -> 0 | AU60: =U60/AN60*100 -> 0 | AV60: =X60/AN60*100 -> 33.333333 | AW60: =AA60/AN60*100 -> 0 | AX60: =AD60/AN60*100 -> 33.333333 | AY60: =AG60/AN60*100 -> 33.333333 | AZ60: =AJ60/AN60*100 -> 0
A61: C.S. Candua | B61: Candua | C61: =SUM(C62:C65) -> 333 | D61: =MIN(D62:D65) -> 45768 | E61: =MAX(E62:E65) -> 45776 | F61: =SUM(F62:F65) -> 84 | G61: =SUM(G62:G65) -> 0 | H61: =SUM(H62:H65) -> 84 | I61: =SUM(I62:I65) -> 0 | J61: =SUM(J62:J65) -> 0 | K61: =SUM(K62:K65) -> 84 | L61: =SUM(L62:L65) -> 0 | M61: =SUM(M62:M65) -> 0 | ... AJ61: =SUM(AJ62:AJ65) -> 3 | AK61: =P61+S61+V61+Y61+AB61+AE61+AH61 -> 21 | AL61: =Q61+T61+W61+Z61+AC61+AF61+AI61 -> 92 | AM61: =AK61+AL61 -> 113 | AN61: =R61+U61+X61+AA61+AD61+AG61+AJ61 -> 27 | AO61: =O61/H61*100 -> 25 | AP61: =AN61/H61*100 -> 32.142857 | AQ61: =AN61/AM61*100 -> 23.893805 | AR61: =AK61/AM61*100 -> 18.584071 | AS61: =AL61/AM61*100 -> 81.415929 | AT61: =R61/AN61*100 -> 0 | AU61: =U61/AN61*100 -> 22.222222 | AV61: =X61/AN61*100 -> 25.925926 | AW61: =AA61/AN61*100 -> 0 | AX61: =AD61/AN61*100 -> 37.037037 | AY61: =AG61/AN61*100 -> 3.7037037 | AZ61: =AJ61/AN61*100 -> 11.111111
B62: Barrio 21 de Septiembre | C62: 33 | D62: 45768 | E62: 45768 | F62: 9 | G62: 0 | H62: =F62+G62 -> 9 | I62: 0 | J62: 0 | K62: =H62+I62+J62 -> 9 | L62: 0 | M62: 0 | N62: 9 | O62: 3 | P62: 0 | Q62: 0 | R62: 0 | S62: 0 | T62: 0 | U62: 1 | V62: 1 | W62: 14 | X62: 1 | Y62: 2 | Z62: 2 | AA62: 0 | AB62: 0 | AC62: 12 | AD62: 1 | AE62: 15 | AF62: 5 | AG62: 0 | AH62: 0 | AI62: 0 | AJ62: 0 | AK62: =P62+S62+V62+Y62+AB62+AE62+AH62 -> 18 | AL62: =Q62+T62+W62+Z62+AC62+AF62+AI62 -> 33 | AM62: =AK62+AL62 -> 51 | AN62: =R62+U62+X62+AA62+AD62+AG62+AJ62 -> 3 | AO62: =O62/H62*100 -> 33.333333 | AP62: =AN62/H62*100 -> 33.333333 | AQ62: =AN62/AM62*100 -> 5.8823529 | AR62: =AK62/AM62*100 -> 35.294118 | AS62: =AL62/AM62*100 -> 64.705882 | AT62: =R62/AN62*100 -> 0 | AU62: =U62/AN62*100 -> 33.333333 | AV62: =X62/AN62*100 -> 33.333333 | AW62: =AA62/AN62*100 -> 0 | AX62: =AD62/AN62*100 -> 33.333333 | AY62: =AG62/AN62*100 -> 0 | AZ62: =AJ62/AN62*100 -> 0
B63: Barrio Jose Barbero | C63: 104 | D63: 45768 | E63: 45771 | F63: 25 | G63: 0 | H63: =F63+G63 -> 25 | I63: 0 | J63: 0 | K63: =H63+I63+J63 -> 25 | L63: 0 | M63: 0 | N63: 25 | O63: 4 | P63: 0 | Q63: 0 | R63: 0 | S63: 0 | T63: 3 | U63: 1 | V63: 0 | W63: 4 | X63: 1 | Y63: 0 | Z63: 0 | AA63: 0 | AB63: 0 | AC63: 5 | AD63: 1 | AE63: 0 | AF63: 4 | AG63: 0 | AH63: 0 | AI63: 0 | AJ63: 1 | AK63: =P63+S63+V63+Y63+AB63+AE63+AH63 -> 0 | AL63: =Q63+T63+W63+Z63+AC63+AF63+AI63 -> 16 | AM63: =AK63+AL63 -> 16 | AN63: =R63+U63+X63+AA63+AD63+AG63+AJ63 -> 4 | AO63: =O63/H63*100 -> 16 | AP63: =AN63/H63*100 -> 16 | AQ63: =AN63/AM63*100 -> 25 | AR63: =AK63/AM63*100 -> 0 | AS63: =AL63/AM63*100 -> 100 | AT63: =R63/AN63*100 -> 0 | AU63: =U63/AN63*100 -> 25 | AV63: =X63/AN63*100 -> 25 | AW63: =AA63/AN63*100 -> 0 | AX63: =AD63/AN63*100 -> 25 | AY63: =AG63/AN63*100 -> 0 | AZ63: =AJ63/AN63*100 -> 25
B64: Barrio 24 de Mayo | C64: 43 | D64: 45776 | E64: 45776 | F64: 10 | G64: 0 | H64: =F64+G64 -> 10 | I64: 0 | J64: 0 | K64: =H64+I64+J64 -> 10 | L64: 0 | M64: 0 | N64: 10 | O64: 3 | P64: 0 | Q64: 0 | R64: 0 | S64: 0 | T64: 3 | U64: 0 | V64: 0 | W64: 5 | X64: 3 | Y64: 0 | Z64: 0 | AA64: 0 | AB64: 0 | AC64: 6 | AD64: 1 | AE64: 0 | AF64: 5 | AG64: 0 | AH64: 0 | AI64: 0 | AJ64: 0 | AK64: =P64+S64+V64+Y64+AB64+AE64+AH64 -> 0 | AL64: =Q64+T64+W64+Z64+AC64+AF64+AI64 -> 19 | AM64: =AK64+AL64 -> 19 | AN64: =R64+U64+X64+AA64+AD64+AG64+AJ64 -> 4 | AO64: =O64/H64*100 -> 30 | AP64: =AN64/H64*100 -> 40 | AQ64: =AN64/AM64*100 -> 21.052632 | AR64: =AK64/AM64*100 -> 0 | AS64: =AL64/AM64*100 -> 100 | AT64: =R64/AN64*100 -> 0 | AU64: =U64/AN64*100 -> 0 | AV64: =X64/AN64*100 -> 75 | AW64: =AA64/AN64*100 -> 0 | AX64: =AD64/AN64*100 -> 25 | AY64: =AG64/AN64*100 -> 0 | AZ64: =AJ64/AN64*100 -> 0
B65: Barrio San Juan | C65: 153 | D65: 45772 | E65: 45772 | F65: 40 | G65: 0 | H65: =F65+G65 -> 40 | I65: 0 | J65: 0 | K65: =H65+I65+J65 -> 40 | L65: 0 | M65: 0 | N65: 40 | O65: 11 | P65: 0 | Q65: 0 | R65: 0 | S65: 0 | T65: 0 | U65: 4 | V65: 0 | W65: 9 | X65: 2 | Y65: 0 | Z65: 0 | AA65: 0 | AB65: 3 | AC65: 11 | AD65: 7 | AE65: 0 | AF65: 4 | AG65: 1 | AH65: 0 | AI65: 0 | AJ65: 2 | AK65: =P65+S65+V65+Y65+AB65+AE65+AH65 -> 3 | AL65: =Q65+T65+W65+Z65+AC65+AF65+AI65 -> 24 | AM65: =AK65+AL65 -> 27 | AN65: =R65+U65+X65+AA65+AD65+AG65+AJ65 -> 16 | AO65: =O65/H65*100 -> 27.5 | AP65: =AN65/H65*100 -> 40 | AQ65: =AN65/AM65*100 -> 59.259259 | AR65: =AK65/AM65*100 -> 11.111111 | AS65: =AL65/AM65*100 -> 88.888889 | AT65: =R65/AN65*100 -> 0 | AU65: =U65/AN65*100 -> 25 | AV65: =X65/AN65*100 -> 12.5 | AW65: =AA65/AN65*100 -> 0 | AX65: =AD65/AN65*100 -> 43.75 | AY65: =AG65/AN65*100 -> 6.25 | AZ65: =AJ65/AN65*100 -> 12.5
A66: C.S. Dermatologico | B66: Barrio 16 de Febrero | C66: 230 | D66: 45764 | E66: 45764 | F66: 71 | G66: 0 | H66: =F66+G66 -> 71 | I66: 5 | J66: 0 | K66: =H66+I66+J66 -> 76 | L66: 0 | M66: 0 | N66: 71 | O66: 8 | P66: 0 | Q66: 0 | R66: 0 | S66: 0 | T66: 0 | U66: 1 | V66: 1 | W66: 14 | X66: 3 | Y66: 2 | Z66: 2 | AA66: 2 | AB66: 0 | AC66: 12 | AD66: 5 | AE66: 15 | AF66: 5 | AG66: 0 | AH66: 0 | AI66: 0 | AJ66: 0 | AK66: =P66+S66+V66+Y66+AB66+AE66+AH66 -> 18 | AL66: =Q66+T66+W66+Z66+AC66+AF66+AI66 -> 33 | AM66: =AK66+AL66 -> 51 | AN66: =R66+U66+X66+AA66+AD66+AG66+AJ66 -> 11 | AO66: =O66/H66*100 -> 11.267606 | AP66: =AN66/H66*100 -> 15.492958 | AQ66: =AN66/AM66*100 -> 21.568627 | AR66: =AK66/AM66*100 -> 35.294118 | AS66: =AL66/AM66*100 -> 64.705882 | AT66: =R66/AN66*100 -> 0 | AU66: =U66/AN66*100 -> 9.0909091 | AV66: =X66/AN66*100 -> 27.272727 | AW66: =AA66/AN66*100 -> 18.181818 | AX66: =AD66/AN66*100 -> 45.454545 | AY66: =AG66/AN66*100 -> 0 | AZ66: =AJ66/AN66*100 -> 0
A67: Hosp. Monteagudo | B67: Comunidad Pucawasi | C67: 47 | D67: 45770 | E67: 45770 | F67: 16 | G67: 0 | H67: =F67+G67 -> 16 | I67: 0 | J67: 0 | K67: =H67+I67+J67 -> 16 | L67: 0 | M67: 0 | N67: 16 | O67: 1 | P67: 0 | Q67: 0 | R67: 0 | S67: 0 | T67: 0 | U67: 0 | V67: 2 | W67: 3 | X67: 0 | Y67: 0 | Z67: 0 | AA67: 0 | AB67: 0 | AC67: 3 | AD67: 1 | AE67: 0 | AF67: 0 | AG67: 0 | AH67: 0 | AI67: 0 | AJ67: 0 | AK67: =P67+S67+V67+Y67+AB67+AE67+AH67 -> 2 | AL67: =Q67+T67+W67+Z67+AC67+AF67+AI67 -> 6 | AM67: =AK67+AL67 -> 8 | AN67: =R67+U67+X67+AA67+AD67+AG67+AJ67 -> 1 | AO67: =O67/H67*100 -> 6.25 | AP67: =AN67/H67*100 -> 6.25 | AQ67: =AN67/AM67*100 -> 12.5 | AR67: =AK67/AM67*100 -> 25 | AS67: =AL67/AM67*100 -> 75 | AT67: =R67/AN67*100 -> 0 | AU67: =U67/AN67*100 -> 0 | AV67: =X67/AN67*100 -> 0 | AW67: =AA67/AN67*100 -> 0 | AX67: =AD67/AN67*100 -> 100 | AY67: =AG67/AN67*100 -> 0 | AZ67: =AJ67/AN67*100 -> 0
B68: Comunidad Divisadero | C68: 9 | D68: 45761 | E68: 45761 | F68: 5 | G68: 0 | H68: =F68+G68 -> 5 | I68: 0 | J68: 0 | K68: =H68+I68+J68 -> 5 | L68: 0 | M68: 0 | N68: 5 | O68: 0 | P68: 0 | Q68: 0 | R68: 0 | S68: 0 | T68: 0 | U68: 0 | V68: 0 | W68: 2 | X68: 0 | Y68: 0 | Z68: 0 | AA68: 0 | AB68: 0 | AC68: 3 | AD68: 0 | AE68: 0 | AF68: 0 | AG68: 0 | AH68: 0 | AI68: 0 | AJ68: 0 | AK68: =P68+S68+V68+Y68+AB68+AE68+AH68 -> 0 | AL68: =Q68+T68+W68+Z68+AC68+AF68+AI68 -> 5 | AM68: =AK68+AL68 -> 5 | AN68: =R68+U68+X68+AA68+AD68+AG68+AJ68 -> 0 | AO68: =O68/H68*100 -> 0 | AP68: =AN68/H68*100 -> 0 | AQ68: =AN68/AM68*100 -> 0 | AR68: =AK68/AM68*100 -> 0 | AS68: =AL68/AM68*100 -> 100 | AT68: =R68/AN68*100 -> #DIV/0! | AU68: =U68/AN68*100 -> #DIV/0! | AV68: =X68/AN68*100 -> #DIV/0! | AW68: =AA68/AN68*100 -> #DIV/0! | AX68: =AD68/AN68*100 -> #DIV/0! | AY68: =AG68/AN68*100 -> #DIV/0! | AZ68: =AJ68/AN68*100 -> #DIV/0!
B69: Comunidad Zapallar | C69: 82 | D69: 45762 | E69: 45775 | F69: 24 | G69: 0 | H69: =F69+G69 -> 24 | I69: 0 | J69: 0 | K69: =H69+I69+J69 -> 24 | L69: 0 | M69: 0 | N69: 24 | O69: 8 | P69: 0 | Q69: 0 | R69: 0 | S69: 1 | T69: 3 | U69: =1+1 -> 2 | V69: 0 | W69: 12 | X69: =1+1 -> 2 | Y69: 0 | Z69: 0 | AA69: 0 | AB69: 1 | AC69: 13 | AD69: =1+2+1+1 -> 5 | AE69: 0 | AF69: 19 | AG69: 0 | AH69: 0 | AI69: 0 | AJ69: 0 | AK69: =P69+S69+V69+Y69+AB69+AE69+AH69 -> 2 | AL69: =Q69+T69+W69+Z69+AC69+AF69+AI69 -> 47 | AM69: =AK69+AL69 -> 49 | AN69: =R69+U69+X69+AA69+AD69+AG69+AJ69 -> 9 | AO69: =O69/H69*100 -> 33.333333 | AP69: =AN69/H69*100 -> 37.5 | AQ69: =AN69/AM69*100 -> 18.367347 | AR69: =AK69/AM69*100 -> 4.0816327 | AS69: =AL69/AM69*100 -> 95.918367 | AT69: =R69/AN69*100 -> 0 | AU69: =U69/AN69*100 -> 22.222222 | AV69: =X69/AN69*100 -> 22.222222 | AW69: =AA69/AN69*100 -> 0 | AX69: =AD69/AN69*100 -> 55.555556 | AY69: =AG69/AN69*100 -> 0 | AZ69: =AJ69/AN69*100 -> 0
A70: Total Abril | B70: =COUNTA(B50:B69)-1 -> 19 | C70: =SUM(C66:C69)+C49+C61 -> 2510 | D70: =MIN(D50:D69) -> 45748 | E70: =MAX(E50:E69) -> 45777 | F70: =SUM(F66:F69)+F49+F61 -> 680 | G70: =SUM(G66:G69)+G49+G61 -> 0 | H70: =SUM(H66:H69)+H49+H61 -> 680 | I70: =SUM(I66:I69)+I49+I61 -> 5 | J70: =SUM(J66:J69)+J49+J61 -> 0 | K70: =SUM(K66:K69)+K49+K61 -> 685 | L70: =SUM(L66:L69)+L49+L61 -> 0 | M70: =SUM(M66:M69)+M49+M61 -> 0 | ... AJ70: =SUM(AJ66:AJ69)+AJ49+AJ61 -> 7 | AK70: =P70+S70+V70+Y70+AB70+AE70+AH70 -> 93 | AL70: =Q70+T70+W70+Z70+AC70+AF70+AI70 -> 650 | AM70: =AK70+AL70 -> 743 | AN70: =R70+U70+X70+AA70+AD70+AG70+AJ70 -> 99 | AO70: =O70/H70*100 -> 11.617647 | AP70: =AN70/H70*100 -> 14.558824 | AQ70: =AN70/AM70*100 -> 13.324361 | AR70: =AK70/AM70*100 -> 12.516824 | AS70: =AL70/AM70*100 -> 87.483176 | AT70: =R70/AN70*100 -> 0 | AU70: =U70/AN70*100 -> 16.161616 | AV70: =X70/AN70*100 -> 25.252525 | AW70: =AA70/AN70*100 -> 4.040404 | AX70: =AD70/AN70*100 -> 43.434343 | AY70: =AG70/AN70*100 -> 4.040404 | AZ70: =AJ70/AN70*100 -> 7.0707071
A71: Hosp. Monteagudo | B71: Monteagudo | C71: =SUM(C72:C73) -> 440 | D71: =MIN(D72:D73) -> 45779 | E71: =MAX(E72:E73) -> 45786 | F71: =SUM(F72:F73) -> 120 | G71: =SUM(G72:G73) -> 0 | H71: =SUM(H72:H73) -> 120 | I71: =SUM(I72:I73) -> 0 | J71: =SUM(J72:J73) -> 0 | K71: =SUM(K72:K73) -> 120 | L71: =SUM(L72:L73) -> 0 | M71: =SUM(M72:M73) -> 0 | ... AJ71: =SUM(AJ72:AJ73) -> 0 | AK71: =P71+S71+V71+Y71+AB71+AE71+AH71 -> 0 | AL71: =Q71+T71+W71+Z71+AC71+AF71+AI71 -> 141 | AM71: =AK71+AL71 -> 141 | AN71: =R71+U71+X71+AA71+AD71+AG71+AJ71 -> 8 | AO71: =O71/H71*100 -> 6.6666667 | AP71: =AN71/H71*100 -> 6.6666667 | AQ71: =AN71/AM71*100 -> 5.6737589 | AR71: =AK71/AM71*100 -> 0 | AS71: =AL71/AM71*100 -> 100 | AT71: =R71/AN71*100 -> 0 | AU71: =U71/AN71*100 -> 0 | AV71: =X71/AN71*100 -> 0 | AW71: =AA71/AN71*100 -> 0 | AX71: =AD71/AN71*100 -> 100 | AY71: =AG71/AN71*100 -> 0 | AZ71: =AJ71/AN71*100 -> 0
B72: Barrio Sinay | C72: 133 | D72: 45779 | E72: 45782 | F72: 40 | G72: 0 | H72: =F72+G72 -> 40 | I72: 0 | J72: 0 | K72: =H72+I72+J72 -> 40 | L72: 0 | M72: 0 | N72: 40 | O72: 3 | P72: 0 | Q72: 0 | R72: 0 | S72: 0 | T72: 5 | U72: 0 | V72: 0 | W72: 0 | X72: 0 | Y72: 0 | Z72: 1 | AA72: 0 | AB72: 0 | AC72: 7 | AD72: 3 | AE72: 0 | AF72: 32 | AG72: 0 | AH72: 0 | AI72: 0 | AJ72: 0 | AK72: =P72+S72+V72+Y72+AB72+AE72+AH72 -> 0 | AL72: =Q72+T72+W72+Z72+AC72+AF72+AI72 -> 45 | AM72: =AK72+AL72 -> 45 | AN72: =R72+U72+X72+AA72+AD72+AG72+AJ72 -> 3 | AO72: =O72/H72*100 -> 7.5 | AP72: =AN72/H72*100 -> 7.5 | AQ72: =AN72/AM72*100 -> 6.6666667 | AR72: =AK72/AM72*100 -> 0 | AS72: =AL72/AM72*100 -> 100 | AT72: =R72/AN72*100 -> 0 | AU72: =U72/AN72*100 -> 0 | AV72: =X72/AN72*100 -> 0 | AW72: =AA72/AN72*100 -> 0 | AX72: =AD72/AN72*100 -> 100 | AY72: =AG72/AN72*100 -> 0 | AZ72: =AJ72/AN72*100 -> 0
B73: Barrio El Paraiso | C73: 307 | D73: 45783 | E73: 45786 | F73: 80 | G73: 0 | H73: =F73+G73 -> 80 | I73: 0 | J73: 0 | K73: =H73+I73+J73 -> 80 | L73: 0 | M73: 0 | N73: 80 | O73: 5 | P73: 0 | Q73: 0 | R73: 0 | S73: 0 | T73: 5 | U73: 0 | V73: 0 | W73: 0 | X73: 0 | Y73: 0 | Z73: 6 | AA73: 0 | AB73: 0 | AC73: 9 | AD73: 5 | AE73: 0 | AF73: 76 | AG73: 0 | AH73: 0 | AI73: 0 | AJ73: 0 | AK73: =P73+S73+V73+Y73+AB73+AE73+AH73 -> 0 | AL73: =Q73+T73+W73+Z73+AC73+AF73+AI73 -> 96 | AM73: =AK73+AL73 -> 96 | AN73: =R73+U73+X73+AA73+AD73+AG73+AJ73 -> 5 | AO73: =O73/H73*100 -> 6.25 | AP73: =AN73/H73*100 -> 6.25 | AQ73: =AN73/AM73*100 -> 5.2083333 | AR73: =AK73/AM73*100 -> 0 | AS73: =AL73/AM73*100 -> 100 | AT73: =R73/AN73*100 -> 0 | AU73: =U73/AN73*100 -> 0 | AV73: =X73/AN73*100 -> 0 | AW73: =AA73/AN73*100 -> 0 | AX73: =AD73/AN73*100 -> 100 | AY73: =AG73/AN73*100 -> 0 | AZ73: =AJ73/AN73*100 -> 0
A74: Total Mayo | B74: =COUNTA(B72:B73) -> 2 | C74: =C71 -> 440 | D74: =MIN(D72:D73) -> 45779 | E74: =MAX(E72:E73) -> 45786 | F74: =F71 -> 120 | G74: =G71 -> 0 | H74: =H71 -> 120 | I74: =I71 -> 0 | J74: =J71 -> 0 | K74: =K71 -> 120 | L74: =L71 -> 0 | M74: =M71 -> 0 | ... AJ74: =AJ71 -> 0 | AK74: =P74+S74+V74+Y74+AB74+AE74+AH74 -> 0 | AL74: =Q74+T74+W74+Z74+AC74+AF74+AI74 -> 141 | AM74: =AK74+AL74 -> 141 | AN74: =R74+U74+X74+AA74+AD74+AG74+AJ74 -> 8 | AO74: =O74/H74*100 -> 6.6666667 | AP74: =AN74/H74*100 -> 6.6666667 | AQ74: =AN74/AM74*100 -> 5.6737589 | AR74: =AK74/AM74*100 -> 0 | AS74: =AL74/AM74*100 -> 100 | AT74: =R74/AN74*100 -> 0 | AU74: =U74/AN74*100 -> 0 | AV74: =X74/AN74*100 -> 0 | AW74: =AA74/AN74*100 -> 0 | AX74: =AD74/AN74*100 -> 100 | AY74: =AG74/AN74*100 -> 0 | AZ74: =AJ74/AN74*100 -> 0
A75: Hosp. Monteagudo | B75: Monteagudo | C75: =SUM(C76:C88) -> 2143 | D75: =MIN(D76:D88) -> 45811 | E75: =MAX(E76:E88) -> 45835 | F75: =SUM(F76:F88) -> 687 | G75: =SUM(G76:G88) -> 0 | H75: =SUM(H76:H88) -> 687 | I75: =SUM(I76:I88) -> 0 | J75: =SUM(J76:J88) -> 0 | K75: =SUM(K76:K88) -> 687 | L75: =SUM(L76:L88) -> 0 | M75: =SUM(M76:M88) -> 0 | ... AJ75: =SUM(AJ76:AJ88) -> 0 | AK75: =P75+S75+V75+Y75+AB75+AE75+AH75 -> 27 | AL75: =Q75+T75+W75+Z75+AC75+AF75+AI75 -> 655 | AM75: =AK75+AL75 -> 682 | AN75: =R75+U75+X75+AA75+AD75+AG75+AJ75 -> 17 | AO75: =O75/H75*100 -> 2.3289665 | AP75: =AN75/H75*100 -> 2.4745269 | AQ75: =AN75/AM75*100 -> 2.4926686 | AR75: =AK75/AM75*100 -> 3.9589443 | AS75: =AL75/AM75*100 -> 96.041056 | AT75: =R75/AN75*100 -> 0 | AU75: =U75/AN75*100 -> 11.764706 | AV75: =X75/AN75*100 -> 11.764706 | AW75: =AA75/AN75*100 -> 0 | AX75: =AD75/AN75*100 -> 76.470588 | AY75: =AG75/AN75*100 -> 0 | AZ75: =AJ75/AN75*100 -> 0
B76: Barrio 1º de Mayo | C76: 128 | D76: 45811 | E76: 03/062025 | F76: 40 | G76: 0 | H76: =F76+G76 -> 40 | I76: 0 | J76: 0 | K76: =H76+I76+J76 -> 40 | L76: 0 | M76: 0 | N76: 0 | O76: 3 | P76: 0 | Q76: 0 | R76: 0 | S76: 0 | T76: 2 | U76: 1 | V76: 0 | W76: 5 | X76: 1 | Y76: 0 | Z76: 8 | AA76: 0 | AB76: 0 | AC76: 10 | AD76: 1 | AE76: 0 | AF76: 5 | AG76: 0 | AH76: 0 | AI76: 0 | AJ76: 0 | AK76: =P76+S76+V76+Y76+AB76+AE76+AH76 -> 0 | AL76: =Q76+T76+W76+Z76+AC76+AF76+AI76 -> 30 | AM76: =AK76+AL76 -> 30 | AN76: =R76+U76+X76+AA76+AD76+AG76+AJ76 -> 3 | AO76: =O76/H76*100 -> 7.5 | AP76: =AN76/H76*100 -> 7.5 | AQ76: =AN76/AM76*100 -> 10 | AR76: =AK76/AM76*100 -> 0 | AS76: =AL76/AM76*100 -> 100 | AT76: =R76/AN76*100 -> 0 | AU76: =U76/AN76*100 -> 33.333333 | AV76: =X76/AN76*100 -> 33.333333 | AW76: =AA76/AN76*100 -> 0 | AX76: =AD76/AN76*100 -> 33.333333 | AY76: =AG76/AN76*100 -> 0 | AZ76: =AJ76/AN76*100 -> 0
B77: Barrio Sinay | C77: 132 | D77: 45818 | E77: 45818 | F77: 40 | G77: 0 | H77: =F77+G77 -> 40 | I77: 0 | J77: 0 | K77: =H77+I77+J77 -> 40 | L77: 0 | M77: 0 | N77: 0 | O77: 1 | P77: 0 | Q77: 0 | R77: 0 | S77: 0 | T77: 1 | U77: 0 | V77: 0 | W77: 16 | X77: 0 | Y77: 0 | Z77: 1 | AA77: 0 | AB77: 0 | AC77: 10 | AD77: 1 | AE77: 0 | AF77: 3 | AG77: 0 | AH77: 0 | AI77: 0 | AJ77: 0 | AK77: =P77+S77+V77+Y77+AB77+AE77+AH77 -> 0 | AL77: =Q77+T77+W77+Z77+AC77+AF77+AI77 -> 31 | AM77: =AK77+AL77 -> 31 | AN77: =R77+U77+X77+AA77+AD77+AG77+AJ77 -> 1 | AO77: =O77/H77*100 -> 2.5 | AP77: =AN77/H77*100 -> 2.5 | AQ77: =AN77/AM77*100 -> 3.2258065 | AR77: =AK77/AM77*100 -> 0 | AS77: =AL77/AM77*100 -> 100 | AT77: =R77/AN77*100 -> 0 | AU77: =U77/AN77*100 -> 0 | AV77: =X77/AN77*100 -> 0 | AW77: =AA77/AN77*100 -> 0 | AX77: =AD77/AN77*100 -> 100 | AY77: =AG77/AN77*100 -> 0 | AZ77: =AJ77/AN77*100 -> 0
B78: Barrio Lagunillitas | C78: 934 | D78: 45818 | E78: 45834 | F78: 240 | G78: 0 | H78: =F78+G78 -> 240 | I78: 0 | J78: 0 | K78: =H78+I78+J78 -> 240 | L78: 0 | M78: 0 | N78: 0 | O78: 8 | P78: 0 | Q78: 0 | R78: 0 | S78: 0 | T78: 7 | U78: 1 | V78: 0 | W78: 0 | X78: 0 | Y78: 0 | Z78: 4 | AA78: 0 | AB78: 12 | AC78: 25 | AD78: 8 | AE78: 12 | AF78: 259 | AG78: 0 | AH78: 0 | AI78: 0 | AJ78: 0 | AK78: =P78+S78+V78+Y78+AB78+AE78+AH78 -> 24 | AL78: =Q78+T78+W78+Z78+AC78+AF78+AI78 -> 295 | AM78: =AK78+AL78 -> 319 | AN78: =R78+U78+X78+AA78+AD78+AG78+AJ78 -> 9 | AO78: =O78/H78*100 -> 3.3333333 | AP78: =AN78/H78*100 -> 3.75 | AQ78: =AN78/AM78*100 -> 2.8213166 | AR78: =AK78/AM78*100 -> 7.523511 | AS78: =AL78/AM78*100 -> 92.476489 | AT78: =R78/AN78*100 -> 0 | AU78: =U78/AN78*100 -> 11.111111 | AV78: =X78/AN78*100 -> 0 | AW78: =AA78/AN78*100 -> 0 | AX78: =AD78/AN78*100 -> 88.888889 | AY78: =AG78/AN78*100 -> 0 | AZ78: =AJ78/AN78*100 -> 0
B79: Barrio La Tablada | C79: 352 | D79: 45819 | E79: 45820 | F79: 100 | G79: 0 | H79: =F79+G79 -> 100 | I79: 0 | J79: 0 | K79: =H79+I79+J79 -> 100 | L79: 0 | M79: 0 | N79: 0 | O79: 2 | P79: 0 | Q79: 0 | R79: 0 | S79: 0 | T79: 5 | U79: 0 | V79: 0 | W79: 19 | X79: 1 | Y79: 0 | Z79: 7 | AA79: 0 | AB79: 0 | AC79: 31 | AD79: 1 | AE79: 0 | AF79: 21 | AG79: 0 | AH79: 0 | AI79: 0 | AJ79: 0 | AK79: =P79+S79+V79+Y79+AB79+AE79+AH79 -> 0 | AL79: =Q79+T79+W79+Z79+AC79+AF79+AI79 -> 83 | AM79: =AK79+AL79 -> 83 | AN79: =R79+U79+X79+AA79+AD79+AG79+AJ79 -> 2 | AO79: =O79/H79*100 -> 2 | AP79: =AN79/H79*100 -> 2 | AQ79: =AN79/AM79*100 -> 2.4096386 | AR79: =AK79/AM79*100 -> 0 | AS79: =AL79/AM79*100 -> 100 | AT79: =R79/AN79*100 -> 0 | AU79: =U79/AN79*100 -> 0 | AV79: =X79/AN79*100 -> 50 | AW79: =AA79/AN79*100 -> 0 | AX79: =AD79/AN79*100 -> 50 | AY79: =AG79/AN79*100 -> 0 | AZ79: =AJ79/AN79*100 -> 0
B80: Barrio Los Naranjos | C80: 134 | D80: 45820 | E80: 45821 | F80: 40 | G80: 0 | H80: =F80+G80 -> 40 | I80: 0 | J80: 0 | K80: =H80+I80+J80 -> 40 | L80: 0 | M80: 0 | N80: 0 | O80: 1 | P80: 0 | Q80: 0 | R80: 0 | S80: 0 | T80: 0 | U80: 0 | V80: 0 | W80: 15 | X80: 0 | Y80: 0 | Z80: 9 | AA80: 0 | AB80: 0 | AC80: 21 | AD80: 1 | AE80: 0 | AF80: 0 | AG80: 0 | AH80: 0 | AI80: 0 | AJ80: 0 | AK80: =P80+S80+V80+Y80+AB80+AE80+AH80 -> 0 | AL80: =Q80+T80+W80+Z80+AC80+AF80+AI80 -> 45 | AM80: =AK80+AL80 -> 45 | AN80: =R80+U80+X80+AA80+AD80+AG80+AJ80 -> 1 | AO80: =O80/H80*100 -> 2.5 | AP80: =AN80/H80*100 -> 2.5 | AQ80: =AN80/AM80*100 -> 2.2222222 | AR80: =AK80/AM80*100 -> 0 | AS80: =AL80/AM80*100 -> 100 | AT80: =R80/AN80*100 -> 0 | AU80: =U80/AN80*100 -> 0 | AV80: =X80/AN80*100 -> 0 | AW80: =AA80/AN80*100 -> 0 | AX80: =AD80/AN80*100 -> 100 | AY80: =AG80/AN80*100 -> 0 | AZ80: =AJ80/AN80*100 -> 0
B81: Barrio El Paraiso | C81: 80 | D81: 45824 | E81: 45824 | F81: 80 | G81: 0 | H81: =F81+G81 -> 80 | I81: 0 | J81: 0 | K81: =H81+I81+J81 -> 80 | L81: 0 | M81: 0 | N81: 0 | O81: 0 | P81: 0 | Q81: 0 | R81: 0 | S81: 0 | T81: 3 | U81: 0 | V81: 0 | W81: 23 | X81: 0 | Y81: 0 | Z81: 3 | AA81: 0 | AB81: 0 | AC81: 24 | AD81: 0 | AE81: 0 | AF81: 8 | AG81: 0 | AH81: 0 | AI81: 2 | AJ81: 0 | AK81: =P81+S81+V81+Y81+AB81+AE81+AH81 -> 0 | AL81: =Q81+T81+W81+Z81+AC81+AF81+AI81 -> 63 | AM81: =AK81+AL81 -> 63 | AN81: =R81+U81+X81+AA81+AD81+AG81+AJ81 -> 0 | AO81: =O81/H81*100 -> 0 | AP81: =AN81/H81*100 -> 0 | AQ81: =AN81/AM81*100 -> 0 | AR81: =AK81/AM81*100 -> 0 | AS81: =AL81/AM81*100 -> 100 | AT81: =R81/AN81*100 -> #DIV/0! | AU81: =U81/AN81*100 -> #DIV/0! | AV81: =X81/AN81*100 -> #DIV/0! | AW81: =AA81/AN81*100 -> #DIV/0! | AX81: =AD81/AN81*100 -> #DIV/0! | AY81: =AG81/AN81*100 -> #DIV/0! | AZ81: =AJ81/AN81*100 -> #DIV/0!
B82: Barrio La Hoyada | C82: 59 | D82: 45832 | E82: 45832 | F82: 20 | G82: 0 | H82: =F82+G82 -> 20 | I82: 0 | J82: 0 | K82: =H82+I82+J82 -> 20 | L82: 0 | M82: 0 | N82: 0 | O82: 0 | P82: 0 | Q82: 0 | R82: 0 | S82: 0 | T82: 0 | U82: 0 | V82: 0 | W82: 4 | X82: 0 | Y82: 0 | Z82: 0 | AA82: 0 | AB82: 0 | AC82: 4 | AD82: 0 | AE82: 0 | AF82: 0 | AG82: 0 | AH82: 0 | AI82: 0 | AJ82: 0 | AK82: =P82+S82+V82+Y82+AB82+AE82+AH82 -> 0 | AL82: =Q82+T82+W82+Z82+AC82+AF82+AI82 -> 8 | AM82: =AK82+AL82 -> 8 | AN82: =R82+U82+X82+AA82+AD82+AG82+AJ82 -> 0 | AO82: =O82/H82*100 -> 0 | AP82: =AN82/H82*100 -> 0 | AQ82: =AN82/AM82*100 -> 0 | AR82: =AK82/AM82*100 -> 0 | AS82: =AL82/AM82*100 -> 100 | AT82: =R82/AN82*100 -> #DIV/0! | AU82: =U82/AN82*100 -> #DIV/0! | AV82: =X82/AN82*100 -> #DIV/0! | AW82: =AA82/AN82*100 -> #DIV/0! | AX82: =AD82/AN82*100 -> #DIV/0! | AY82: =AG82/AN82*100 -> #DIV/0! | AZ82: =AJ82/AN82*100 -> #DIV/0!
B83: Barrio Algarrobal | C83: 62 | D83: 45835 | E83: 45835 | F83: 20 | G83: 0 | H83: =F83+G83 -> 20 | I83: 0 | J83: 0 | K83: =H83+I83+J83 -> 20 | L83: 0 | M83: 0 | N83: 0 | O83: 1 | P83: 0 | Q83: 0 | R83: 0 | S83: 0 | T83: 1 | U83: 0 | V83: 0 | W83: 0 | X83: 0 | Y83: 0 | Z83: 0 | AA83: 0 | AB83: 0 | AC83: 1 | AD83: 1 | AE83: 0 | AF83: 26 | AG83: 0 | AH83: 0 | AI83: 0 | AJ83: 0 | AK83: =P83+S83+V83+Y83+AB83+AE83+AH83 -> 0 | AL83: =Q83+T83+W83+Z83+AC83+AF83+AI83 -> 28 | AM83: =AK83+AL83 -> 28 | AN83: =R83+U83+X83+AA83+AD83+AG83+AJ83 -> 1 | AO83: =O83/H83*100 -> 5 | AP83: =AN83/H83*100 -> 5 | AQ83: =AN83/AM83*100 -> 3.5714286 | AR83: =AK83/AM83*100 -> 0 | AS83: =AL83/AM83*100 -> 100 | AT83: =R83/AN83*100 -> 0 | AU83: =U83/AN83*100 -> 0 | AV83: =X83/AN83*100 -> 0 | AW83: =AA83/AN83*100 -> 0 | AX83: =AD83/AN83*100 -> 100 | AY83: =AG83/AN83*100 -> 0 | AZ83: =AJ83/AN83*100 -> 0
B84: Barrio San Jose | C84: 89 | D84: 45811 | E84: 45821 | F84: 22 | G84: 0 | H84: =F84+G84 -> 22 | I84: 0 | J84: 0 | K84: =H84+I84+J84 -> 22 | L84: 0 | M84: 0 | N84: 0 | O84: 0 | P84: 0 | Q84: 0 | R84: 0 | S84: 0 | T84: 2 | U84: 0 | V84: 0 | W84: 2 | X84: 0 | Y84: 0 | Z84: 1 | AA84: 0 | AB84: 0 | AC84: 13 | AD84: 0 | AE84: 0 | AF84: 8 | AG84: 0 | AH84: 0 | AI84: 0 | AJ84: 0 | AK84: =P84+S84+V84+Y84+AB84+AE84+AH84 -> 0 | AL84: =Q84+T84+W84+Z84+AC84+AF84+AI84 -> 26 | AM84: =AK84+AL84 -> 26 | AN84: =R84+U84+X84+AA84+AD84+AG84+AJ84 -> 0 | AO84: =O84/H84*100 -> 0 | AP84: =AN84/H84*100 -> 0 | AQ84: =AN84/AM84*100 -> 0 | AR84: =AK84/AM84*100 -> 0 | AS84: =AL84/AM84*100 -> 100 | AT84: =R84/AN84*100 -> #DIV/0! | AU84: =U84/AN84*100 -> #DIV/0! | AV84: =X84/AN84*100 -> #DIV/0! | AW84: =AA84/AN84*100 -> #DIV/0! | AX84: =AD84/AN84*100 -> #DIV/0! | AY84: =AG84/AN84*100 -> #DIV/0! | AZ84: =AJ84/AN84*100 -> #DIV/0!
B85: Barrio Central | C85: 54 | D85: 45812 | E85: 45812 | F85: 54 | G85: 0 | H85: =F85+G85 -> 54 | I85: 0 | J85: 0 | K85: =H85+I85+J85 -> 54 | L85: 0 | M85: 0 | N85: 0 | O85: 0 | P85: 0 | Q85: 0 | R85: 0 | S85: 0 | T85: 0 | U85: 0 | V85: 2 | W85: 0 | X85: 0 | Y85: 0 | Z85: 4 | AA85: 0 | AB85: 0 | AC85: 2 | AD85: 0 | AE85: 0 | AF85: 0 | AG85: 0 | AH85: 0 | AI85: 0 | AJ85: 0 | AK85: =P85+S85+V85+Y85+AB85+AE85+AH85 -> 2 | AL85: =Q85+T85+W85+Z85+AC85+AF85+AI85 -> 6 | AM85: =AK85+AL85 -> 8 | AN85: =R85+U85+X85+AA85+AD85+AG85+AJ85 -> 0 | AO85: =O85/H85*100 -> 0 | AP85: =AN85/H85*100 -> 0 | AQ85: =AN85/AM85*100 -> 0 | AR85: =AK85/AM85*100 -> 25 | AS85: =AL85/AM85*100 -> 75 | AT85: =R85/AN85*100 -> #DIV/0! | AU85: =U85/AN85*100 -> #DIV/0! | AV85: =X85/AN85*100 -> #DIV/0! | AW85: =AA85/AN85*100 -> #DIV/0! | AX85: =AD85/AN85*100 -> #DIV/0! | AY85: =AG85/AN85*100 -> #DIV/0! | AZ85: =AJ85/AN85*100 -> #DIV/0!
B86: Barrio Concepcion | C86: 41 | D86: 45813 | E86: 45813 | F86: 11 | G86: 0 | H86: =F86+G86 -> 11 | I86: 0 | J86: 0 | K86: =H86+I86+J86 -> 11 | L86: 0 | M86: 0 | N86: 0 | O86: 0 | P86: 0 | Q86: 0 | R86: 0 | S86: 0 | T86: 0 | U86: 0 | V86: 0 | W86: 4 | X86: 0 | Y86: 0 | Z86: 2 | AA86: 0 | AB86: 0 | AC86: 3 | AD86: 0 | AE86: 0 | AF86: 1 | AG86: 0 | AH86: 0 | AI86: 2 | AJ86: 0 | AK86: =P86+S86+V86+Y86+AB86+AE86+AH86 -> 0 | AL86: =Q86+T86+W86+Z86+AC86+AF86+AI86 -> 12 | AM86: =AK86+AL86 -> 12 | AN86: =R86+U86+X86+AA86+AD86+AG86+AJ86 -> 0 | AO86: =O86/H86*100 -> 0 | AP86: =AN86/H86*100 -> 0 | AQ86: =AN86/AM86*100 -> 0 | AR86: =AK86/AM86*100 -> 0 | AS86: =AL86/AM86*100 -> 100 | AT86: =R86/AN86*100 -> #DIV/0! | AU86: =U86/AN86*100 -> #DIV/0! | AV86: =X86/AN86*100 -> #DIV/0! | AW86: =AA86/AN86*100 -> #DIV/0! | AX86: =AD86/AN86*100 -> #DIV/0! | AY86: =AG86/AN86*100 -> #DIV/0! | AZ86: =AJ86/AN86*100 -> #DIV/0!
B87: Barrio Lagunillitas | C87: 47 | D87: 45814 | E87: 45814 | F87: 11 | G87: 0 | H87: =F87+G87 -> 11 | I87: 0 | J87: 0 | K87: =H87+I87+J87 -> 11 | L87: 0 | M87: 0 | N87: 0 | O87: 0 | P87: 0 | Q87: 0 | R87: 0 | S87: 0 | T87: 2 | U87: 0 | V87: 0 | W87: 4 | X87: 0 | Y87: 0 | Z87: 0 | AA87: 0 | AB87: 0 | AC87: 3 | AD87: 0 | AE87: 0 | AF87: 7 | AG87: 0 | AH87: 0 | AI87: 0 | AJ87: 0 | AK87: =P87+S87+V87+Y87+AB87+AE87+AH87 -> 0 | AL87: =Q87+T87+W87+Z87+AC87+AF87+AI87 -> 16 | AM87: =AK87+AL87 -> 16 | AN87: =R87+U87+X87+AA87+AD87+AG87+AJ87 -> 0 | AO87: =O87/H87*100 -> 0 | AP87: =AN87/H87*100 -> 0 | AQ87: =AN87/AM87*100 -> 0 | AR87: =AK87/AM87*100 -> 0 | AS87: =AL87/AM87*100 -> 100 | AT87: =R87/AN87*100 -> #DIV/0! | AU87: =U87/AN87*100 -> #DIV/0! | AV87: =X87/AN87*100 -> #DIV/0! | AW87: =AA87/AN87*100 -> #DIV/0! | AX87: =AD87/AN87*100 -> #DIV/0! | AY87: =AG87/AN87*100 -> #DIV/0! | AZ87: =AJ87/AN87*100 -> #DIV/0!
B88: El Paraiso | C88: 31 | D88: 45817 | E88: 45817 | F88: 9 | G88: 0 | H88: =F88+G88 -> 9 | I88: 0 | J88: 0 | K88: =H88+I88+J88 -> 9 | L88: 0 | M88: 0 | N88: 0 | O88: 0 | P88: 0 | Q88: 0 | R88: 0 | S88: 0 | T88: 0 | U88: 0 | V88: 1 | W88: 2 | X88: 0 | Y88: 0 | Z88: 2 | AA88: 0 | AB88: 0 | AC88: 8 | AD88: 0 | AE88: 0 | AF88: 0 | AG88: 0 | AH88: 0 | AI88: 0 | AJ88: 0 | AK88: =P88+S88+V88+Y88+AB88+AE88+AH88 -> 1 | AL88: =Q88+T88+W88+Z88+AC88+AF88+AI88 -> 12 | AM88: =AK88+AL88 -> 13 | AN88: =R88+U88+X88+AA88+AD88+AG88+AJ88 -> 0 | AO88: =O88/H88*100 -> 0 | AP88: =AN88/H88*100 -> 0 | AQ88: =AN88/AM88*100 -> 0 | AR88: =AK88/AM88*100 -> 7.6923077 | AS88: =AL88/AM88*100 -> 92.307692 | AT88: =R88/AN88*100 -> #DIV/0! | AU88: =U88/AN88*100 -> #DIV/0! | AV88: =X88/AN88*100 -> #DIV/0! | AW88: =AA88/AN88*100 -> #DIV/0! | AX88: =AD88/AN88*100 -> #DIV/0! | AY88: =AG88/AN88*100 -> #DIV/0! | AZ88: =AJ88/AN88*100 -> #DIV/0!
A89: C.S. Candua | B89: Candua | C89: =C90 -> 38 | D89: =D90 -> 45813 | E89: =E90 -> 45813 | F89: =F90 -> 38 | G89: =G90 -> 0 | H89: =H90 -> 38 | I89: =I90 -> 0 | J89: =J90 -> 0 | ... AJ89: =AJ90 -> 0 | AK89: =P89+S89+V89+Y89+AB89+AE89+AH89 -> 0 | AL89: =Q89+T89+W89+Z89+AC89+AF89+AI89 -> 10 | AM89: =AK89+AL89 -> 10 | AN89: =R89+U89+X89+AA89+AD89+AG89+AJ89 -> 1 | AO89: =O89/H89*100 -> 2.6315789 | AP89: =AN89/H89*100 -> 2.6315789 | AQ89: =AN89/AM89*100 -> 10 | AR89: =AK89/AM89*100 -> 0 | AS89: =AL89/AM89*100 -> 100 | AT89: =R89/AN89*100 -> 0 | AU89: =U89/AN89*100 -> 0 | AV89: =X89/AN89*100 -> 100 | AW89: =AA89/AN89*100 -> 0 | AX89: =AD89/AN89*100 -> 0 | AY89: =AG89/AN89*100 -> 0 | AZ89: =AJ89/AN89*100 -> 0
B90: Barrio Jose Barbero | C90: 38 | D90: 45813 | E90: 45813 | F90: 38 | G90: 0 | H90: =F90+G90 -> 38 | I90: 0 | J90: 0 | K90: =H90+I90+J90 -> 38 | L90: 0 | M90: 0 | N90: 0 | O90: 1 | P90: 0 | Q90: 0 | R90: 0 | S90: 0 | T90: 1 | U90: 0 | V90: 0 | W90: 1 | X90: 1 | Y90: 0 | Z90: 0 | AA90: 0 | AB90: 0 | AC90: 3 | AD90: 0 | AE90: 0 | AF90: 5 | AG90: 0 | AH90: 0 | AI90: 0 | AJ90: 0 | AK90: =P90+S90+V90+Y90+AB90+AE90+AH90 -> 0 | AL90: =Q90+T90+W90+Z90+AC90+AF90+AI90 -> 10 | AM90: =AK90+AL90 -> 10 | AN90: =R90+U90+X90+AA90+AD90+AG90+AJ90 -> 1 | AO90: =O90/H90*100 -> 2.6315789 | AP90: =AN90/H90*100 -> 2.6315789 | AQ90: =AN90/AM90*100 -> 10 | AR90: =AK90/AM90*100 -> 0 | AS90: =AL90/AM90*100 -> 100 | AT90: =R90/AN90*100 -> 0 | AU90: =U90/AN90*100 -> 0 | AV90: =X90/AN90*100 -> 100 | AW90: =AA90/AN90*100 -> 0 | AX90: =AD90/AN90*100 -> 0 | AY90: =AG90/AN90*100 -> 0 | AZ90: =AJ90/AN90*100 -> 0
A91: Total Junio | B91: =COUNTA(B76:B90)-1 -> 14 | C91: =C75+C89 -> 2181 | D91: =MIN(D75:D90) -> 45811 | E91: =MAX(E75:E90) -> 45835 | F91: =F75+F89 -> 725 | G91: =G75+G89 -> 0 | H91: =H75+H89 -> 725 | I91: =I75+I89 -> 0 | J91: =J75+J89 -> 0 | K91: =K75+K89 -> 725 | L91: =L75+L89 -> 0 | M91: =M75+M89 -> 0 | ... AJ91: =AJ75+AJ89 -> 0 | AK91: =P91+S91+V91+Y91+AB91+AE91+AH91 -> 27 | AL91: =Q91+T91+W91+Z91+AC91+AF91+AI91 -> 665 | AM91: =AK91+AL91 -> 692 | AN91: =R91+U91+X91+AA91+AD91+AG91+AJ91 -> 18 | AO91: =O91/H91*100 -> 2.3448276 | AP91: =AN91/H91*100 -> 2.4827586 | AQ91: =AN91/AM91*100 -> 2.6011561 | AR91: =AK91/AM91*100 -> 3.9017341 | AS91: =AL91/AM91*100 -> 96.098266 | AT91: =R91/AN91*100 -> 0 | AU91: =U91/AN91*100 -> 11.111111 | AV91: =X91/AN91*100 -> 16.666667 | AW91: =AA91/AN91*100 -> 0 | AX91: =AD91/AN91*100 -> 72.222222 | AY91: =AG91/AN91*100 -> 0 | AZ91: =AJ91/AN91*100 -> 0
A92: Hosp. Monteagudo | B92: Monteagudo | C92: =SUM(C93:C103) -> 2605 | D92: =MIN(D93:D103) -> 45839 | E92: =MAX(E93:E103) -> 45862 | F92: =SUM(F93:F103) -> 705 | G92: =SUM(G93:G103) -> 0 | H92: =SUM(H93:H103) -> 705 | I92: =SUM(I93:I103) -> 0 | J92: =SUM(J93:J103) -> 0 | K92: =SUM(K93:K103) -> 705 | L92: =SUM(L93:L103) -> 0 | M92: =SUM(M93:M103) -> 0 | ... AJ92: =SUM(AJ93:AJ103) -> 0 | AK92: =P92+S92+V92+Y92+AB92+AE92+AH92 -> 60 | AL92: =Q92+T92+W92+Z92+AC92+AF92+AI92 -> 580 | AM92: =AK92+AL92 -> 640 | AN92: =R92+U92+X92+AA92+AD92+AG92+AJ92 -> 15 | AO92: =O92/H92*100 -> 1.9858156 | AP92: =AN92/H92*100 -> 2.1276596 | AQ92: =AN92/AM92*100 -> 2.34375 | AR92: =AK92/AM92*100 -> 9.375 | AS92: =AL92/AM92*100 -> 90.625 | AT92: =R92/AN92*100 -> 0 | AU92: =U92/AN92*100 -> 33.333333 | AV92: =X92/AN92*100 -> 40 | AW92: =AA92/AN92*100 -> 0 | AX92: =AD92/AN92*100 -> 26.666667 | AY92: =AG92/AN92*100 -> 0 | AZ92: =AJ92/AN92*100 -> 0
B93: Barrio La Hoyada | C93: 89 | D93: 45842 | E93: 45842 | F93: 20 | G93: 0 | H93: =F93+G93 -> 20 | I93: 0 | J93: 0 | K93: =H93+I93+J93 -> 20 | L93: 0 | M93: 0 | N93: 0 | O93: 0 | P93: 0 | Q93: 0 | R93: 0 | S93: 0 | T93: 0 | U93: 0 | V93: 0 | W93: 0 | X93: 0 | Y93: 0 | Z93: 0 | AA93: 0 | AB93: 0 | AC93: 2 | AD93: 0 | AE93: 0 | AF93: 21 | AG93: 0 | AH93: 0 | AI93: 0 | AJ93: 0 | AK93: =P93+S93+V93+Y93+AB93+AE93+AH93 -> 0 | AL93: =Q93+T93+W93+Z93+AC93+AF93+AI93 -> 23 | AM93: =AK93+AL93 -> 23 | AN93: =R93+U93+X93+AA93+AD93+AG93+AJ93 -> 0 | AO93: =O93/H93*100 -> 0 | AP93: =AN93/H93*100 -> 0 | AQ93: =AN93/AM93*100 -> 0 | AR93: =AK93/AM93*100 -> 0 | AS93: =AL93/AM93*100 -> 100 | AT93: =R93/AN93*100 -> #DIV/0! | AU93: =U93/AN93*100 -> #DIV/0! | AV93: =X93/AN93*100 -> #DIV/0! | AW93: =AA93/AN93*100 -> #DIV/0! | AX93: =AD93/AN93*100 -> #DIV/0! | AY93: =AG93/AN93*100 -> #DIV/0! | AZ93: =AJ93/AN93*100 -> #DIV/0!
B94: Barrio Los Naranjos | C94: 172 | D94: 45845 | E94: 45845 | F94: 40 | G94: 0 | H94: =F94+G94 -> 40 | I94: 0 | J94: 0 | K94: =H94+I94+J94 -> 40 | L94: 0 | M94: 0 | N94: 0 | O94: 0 | P94: 0 | Q94: 0 | R94: 0 | S94: 0 | T94: 1 | U94: 0 | V94: 0 | W94: 15 | X94: 0 | Y94: 0 | Z94: 4 | AA94: 0 | AB94: 0 | AC94: 10 | AD94: 0 | AE94: 0 | AF94: 5 | AG94: 0 | AH94: 0 | AI94: 0 | AJ94: 0 | AK94: =P94+S94+V94+Y94+AB94+AE94+AH94 -> 0 | AL94: =Q94+T94+W94+Z94+AC94+AF94+AI94 -> 35 | AM94: =AK94+AL94 -> 35 | AN94: =R94+U94+X94+AA94+AD94+AG94+AJ94 -> 0 | AO94: =O94/H94*100 -> 0 | AP94: =AN94/H94*100 -> 0 | AQ94: =AN94/AM94*100 -> 0 | AR94: =AK94/AM94*100 -> 0 | AS94: =AL94/AM94*100 -> 100 | AT94: =R94/AN94*100 -> #DIV/0! | AU94: =U94/AN94*100 -> #DIV/0! | AV94: =X94/AN94*100 -> #DIV/0! | AW94: =AA94/AN94*100 -> #DIV/0! | AX94: =AD94/AN94*100 -> #DIV/0! | AY94: =AG94/AN94*100 -> #DIV/0! | AZ94: =AJ94/AN94*100 -> #DIV/0!
B95: Barrio 1º de Mayo | C95: 151 | D95: 45848 | E95: 45848 | F95: 40 | G95: 0 | H95: =F95+G95 -> 40 | I95: 0 | J95: 0 | K95: =H95+I95+J95 -> 40 | L95: 0 | M95: 0 | N95: 0 | O95: 2 | P95: 0 | Q95: 0 | R95: 0 | S95: 0 | T95: 1 | U95: 1 | V95: 0 | W95: 16 | X95: 0 | Y95: 0 | Z95: 5 | AA95: 0 | AB95: 0 | AC95: 20 | AD95: 1 | AE95: 0 | AF95: 6 | AG95: 0 | AH95: 0 | AI95: 1 | AJ95: 0 | AK95: =P95+S95+V95+Y95+AB95+AE95+AH95 -> 0 | AL95: =Q95+T95+W95+Z95+AC95+AF95+AI95 -> 49 | AM95: =AK95+AL95 -> 49 | AN95: =R95+U95+X95+AA95+AD95+AG95+AJ95 -> 2 | AO95: =O95/H95*100 -> 5 | AP95: =AN95/H95*100 -> 5 | AQ95: =AN95/AM95*100 -> 4.0816327 | AR95: =AK95/AM95*100 -> 0 | AS95: =AL95/AM95*100 -> 100 | AT95: =R95/AN95*100 -> 0 | AU95: =U95/AN95*100 -> 50 | AV95: =X95/AN95*100 -> 0 | AW95: =AA95/AN95*100 -> 0 | AX95: =AD95/AN95*100 -> 50 | AY95: =AG95/AN95*100 -> 0 | AZ95: =AJ95/AN95*100 -> 0
B96: Barrio Paraiso | C96: 287 | D96: 45849 | E96: 45853 | F96: 80 | G96: 0 | H96: =F96+G96 -> 80 | I96: 0 | J96: 0 | K96: =H96+I96+J96 -> 80 | L96: 0 | M96: 0 | N96: 0 | O96: 1 | P96: 0 | Q96: 0 | R96: 0 | S96: 0 | T96: 5 | U96: 0 | V96: 0 | W96: 11 | X96: 1 | Y96: 0 | Z96: 5 | AA96: 0 | AB96: 0 | AC96: 18 | AD96: 0 | AE96: 0 | AF96: 24 | AG96: 0 | AH96: 0 | AI96: 0 | AJ96: 0 | AK96: =P96+S96+V96+Y96+AB96+AE96+AH96 -> 0 | AL96: =Q96+T96+W96+Z96+AC96+AF96+AI96 -> 63 | AM96: =AK96+AL96 -> 63 | AN96: =R96+U96+X96+AA96+AD96+AG96+AJ96 -> 1 | AO96: =O96/H96*100 -> 1.25 | AP96: =AN96/H96*100 -> 1.25 | AQ96: =AN96/AM96*100 -> 1.5873016 | AR96: =AK96/AM96*100 -> 0 | AS96: =AL96/AM96*100 -> 100 | AT96: =R96/AN96*100 -> 0 | AU96: =U96/AN96*100 -> 0 | AV96: =X96/AN96*100 -> 100 | AW96: =AA96/AN96*100 -> 0 | AX96: =AD96/AN96*100 -> 0 | AY96: =AG96/AN96*100 -> 0 | AZ96: =AJ96/AN96*100 -> 0
B97: Barrio Los Pinos | C97: 362 | D97: 45854 | E97: 45856 | F97: 100 | G97: 0 | H97: =F97+G97 -> 100 | I97: 0 | J97: 0 | K97: =H97+I97+J97 -> 100 | L97: 0 | M97: 0 | N97: 0 | O97: 5 | P97: 0 | Q97: 0 | R97: 0 | S97: 0 | T97: 7 | U97: 2 | V97: 0 | W97: 19 | X97: 2 | Y97: 6 | Z97: 6 | AA97: 0 | AB97: 3 | AC97: 27 | AD97: 1 | AE97: 30 | AF97: 34 | AG97: 0 | AH97: 0 | AI97: 0 | AJ97: 0 | AK97: =P97+S97+V97+Y97+AB97+AE97+AH97 -> 39 | AL97: =Q97+T97+W97+Z97+AC97+AF97+AI97 -> 93 | AM97: =AK97+AL97 -> 132 | AN97: =R97+U97+X97+AA97+AD97+AG97+AJ97 -> 5 | AO97: =O97/H97*100 -> 5 | AP97: =AN97/H97*100 -> 5 | AQ97: =AN97/AM97*100 -> 3.7878788 | AR97: =AK97/AM97*100 -> 29.545455 | AS97: =AL97/AM97*100 -> 70.454545 | AT97: =R97/AN97*100 -> 0 | AU97: =U97/AN97*100 -> 40 | AV97: =X97/AN97*100 -> 40 | AW97: =AA97/AN97*100 -> 0 | AX97: =AD97/AN97*100 -> 20 | AY97: =AG97/AN97*100 -> 0 | AZ97: =AJ97/AN97*100 -> 0
B98: Barrio Sinay | C98: 115 | D98: 45855 | E98: 45855 | F98: 40 | G98: 0 | H98: =F98+G98 -> 40 | I98: 0 | J98: 0 | K98: =H98+I98+J98 -> 40 | L98: 0 | M98: 0 | N98: 0 | O98: 0 | P98: 0 | Q98: 0 | R98: 0 | S98: 0 | T98: 0 | U98: 0 | V98: 0 | W98: 12 | X98: 0 | Y98: 0 | Z98: 4 | AA98: 0 | AB98: 0 | AC98: 12 | AD98: 0 | AE98: 0 | AF98: 10 | AG98: 0 | AH98: 0 | AI98: 0 | AJ98: 0 | AK98: =P98+S98+V98+Y98+AB98+AE98+AH98 -> 0 | AL98: =Q98+T98+W98+Z98+AC98+AF98+AI98 -> 38 | AM98: =AK98+AL98 -> 38 | AN98: =R98+U98+X98+AA98+AD98+AG98+AJ98 -> 0 | AO98: =O98/H98*100 -> 0 | AP98: =AN98/H98*100 -> 0 | AQ98: =AN98/AM98*100 -> 0 | AR98: =AK98/AM98*100 -> 0 | AS98: =AL98/AM98*100 -> 100 | AT98: =R98/AN98*100 -> #DIV/0! | AU98: =U98/AN98*100 -> #DIV/0! | AV98: =X98/AN98*100 -> #DIV/0! | AW98: =AA98/AN98*100 -> #DIV/0! | AX98: =AD98/AN98*100 -> #DIV/0! | AY98: =AG98/AN98*100 -> #DIV/0! | AZ98: =AJ98/AN98*100 -> #DIV/0!
B99: Barrio La Tablada | C99: 346 | D99: 45855 | E99: 45860 | F99: 100 | G99: 0 | H99: =F99+G99 -> 100 | I99: 0 | J99: 0 | K99: =H99+I99+J99 -> 100 | L99: 0 | M99: 0 | N99: 0 | O99: 1 | P99: 0 | Q99: 0 | R99: 0 | S99: 0 | T99: 3 | U99: 0 | V99: 12 | W99: 8 | X99: 1 | Y99: 5 | Z99: 9 | AA99: 0 | AB99: 3 | AC99: 15 | AD99: 0 | AE99: 0 | AF99: 8 | AG99: 0 | AH99: 0 | AI99: 0 | AJ99: 0 | AK99: =P99+S99+V99+Y99+AB99+AE99+AH99 -> 20 | AL99: =Q99+T99+W99+Z99+AC99+AF99+AI99 -> 43 | AM99: =AK99+AL99 -> 63 | AN99: =R99+U99+X99+AA99+AD99+AG99+AJ99 -> 1 | AO99: =O99/H99*100 -> 1 | AP99: =AN99/H99*100 -> 1 | AQ99: =AN99/AM99*100 -> 1.5873016 | AR99: =AK99/AM99*100 -> 31.746032 | AS99: =AL99/AM99*100 -> 68.253968 | AT99: =R99/AN99*100 -> 0 | AU99: =U99/AN99*100 -> 0 | AV99: =X99/AN99*100 -> 100 | AW99: =AA99/AN99*100 -> 0 | AX99: =AD99/AN99*100 -> 0 | AY99: =AG99/AN99*100 -> 0 | AZ99: =AJ99/AN99*100 -> 0
B100: Barrio Lagunillitas | C100: 907 | D100: 45856 | E100: 45862 | F100: 240 | G100: 0 | H100: =F100+G100 -> 240 | I100: 0 | J100: 0 | K100: =H100+I100+J100 -> 240 | L100: 0 | M100: 0 | N100: 0 | O100: 4 | P100: 0 | Q100: 0 | R100: 0 | S100: 0 | T100: 9 | U100: 2 | V100: 0 | W100: 36 | X100: 2 | Y100: 0 | Z100: 26 | AA100: 0 | AB100: 0 | AC100: 94 | AD100: 1 | AE100: 0 | AF100: 23 | AG100: 0 | AH100: 0 | AI100: 0 | AJ100: 0 | AK100: =P100+S100+V100+Y100+AB100+AE100+AH100 -> 0 | AL100: =Q100+T100+W100+Z100+AC100+AF100+AI100 -> 188 | AM100: =AK100+AL100 -> 188 | AN100: =R100+U100+X100+AA100+AD100+AG100+AJ100 -> 5 | AO100: =O100/H100*100 -> 1.6666667 | AP100: =AN100/H100*100 -> 2.0833333 | AQ100: =AN100/AM100*100 -> 2.6595745 | AR100: =AK100/AM100*100 -> 0 | AS100: =AL100/AM100*100 -> 100 | AT100: =R100/AN100*100 -> 0 | AU100: =U100/AN100*100 -> 40 | AV100: =X100/AN100*100 -> 40 | AW100: =AA100/AN100*100 -> 0 | AX100: =AD100/AN100*100 -> 20 | AY100: =AG100/AN100*100 -> 0 | AZ100: =AJ100/AN100*100 -> 0
B101: Barrio Concepcion | C101: 75 | D101: 45862 | E101: 45862 | F101: 20 | G101: 0 | H101: =F101+G101 -> 20 | I101: 0 | J101: 0 | K101: =H101+I101+J101 -> 20 | L101: 0 | M101: 0 | N101: 0 | O101: 0 | P101: 0 | Q101: 0 | R101: 0 | S101: 0 | T101: 0 | U101: 0 | V101: 0 | W101: 0 | X101: 0 | Y101: 0 | Z101: 0 | AA101: 0 | AB101: 1 | AC101: 0 | AD101: 0 | AE101: 0 | AF101: 22 | AG101: 0 | AH101: 0 | AI101: 0 | AJ101: 0 | AK101: =P101+S101+V101+Y101+AB101+AE101+AH101 -> 1 | AL101: =Q101+T101+W101+Z101+AC101+AF101+AI101 -> 22 | AM101: =AK101+AL101 -> 23 | AN101: =R101+U101+X101+AA101+AD101+AG101+AJ101 -> 0 | AO101: =O101/H101*100 -> 0 | AP101: =AN101/H101*100 -> 0 | AQ101: =AN101/AM101*100 -> 0 | AR101: =AK101/AM101*100 -> 4.3478261 | AS101: =AL101/AM101*100 -> 95.652174 | AT101: =R101/AN101*100 -> #DIV/0! | AU101: =U101/AN101*100 -> #DIV/0! | AV101: =X101/AN101*100 -> #DIV/0! | AW101: =AA101/AN101*100 -> #DIV/0! | AX101: =AD101/AN101*100 -> #DIV/0! | AY101: =AG101/AN101*100 -> #DIV/0! | AZ101: =AJ101/AN101*100 -> #DIV/0!
...

Sheet Huacaya
A1: ENCUESTA DE LARVARIA DE AEDES AEGYPTI POR COMUNIDAD - BARRIOS DE HUACAYA GESTION 2025
A2: ç
A3: Establecimiento | B3: Barrio / Comunidad | C3: Habitantaes protegidos | D3: FECHA | F3: PREDIOS | K3: TOTAL PREDIOS | L3: Manzanos | N3: VIVIENDAS | P3: Grupo A Depositos de Almacenamiento de Gran Volumen | V3: Grupo B Depositos de Transporte de Agua Moviles | Y3: Grupo C Depositos Fijos de Almacenamiento de Agua | AB3: Grupo D Depositos para Eliminacion | AH3: Grupo E Depositos Naturales | AK3: TOTAL | AO3: indicadores | AT3: INDICADORES DE ENTOMOLOGICOS - TIPO RECIPIENTE
D4: Inicio | E4: Final | F4: INSPECCIONADAS | H4: TOTAL | I4: Cerradas | J4: Renuentes | L4: EVALUADAS | M4: FOCO AEDES | N4: CON FOCO | O4: FOCO AEDES | P4: A1 | S4: A2 | V4: B | Y4: C | AB4: D1 | AE4: D2 | AH4: E | AK4: Total Recipinetes Secos | AL4: Total Recipinetes Agua | AM4: Total Recipinetes | AN4: Total Recipinetes Positivos (+) | AO4: Entomologico | AR4: Recipiente | AT4: Indice por tipo de recipiente A1 | AU4: Indice por tipo de recipiente A2 | AV4: Indice por tipo de recipiente B | AW4: Indice por tipo de recipiente C | AX4: Indice por tipo de recipiente D1 | AY4: Indice por tipo de recipiente D2 | AZ4: Indice por tipo de recipiente E
F5: Vivienda | G5: T . Baldio | P5: S | Q5: A | R5: POSITIVOS (+) | S5: S | T5: A | U5: POSITIVOS (+) | V5: S | W5: A | X5: POSITIVOS (+) | Y5: S | Z5: A | AA5: POSITIVOS (+) | AB5: S | AC5: A | AD5: POSITIVOS (+) | AE5: S | AF5: A | AG5: POSITIVOS (+) | AH5: S | AI5: A | AJ5: POSITIVOS (+) | AO5: % Indice de Infestacion | AP5: % Indice Bretau | AQ5: % Indice Recipiente | AR5: % Recipientes secos | AS5: % Recipientes con agua
A6: C.S Santa Rosa | B6: Comunidad Santa Rosa | C6: 264 | D6: 45664 | E6: 45685 | F6: 124 | G6: 0 | H6: =F6+G6 -> 124 | I6: 4 | J6: 0 | K6: =H6+I6+J6 -> 128 | L6: 0 | M6: 0 | N6: 0 | O6: 10 | P6: 0 | Q6: 9 | R6: 0 | S6: 12 | T6: 128 | U6: 6 | V6: 18 | W6: 35 | X6: 4 | Y6: 1 | Z6: 5 | AA6: 3 | AB6: 14 | AC6: 14 | AD6: 0 | AE6: 510 | AF6: 11 | AG6: 2 | AH6: 0 | AI6: 1 | AJ6: 0 | AK6: =P6+S6+V6+Y6+AB6+AE6+AH6 -> 555 | AL6: =Q6+T6+W6+Z6+AC6+AF6+AI6 -> 203 | AM6: =AK6+AL6 -> 758 | AN6: =R6+U6+X6+AA6+AD6+AG6+AJ6 -> 15 | AO6: =O6/H6*100 -> 8.0645161 | AP6: =AN6/H6*100 -> 12.096774 | AQ6: =AN6/AM6*100 -> 1.9788918 | AR6: =AK6/AM6*100 -> 73.218997 | AS6: =AL6/AM6*100 -> 26.781003 | AT6: =R6/AN6*100 -> 0 | AU6: =U6/AN6*100 -> 40 | AV6: =X6/AN6*100 -> 26.666667 | AW6: =AA6/AN6*100 -> 20 | AX6: =AD6/AN6*100 -> 0 | AY6: =AG6/AN6*100 -> 13.333333 | AZ6: =AJ6/AN6*100 -> 0
A7: Total Enero | B7: =COUNTA(B6:B6) -> 1 | C7: =SUM(C6:C6) -> 264 | D7: =MIN(D6:D6) -> 45664 | E7: =MAX(E6:E6) -> 45685 | F7: =SUM(F6:F6) -> 124 | G7: =SUM(G6:G6) -> 0 | H7: =F7+G7 -> 124 | I7: =SUM(I6:I6) -> 4 | J7: =SUM(J6:J6) -> 0 | K7: =H7+I7+J7 -> 128 | L7: =SUM(L6:L6) -> 0 | M7: =SUM(M6:M6) -> 0 | N7: =SUM(N6:N6) -> 0 | O7: =SUM(O6:O6) -> 10 | P7: =SUM(P6:P6) -> 0 | Q7: =SUM(Q6:Q6) -> 9 | R7: =SUM(R6:R6) -> 0 | S7: =SUM(S6:S6) -> 12 | ... AJ7: =SUM(AJ6:AJ6) -> 0 | AK7: =P7+S7+V7+Y7+AB7+AE7+AH7 -> 555 | AL7: =Q7+T7+W7+Z7+AC7+AF7+AI7 -> 203 | AM7: =AK7+AL7 -> 758 | AN7: =R7+U7+X7+AA7+AD7+AG7+AJ7 -> 15 | AO7: =O7/H7*100 -> 8.0645161 | AP7: =AN7/H7*100 -> 12.096774 | AQ7: =AN7/AM7*100 -> 1.9788918 | AR7: =AK7/AM7*100 -> 73.218997 | AS7: =AL7/AM7*100 -> 26.781003 | AT7: =R7/AN7*100 -> 0 | AU7: =U7/AN7*100 -> 40 | AV7: =X7/AN7*100 -> 26.666667 | AW7: =AA7/AN7*100 -> 20 | AX7: =AD7/AN7*100 -> 0 | AY7: =AG7/AN7*100 -> 13.333333 | AZ7: =AJ7/AN7*100 -> 0
A8: C.S Santa Rosa | B8: Comunidad Santa Rosa | C8: 125 | D8: 45694 | E8: 45704 | F8: 42 | G8: 0 | H8: =F8+G8 -> 42 | I8: 0 | J8: 0 | K8: =H8+I8+J8 -> 42 | L8: 0 | M8: 0 | N8: 42 | O8: 4 | P8: 0 | Q8: 4 | R8: 0 | S8: 7 | T8: 62 | U8: 1 | V8: 15 | W8: 18 | X8: 2 | Y8: 0 | Z8: 1 | AA8: 1 | AB8: 11 | AC8: 4 | AD8: 0 | AE8: 135 | AF8: 10 | AG8: 0 | AH8: 0 | AI8: 1 | AJ8: 0 | AK8: =P8+S8+V8+Y8+AB8+AE8+AH8 -> 168 | AL8: =Q8+T8+W8+Z8+AC8+AF8+AI8 -> 100 | AM8: =AK8+AL8 -> 268 | AN8: =R8+U8+X8+AA8+AD8+AG8+AJ8 -> 4 | AO8: =O8/H8*100 -> 9.5238095 | AP8: =AN8/H8*100 -> 9.5238095 | AQ8: =AN8/AM8*100 -> 1.4925373 | AR8: =AK8/AM8*100 -> 62.686567 | AS8: =AL8/AM8*100 -> 37.313433 | AT8: =R8/AN8*100 -> 0 | AU8: =U8/AN8*100 -> 25 | AV8: =X8/AN8*100 -> 50 | AW8: =AA8/AN8*100 -> 25 | AX8: =AD8/AN8*100 -> 0 | AY8: =AG8/AN8*100 -> 0 | AZ8: =AJ8/AN8*100 -> 0
A9: C.S. Huacaya | B9: Comunidad Huacaya | C9: 213 | D9: 45706 | E9: 45713 | F9: 55 | G9: 0 | H9: =F9+G9 -> 55 | I9: 3 | J9: 0 | K9: =H9+I9+J9 -> 58 | L9: 0 | M9: 0 | N9: 55 | O9: 5 | P9: 0 | Q9: 2 | R9: 0 | S9: 0 | T9: 59 | U9: 2 | V9: 0 | W9: 61 | X9: 2 | Y9: 0 | Z9: 20 | AA9: 0 | AB9: 6 | AC9: 6 | AD9: 0 | AE9: 119 | AF9: 96 | AG9: 1 | AH9: 0 | AI9: 1 | AJ9: 0 | AK9: =P9+S9+V9+Y9+AB9+AE9+AH9 -> 125 | AL9: =Q9+T9+W9+Z9+AC9+AF9+AI9 -> 245 | AM9: =AK9+AL9 -> 370 | AN9: =R9+U9+X9+AA9+AD9+AG9+AJ9 -> 5 | AO9: =O9/H9*100 -> 9.0909091 | AP9: =AN9/H9*100 -> 9.0909091 | AQ9: =AN9/AM9*100 -> 1.3513514 | AR9: =AK9/AM9*100 -> 33.783784 | AS9: =AL9/AM9*100 -> 66.216216 | AT9: =R9/AN9*100 -> 0 | AU9: =U9/AN9*100 -> 40 | AV9: =X9/AN9*100 -> 40 | AW9: =AA9/AN9*100 -> 0 | AX9: =AD9/AN9*100 -> 0 | AY9: =AG9/AN9*100 -> 20 | AZ9: =AJ9/AN9*100 -> 0
A10: Total Febrero | B10: =COUNTA(B8:B9) -> 2 | C10: =SUM(C8:C9) -> 338 | D10: =MIN(D8:D9) -> 45694 | E10: =MAX(E8:E9) -> 45713 | F10: =SUM(F8:F9) -> 97 | G10: =SUM(G8:G9) -> 0 | H10: =SUM(H8:H9) -> 97 | I10: =SUM(I8:I9) -> 3 | J10: =SUM(J8:J9) -> 0 | K10: =SUM(K8:K9) -> 100 | L10: =SUM(L8:L9) -> 0 | M10: =SUM(M8:M9) -> 0 | ... AJ10: =SUM(AJ8:AJ9) -> 0 | AK10: =P10+S10+V10+Y10+AB10+AE10+AH10 -> 293 | AL10: =Q10+T10+W10+Z10+AC10+AF10+AI10 -> 345 | AM10: =AK10+AL10 -> 638 | AN10: =R10+U10+X10+AA10+AD10+AG10+AJ10 -> 9 | AO10: =O10/H10*100 -> 9.2783505 | AP10: =AN10/H10*100 -> 9.2783505 | AQ10: =AN10/AM10*100 -> 1.4106583 | AR10: =AK10/AM10*100 -> 45.924765 | AS10: =AL10/AM10*100 -> 54.075235 | AT10: =R10/AN10*100 -> 0 | AU10: =U10/AN10*100 -> 33.333333 | AV10: =X10/AN10*100 -> 44.444444 | AW10: =AA10/AN10*100 -> 11.111111 | AX10: =AD10/AN10*100 -> 0 | AY10: =AG10/AN10*100 -> 11.111111 | AZ10: =AJ10/AN10*100 -> 0
A11: C.S Santa Rosa | B11: Comunidad Santa Rosa | C11: 288 | D11: 45730 | E11: 45744 | F11: 100 | G11: 0 | H11: =F11+G11 -> 100 | I11: 10 | J11: 0 | K11: =H11+I11+J11 -> 110 | L11: 0 | M11: 0 | N11: 100 | O11: 13 | P11: 0 | Q11: 5 | R11: 0 | S11: 17 | T11: 127 | U11: 3 | V11: 113 | W11: 29 | X11: 4 | Y11: 105 | Z11: 3 | AA11: 0 | AB11: 39 | AC11: 20 | AD11: 2 | AE11: 383 | AF11: 28 | AG11: 4 | AH11: 0 | AI11: 1 | AJ11: 0 | AK11: =P11+S11+V11+Y11+AB11+AE11+AH11 -> 657 | AL11: =Q11+T11+W11+Z11+AC11+AF11+AI11 -> 213 | AM11: =AK11+AL11 -> 870 | AN11: =R11+U11+X11+AA11+AD11+AG11+AJ11 -> 13 | AO11: =O11/H11*100 -> 13 | AP11: =AN11/H11*100 -> 13 | AQ11: =AN11/AM11*100 -> 1.4942529 | AR11: =AK11/AM11*100 -> 75.517241 | AS11: =AL11/AM11*100 -> 24.482759 | AT11: =R11/AN11*100 -> 0 | AU11: =U11/AN11*100 -> 23.076923 | AV11: =X11/AN11*100 -> 30.769231 | AW11: =AA11/AN11*100 -> 0 | AX11: =AD11/AN11*100 -> 15.384615 | AY11: =AG11/AN11*100 -> 30.769231 | AZ11: =AJ11/AN11*100 -> 0
A12: P.S. Camatindi | B12: Comunidad Camatindi | C12: 63 | D12: 45737 | E12: 45741 | F12: 28 | G12: 0 | H12: =F12+G12 -> 28 | I12: 10 | J12: 0 | K12: =H12+I12+J12 -> 38 | L12: 0 | M12: 0 | N12: 28 | O12: 4 | P12: 0 | Q12: 5 | R12: 0 | S12: 5 | T12: 41 | U12: 0 | V12: 35 | W12: 20 | X12: 1 | Y12: 61 | Z12: 2 | AA12: 1 | AB12: 13 | AC12: 0 | AD12: 0 | AE12: 103 | AF12: 61 | AG12: 2 | AH12: 0 | AI12: 0 | AJ12: 0 | AK12: =P12+S12+V12+Y12+AB12+AE12+AH12 -> 217 | AL12: =Q12+T12+W12+Z12+AC12+AF12+AI12 -> 129 | AM12: =AK12+AL12 -> 346 | AN12: =R12+U12+X12+AA12+AD12+AG12+AJ12 -> 4 | AO12: =O12/H12*100 -> 14.285714 | AP12: =AN12/H12*100 -> 14.285714 | AQ12: =AN12/AM12*100 -> 1.1560694 | AR12: =AK12/AM12*100 -> 62.716763 | AS12: =AL12/AM12*100 -> 37.283237 | AT12: =R12/AN12*100 -> 0 | AU12: =U12/AN12*100 -> 0 | AV12: =X12/AN12*100 -> 25 | AW12: =AA12/AN12*100 -> 25 | AX12: =AD12/AN12*100 -> 0 | AY12: =AG12/AN12*100 -> 50 | AZ12: =AJ12/AN12*100 -> 0
A13: Total Marzo | B13: 2 | C13: =SUM(C11:C12) -> 351 | D13: 45730 | E13: 45744 | F13: =SUM(F11:F12) -> 128 | G13: =SUM(G11:G12) -> 0 | H13: =SUM(H11:H12) -> 128 | I13: =SUM(I11:I12) -> 20 | J13: =SUM(J11:J12) -> 0 | K13: =SUM(K11:K12) -> 148 | L13: =SUM(L11:L12) -> 0 | M13: =SUM(M11:M12) -> 0 | ... AJ13: =SUM(AJ11:AJ12) -> 0 | AK13: =P13+S13+V13+Y13+AB13+AE13+AH13 -> 874 | AL13: =Q13+T13+W13+Z13+AC13+AF13+AI13 -> 342 | AM13: =AK13+AL13 -> 1216 | AN13: =R13+U13+X13+AA13+AD13+AG13+AJ13 -> 17 | AO13: =O13/H13*100 -> 13.28125 | AP13: =AN13/H13*100 -> 13.28125 | AQ13: =AN13/AM13*100 -> 1.3980263 | AR13: =AK13/AM13*100 -> 71.875 | AS13: =AL13/AM13*100 -> 28.125 | AT13: =R13/AN13*100 -> 0 | AU13: =U13/AN13*100 -> 17.647059 | AV13: =X13/AN13*100 -> 29.411765 | AW13: =AA13/AN13*100 -> 5.8823529 | AX13: =AD13/AN13*100 -> 11.764706 | AY13: =AG13/AN13*100 -> 35.294118 | AZ13: =AJ13/AN13*100 -> 0
A14: C.S. Huacaya | B14: Comunidad Huacaya | C14: 268 | D14: 45754 | E14: 45763 | F14: 131 | G14: 0 | H14: =F14+G14 -> 131 | I14: 3 | J14: 0 | K14: =H14+I14+J14 -> 134 | L14: 0 | M14: 0 | N14: 131 | O14: 10 | P14: 0 | Q14: 2 | R14: 0 | S14: 3 | T14: 101 | U14: 5 | V14: 27 | W14: 56 | X14: 10 | Y14: 0 | Z14: 5 | AA14: 0 | AB14: 16 | AC14: 11 | AD14: 0 | AE14: 285 | AF14: 6 | AG14: 0 | AH14: 0 | AI14: 4 | AJ14: 1 | AK14: =P14+S14+V14+Y14+AB14+AE14+AH14 -> 331 | AL14: =Q14+T14+W14+Z14+AC14+AF14+AI14 -> 185 | AM14: =AK14+AL14 -> 516 | AN14: =R14+U14+X14+AA14+AD14+AG14+AJ14 -> 16 | AO14: =O14/H14*100 -> 7.6335878 | AP14: =AN14/H14*100 -> 12.21374 | AQ14: =AN14/AM14*100 -> 3.1007752 | AR14: =AK14/AM14*100 -> 64.147287 | AS14: =AL14/AM14*100 -> 35.852713 | AT14: =R14/AN14*100 -> 0 | AU14: =U14/AN14*100 -> 31.25 | AV14: =X14/AN14*100 -> 62.5 | AW14: =AA14/AN14*100 -> 0 | AX14: =AD14/AN14*100 -> 0 | AY14: =AG14/AN14*100 -> 0 | AZ14: =AJ14/AN14*100 -> 6.25
A15: CS Mbororigua | B15: Comunidad Mbororigua | C15: 169 | D15: 45769 | E15: 45771 | F15: 60 | G15: 0 | H15: =F15+G15 -> 60 | I15: 0 | J15: 0 | K15: =H15+I15+J15 -> 60 | L15: 0 | M15: 0 | N15: 60 | O15: 1 | P15: 0 | Q15: 9 | R15: 0 | S15: 2 | T15: 21 | U15: 0 | V15: 4 | W15: 43 | X15: 1 | Y15: 0 | Z15: 0 | AA15: 0 | AB15: 2 | AC15: 11 | AD15: 0 | AE15: 40 | AF15: 1 | AG15: 0 | AH15: 0 | AI15: 6 | AJ15: 0 | AK15: =P15+S15+V15+Y15+AB15+AE15+AH15 -> 48 | AL15: =Q15+T15+W15+Z15+AC15+AF15+AI15 -> 91 | AM15: =AK15+AL15 -> 139 | AN15: =R15+U15+X15+AA15+AD15+AG15+AJ15 -> 1 | AO15: =O15/H15*100 -> 1.6666667 | AP15: =AN15/H15*100 -> 1.6666667 | AQ15: =AN15/AM15*100 -> 0.71942446 | AR15: =AK15/AM15*100 -> 34.532374 | AS15: =AL15/AM15*100 -> 65.467626 | AT15: =R15/AN15*100 -> 0 | AU15: =U15/AN15*100 -> 0 | AV15: =X15/AN15*100 -> 100 | AW15: =AA15/AN15*100 -> 0 | AX15: =AD15/AN15*100 -> 0 | AY15: =AG15/AN15*100 -> 0 | AZ15: =AJ15/AN15*100 -> 0
A16: C.S Santa Rosa | B16: Comunidad Villa Mercedes | C16: 82 | D16: 45755 | E16: 45761 | F16: 41 | G16: 0 | H16: =F16+G16 -> 41 | I16: 6 | J16: 0 | K16: =H16+I16+J16 -> 47 | L16: 0 | M16: 0 | N16: 41 | O16: 4 | P16: 0 | Q16: 3 | R16: 0 | S16: 4 | T16: 48 | U16: 2 | V16: 9 | W16: 13 | X16: 1 | Y16: 18 | Z16: 1 | AA16: 0 | AB16: 6 | AC16: 5 | AD16: 1 | AE16: 20 | AF16: 9 | AG16: 0 | AH16: 0 | AI16: 0 | AJ16: 0 | AK16: =P16+S16+V16+Y16+AB16+AE16+AH16 -> 57 | AL16: =Q16+T16+W16+Z16+AC16+AF16+AI16 -> 79 | AM16: =AK16+AL16 -> 136 | AN16: =R16+U16+X16+AA16+AD16+AG16+AJ16 -> 4 | AO16: =O16/H16*100 -> 9.7560976 | AP16: =AN16/H16*100 -> 9.7560976 | AQ16: =AN16/AM16*100 -> 2.9411765 | AR16: =AK16/AM16*100 -> 41.911765 | AS16: =AL16/AM16*100 -> 58.088235 | AT16: =R16/AN16*100 -> 0 | AU16: =U16/AN16*100 -> 50 | AV16: =X16/AN16*100 -> 25 | AW16: =AA16/AN16*100 -> 0 | AX16: =AD16/AN16*100 -> 25 | AY16: =AG16/AN16*100 -> 0 | AZ16: =AJ16/AN16*100 -> 0
B17: Comunidad Mandiyuti | C17: 90 | D17: 45762 | E17: 45769 | F17: 42 | G17: 0 | H17: =F17+G17 -> 42 | I17: 1 | J17: 0 | K17: =H17+I17+J17 -> 43 | L17: 0 | M17: 0 | N17: 46 | O17: 2 | P17: 0 | Q17: 3 | R17: 0 | S17: 16 | T17: 30 | U17: 0 | V17: 23 | W17: 7 | X17: 1 | Y17: 26 | Z17: 0 | AA17: 0 | AB17: 11 | AC17: 1 | AD17: 1 | AE17: 18 | AF17: 6 | AG17: 0 | AH17: 0 | AI17: 0 | AJ17: 0 | AK17: =P17+S17+V17+Y17+AB17+AE17+AH17 -> 94 | AL17: =Q17+T17+W17+Z17+AC17+AF17+AI17 -> 47 | AM17: =AK17+AL17 -> 141 | AN17: =R17+U17+X17+AA17+AD17+AG17+AJ17 -> 2 | AO17: =O17/H17*100 -> 4.7619048 | AP17: =AN17/H17*100 -> 4.7619048 | AQ17: =AN17/AM17*100 -> 1.4184397 | AR17: =AK17/AM17*100 -> 66.666667 | AS17: =AL17/AM17*100 -> 33.333333 | AT17: =R17/AN17*100 -> 0 | AU17: =U17/AN17*100 -> 0 | AV17: =X17/AN17*100 -> 50 | AW17: =AA17/AN17*100 -> 0 | AX17: =AD17/AN17*100 -> 50 | AY17: =AG17/AN17*100 -> 0 | AZ17: =AJ17/AN17*100 -> 0
A18: Total Abril | B18: =COUNTA(B14:B17) -> 4 | C18: =SUM(C14:C17) -> 609 | D18: =MIN(D14:D17) -> 45754 | E18: =MAX(E14:E17) -> 45771 | F18: =SUM(F14:F17) -> 274 | G18: =SUM(G14:G17) -> 0 | H18: =SUM(H14:H17) -> 274 | I18: =SUM(I14:I17) -> 10 | J18: =SUM(J14:J17) -> 0 | K18: =SUM(K14:K17) -> 284 | L18: =SUM(L14:L17) -> 0 | M18: =SUM(M14:M17) -> 0 | ... AJ18: =SUM(AJ14:AJ17) -> 1 | AK18: =P18+S18+V18+Y18+AB18+AE18+AH18 -> 530 | AL18: =Q18+T18+W18+Z18+AC18+AF18+AI18 -> 402 | AM18: =AK18+AL18 -> 932 | AN18: =R18+U18+X18+AA18+AD18+AG18+AJ18 -> 23 | AO18: =O18/H18*100 -> 6.2043796 | AP18: =AN18/H18*100 -> 8.3941606 | AQ18: =AN18/AM18*100 -> 2.4678112 | AR18: =AK18/AM18*100 -> 56.866953 | AS18: =AL18/AM18*100 -> 43.133047 | AT18: =R18/AN18*100 -> 0 | AU18: =U18/AN18*100 -> 30.434783 | AV18: =X18/AN18*100 -> 56.521739 | AW18: =AA18/AN18*100 -> 0 | AX18: =AD18/AN18*100 -> 8.6956522 | AY18: =AG18/AN18*100 -> 0 | AZ18: =AJ18/AN18*100 -> 4.3478261
A19: C.S. Huacaya | B19: Comunidad Huacaya | C19: 2516 | D19: 45966 | E19: 45986 | F19: 125 | G19: 0 | H19: 125 | I19: 3 | J19: 0 | K19: =H19+I19+J19 -> 128 | L19: 0 | M19: 0 | N19: 125 | O19: 0 | P19: 0 | Q19: 1 | R19: 0 | S19: 4 | T19: 90 | U19: 0 | V19: 18 | W19: 15 | X19: 0 | Y19: 0 | Z19: 4 | AA19: 0 | AB19: 5 | AC19: 12 | AD19: 0 | AE19: 163 | AF19: 0 | AG19: 0 | AH19: 0 | AI19: 0 | AJ19: 0 | AK19: =P19+S19+V19+Y19+AB19+AE19+AH19 -> 190 | AL19: =Q19+T19+W19+Z19+AC19+AF19+AI19 -> 122 | AM19: =AK19+AL19 -> 312 | AN19: =R19+U19+X19+AA19+AD19+AG19+AJ19 -> 0 | AO19: =O19/H19*100 -> 0 | AP19: =AN19/H19*100 -> 0 | AQ19: =AN19/AM19*100 -> 0 | AR19: =AK19/AM19*100 -> 60.897436 | AS19: =AL19/AM19*100 -> 39.102564 | AT19: =R19/AN19*100 -> #DIV/0! | AU19: =U19/AN19*100 -> #DIV/0! | AV19: =X19/AN19*100 -> #DIV/0! | AW19: =AA19/AN19*100 -> #DIV/0! | AX19: =AD19/AN19*100 -> #DIV/0! | AY19: =AG19/AN19*100 -> #DIV/0! | AZ19: =AJ19/AN19*100 -> #DIV/0!
A20: Total Noviembre | B20: =COUNTA(B16:B19) -> 4 | C20: =SUM(C16:C19) -> 3297 | D20: =MIN(D19) -> 45966 | E20: =MAX(E16:E19) -> 45986 | F20: =SUM(F16:F19) -> 482 | G20: =SUM(G16:G19) -> 0 | H20: =SUM(H16:H19) -> 482 | I20: =SUM(I16:I19) -> 20 | J20: =SUM(J16:J19) -> 0 | K20: =SUM(K16:K19) -> 502 | L20: =SUM(L16:L19) -> 0 | M20: =SUM(M16:M19) -> 0 | ... AJ20: =SUM(AJ16:AJ19) -> 1 | AK20: =P20+S20+V20+Y20+AB20+AE20+AH20 -> 871 | AL20: =Q20+T20+W20+Z20+AC20+AF20+AI20 -> 650 | AM20: =AK20+AL20 -> 1521 | AN20: =R20+U20+X20+AA20+AD20+AG20+AJ20 -> 29 | AO20: =O20/H20*100 -> 4.7717842 | AP20: =AN20/H20*100 -> 6.0165975 | AQ20: =AN20/AM20*100 -> 1.9066404 | AR20: =AK20/AM20*100 -> 57.264957 | AS20: =AL20/AM20*100 -> 42.735043 | AT20: =R20/AN20*100 -> 0 | AU20: =U20/AN20*100 -> 31.034483 | AV20: =X20/AN20*100 -> 51.724138 | AW20: =AA20/AN20*100 -> 0 | AX20: =AD20/AN20*100 -> 13.793103 | AY20: =AG20/AN20*100 -> 0 | AZ20: =AJ20/AN20*100 -> 3.4482759
A21: P.S. Mbororigua | B21: Comunidad Mbororigua | C21: 155 | D21: 45999 | E21: 46001 | F21: 54 | G21: 0 | H21: =F21+G21 -> 54 | I21: 1 | J21: 0 | K21: =H21+I21+J21 -> 55 | L21: 0 | M21: 0 | N21: 54 | O21: 0 | P21: 0 | Q21: 6 | R21: 0 | S21: 1 | T21: 25 | U21: 0 | V21: 0 | W21: 0 | X21: 0 | Y21: 0 | Z21: 0 | AA21: 0 | AB21: 5 | AC21: 1 | AD21: 0 | AE21: 0 | AF21: 0 | AG21: 0 | AH21: 0 | AI21: 0 | AJ21: 0 | AK21: =P21+S21+V21+Y21+AB21+AE21+AH21 -> 6 | AL21: =Q21+T21+W21+Z21+AC21+AF21+AI21 -> 32 | AM21: =AK21+AL21 -> 38 | AN21: =R21+U21+X21+AA21+AD21+AG21+AJ21 -> 0 | AO21: =O21/H21*100 -> 0 | AP21: =AN21/H21*100 -> 0 | AQ21: =AN21/AM21*100 -> 0 | AR21: =AK21/AM21*100 -> 15.789474 | AS21: =AL21/AM21*100 -> 84.210526 | AT21: =R21/AN21*100 -> #DIV/0! | AU21: =U21/AN21*100 -> #DIV/0! | AV21: =X21/AN21*100 -> #DIV/0! | AW21: =AA21/AN21*100 -> #DIV/0! | AX21: =AD21/AN21*100 -> #DIV/0! | AY21: =AG21/AN21*100 -> #DIV/0! | AZ21: =AJ21/AN21*100 -> #DIV/0!
A22: C.S. Huacaya | B22: Comunidad Mboicovo | C22: 95 | D22: 46003 | E22: 46003 | F22: 48 | G22: 0 | H22: =F22+G22 -> 48 | I22: 0 | J22: 0 | K22: =H22+I22+J22 -> 48 | L22: 0 | M22: 0 | N22: 48 | O22: 0 | P22: 0 | Q22: 1 | R22: 0 | S22: 2 | T22: 27 | U22: 0 | V22: 3 | W22: 0 | X22: 0 | Y22: 0 | Z22: 0 | AA22: 0 | AB22: 6 | AC22: 0 | AD22: 0 | AE22: 8 | AF22: 0 | AG22: 0 | AH22: 0 | AI22: 1 | AJ22: 0 | AK22: =P22+S22+V22+Y22+AB22+AE22+AH22 -> 19 | AL22: =Q22+T22+W22+Z22+AC22+AF22+AI22 -> 29 | AM22: =AK22+AL22 -> 48 | AN22: =R22+U22+X22+AA22+AD22+AG22+AJ22 -> 0 | AO22: =O22/H22*100 -> 0 | AP22: =AN22/H22*100 -> 0 | AQ22: =AN22/AM22*100 -> 0 | AR22: =AK22/AM22*100 -> 39.583333 | AS22: =AL22/AM22*100 -> 60.416667 | AT22: =R22/AN22*100 -> #DIV/0! | AU22: =U22/AN22*100 -> #DIV/0! | AV22: =X22/AN22*100 -> #DIV/0! | AW22: =AA22/AN22*100 -> #DIV/0! | AX22: =AD22/AN22*100 -> #DIV/0! | AY22: =AG22/AN22*100 -> #DIV/0! | AZ22: =AJ22/AN22*100 -> #DIV/0!
A23: C.S Santa Rosa de Cuevo | B23: Comunidad Santa Rosa | C23: 250 | D23: 46000 | E23: 46010 | F23: 122 | G23: 0 | H23: =F23+G23 -> 122 | I23: 7 | J23: 0 | K23: =H23+I23+J23 -> 129 | L23: 0 | M23: 0 | N23: 122 | O23: 7 | P23: 5 | Q23: 12 | R23: 0 | S23: 27 | T23: 186 | U23: 7 | V23: 49 | W23: 37 | X23: 0 | Y23: 14 | Z23: 5 | AA23: 0 | AB23: 21 | AC23: 8 | AD23: 0 | AE23: 42 | AF23: 3 | AG23: 0 | AH23: 5 | AI23: 1 | AJ23: 0 | AK23: =P23+S23+V23+Y23+AB23+AE23+AH23 -> 163 | AL23: =Q23+T23+W23+Z23+AC23+AF23+AI23 -> 252 | AM23: =AK23+AL23 -> 415 | AN23: =R23+U23+X23+AA23+AD23+AG23+AJ23 -> 7 | AO23: =O23/H23*100 -> 5.7377049 | AP23: =AN23/H23*100 -> 5.7377049 | AQ23: =AN23/AM23*100 -> 1.686747 | AR23: =AK23/AM23*100 -> 39.277108 | AS23: =AL23/AM23*100 -> 60.722892 | AT23: =R23/AN23*100 -> 0 | AU23: =U23/AN23*100 -> 100 | AV23: =X23/AN23*100 -> 0 | AW23: =AA23/AN23*100 -> 0 | AX23: =AD23/AN23*100 -> 0 | AY23: =AG23/AN23*100 -> 0 | AZ23: =AJ23/AN23*100 -> 0
A24: Total Diciembre | B24: =COUNTA(B20:B23) -> 4 | C24: =SUM(C21:C23) -> 500 | D24: =MIN(D21:D23) -> 45999 | E24: =MAX(E21:E23) -> 46010 | F24: =SUM(F21:F23) -> 224 | G24: =SUM(G21:G23) -> 0 | H24: =SUM(H21:H23) -> 224 | I24: =SUM(I21:I23) -> 8 | J24: =SUM(J21:J23) -> 0 | K24: =SUM(K21:K23) -> 232 | L24: =SUM(L21:L23) -> 0 | M24: =SUM(M21:M23) -> 0 | ... AJ24: =SUM(AJ21:AJ23) -> 0 | AK24: =P24+S24+V24+Y24+AB24+AE24+AH24 -> 188 | AL24: =Q24+T24+W24+Z24+AC24+AF24+AI24 -> 313 | AM24: =AK24+AL24 -> 501 | AN24: 7 | AO24: =O24/H24*100 -> 3.125 | AP24: =AN24/H24*100 -> 3.125 | AQ24: =AN24/AM24*100 -> 1.3972056 | AR24: =AK24/AM24*100 -> 37.52495 | AS24: =AL24/AM24*100 -> 62.47505 | AT24: =R24/AN24*100 -> 0 | AU24: =U24/AN24*100 -> 100 | AV24: =X24/AN24*100 -> 0 | AW24: =AA24/AN24*100 -> 0 | AX24: =AD24/AN24*100 -> 0 | AY24: =AG24/AN24*100 -> 0 | AZ24: =AJ24/AN24*100 -> 0
A25: Total | B25: =+B7+B10+B13+B18+B20+B24 -> 17 | C25: =+C7+C10+C13+C18+C20+C24 -> 5359 | D25: =MIN(D6:D24) -> 45664 | E25: =MAX(E6:E24) -> 46010 | F25: =+F7+F10+F13+F18+F24 -> 847 | G25: =+G7+G10+G13+G18+G24 -> 0 | H25: =+H7+H10+H13+H18+H24 -> 847 | I25: =+I7+I10+I13+I18+I24 -> 45 | J25: =+J7+J10+J13+J18+J24 -> 0 | K25: =+K7+K10+K13+K18+K24 -> 892 | L25: =+L7+L10+L13+L18+L24 -> 0 | M25: =+M7+M10+M13+M18+M24 -> 0 | ... AJ25: =+AJ7+AJ10+AJ13+AJ18+AJ24 -> 1 | AK25: =P25+S25+V25+Y25+AB25+AE25+AH25 -> 2440 | AL25: =Q25+T25+W25+Z25+AC25+AF25+AI25 -> 1605 | AM25: =AK25+AL25 -> 4045 | AN25: =R25+U25+X25+AA25+AD25+AG25+AJ25 -> 71 | AO25: =O25/H25*100 -> 7.0838253 | AP25: =AN25/H25*100 -> 8.3825266 | AQ25: =AN25/AM25*100 -> 1.7552534 | AR25: =AK25/AM25*100 -> 60.321384 | AS25: =AL25/AM25*100 -> 39.678616 | AT25: =R25/AN25*100 -> 0 | AU25: =U25/AN25*100 -> 36.619718 | AV25: =X25/AN25*100 -> 36.619718 | AW25: =AA25/AN25*100 -> 7.0422535 | AX25: =AD25/AN25*100 -> 5.6338028 | AY25: =AG25/AN25*100 -> 12.676056 | AZ25: =AJ25/AN25*100 -> 1.4084507
A26: Fuente: Estadistica programa ETV

Sheet Huacareta
A1: ENCUESTA DE LARVARIA DE AEDES AEGYPTI POR COMUNIDAD - BARRIOS DE HUACARETA GESTION 2025
A3: Establecimiento | B3: Barrio / Comunidad | C3: Habitantaes protegidos | D3: FECHA | F3: PREDIOS | K3: TOTAL PREDIOS | L3: Manzanos | N3: VIVIENDAS | P3: Grupo A Depositos de Almacenamiento de Gran Volumen | V3: Grupo B Depositos de Transporte de Agua Moviles | Y3: Grupo C Depositos Fijos de Almacenamiento de Agua | AB3: Grupo D Depositos para Eliminacion | AH3: Grupo E Depositos Naturales | AK3: TOTAL | AO3: indicadores | AT3: INDICADORES DE ENTOMOLOGICOS - TIPO RECIPIENTE
D4: Inicio | E4: Final | F4: INSPECCIONADAS | H4: TOTAL | I4: Cerradas | J4: Renuentes | L4: EVALUADAS | M4: FOCO AEDES | N4: CON FOCO | O4: FOCO AEDES | P4: A1 | S4: A2 | V4: B | Y4: C | AB4: D1 | AE4: D2 | AH4: E | AK4: Total Recipinetes Secos | AL4: Total Recipinetes Agua | AM4: Total Recipinetes | AN4: Total Recipinetes Positivos (+) | AO4: Entomologico | AR4: Recipiente | AT4: Indice por tipo de recipiente A1 | AU4: Indice por tipo de recipiente A2 | AV4: Indice por tipo de recipiente B | AW4: Indice por tipo de recipiente C | AX4: Indice por tipo de recipiente D1 | AY4: Indice por tipo de recipiente D2 | AZ4: Indice por tipo de recipiente E
F5: Vivienda | G5: T . Baldio | P5: S | Q5: A | R5: POSITIVOS (+) | S5: S | T5: A | U5: POSITIVOS (+) | V5: S | W5: A | X5: POSITIVOS (+) | Y5: S | Z5: A | AA5: POSITIVOS (+) | AB5: S | AC5: A | AD5: POSITIVOS (+) | AE5: S | AF5: A | AG5: POSITIVOS (+) | AH5: S | AI5: A | AJ5: POSITIVOS (+) | AO5: % Indice de Infestacion | AP5: % Indice Bretau | AQ5: % Indice Recipiente | AR5: % Recipientes secos | AS5: % Recipientes con agua
A6: C.S. San Pablo de Huacareta | B6: Huacareta | C6: =SUM(C7:C8) -> 1361 | D6: =MIN(D7:D8) -> 45672 | E6: =MAX(E7:E8) -> 45688 | F6: =SUM(F7:F8) -> 541 | G6: =SUM(G7:G8) -> 0 | H6: =SUM(H7:H8) -> 541 | I6: =SUM(I7:I8) -> 26 | J6: =SUM(J7:J8) -> 0 | K6: =SUM(K7:K8) -> 567 | L6: =SUM(L7:L8) -> 0 | M6: =SUM(M7:M8) -> 0 | ... AJ6: =SUM(AJ7:AJ8) -> 0 | AK6: =P6+S6+V6+Y6+AB6+AE6+AH6 -> 519 | AL6: =Q6+T6+W6+Z6+AC6+AF6+AI6 -> 465 | AM6: =AK6+AL6 -> 984 | AN6: =R6+U6+X6+AA6+AD6+AG6+AJ6 -> 6 | AO6: =O6/H6*100 -> 0.36968577 | AP6: =AN6/H6*100 -> 1.1090573 | AQ6: =AN6/AM6*100 -> 0.6097561 | AR6: =AK6/AM6*100 -> 52.743902 | AS6: =AL6/AM6*100 -> 47.256098 | AT6: =R6/AN6*100 -> 0 | AU6: =U6/AN6*100 -> 0 | AV6: =X6/AN6*100 -> 0 | AW6: =AA6/AN6*100 -> 0 | AX6: =AD6/AN6*100 -> 83.333333 | AY6: =AG6/AN6*100 -> 16.666667 | AZ6: =AJ6/AN6*100 -> 0
B7: Junta Vecinal Bolivar | C7: 554 | D7: 45673 | E7: 45687 | F7: 206 | G7: 0 | H7: =F7+G7 -> 206 | I7: 10 | J7: 0 | K7: =H7+I7+J7 -> 216 | L7: 0 | M7: 0 | N7: 0 | O7: 1 | P7: 0 | Q7: 0 | R7: 0 | S7: 0 | T7: 0 | U7: 0 | V7: 59 | W7: 38 | X7: 0 | Y7: 0 | Z7: 3 | AA7: 0 | AB7: 111 | AC7: 38 | AD7: 5 | AE7: 105 | AF7: 96 | AG7: 0 | AH7: 0 | AI7: 0 | AJ7: 0 | AK7: =P7+S7+V7+Y7+AB7+AE7+AH7 -> 275 | AL7: =Q7+T7+W7+Z7+AC7+AF7+AI7 -> 175 | AM7: =AK7+AL7 -> 450 | AN7: =R7+U7+X7+AA7+AD7+AG7+AJ7 -> 5 | AO7: =O7/H7*100 -> 0.48543689 | AP7: =AN7/H7*100 -> 2.4271845 | AQ7: =AN7/AM7*100 -> 1.1111111 | AR7: =AK7/AM7*100 -> 61.111111 | AS7: =AL7/AM7*100 -> 38.888889 | AT7: =R7/AN7*100 -> 0 | AU7: =U7/AN7*100 -> 0 | AV7: =X7/AN7*100 -> 0 | AW7: =AA7/AN7*100 -> 0 | AX7: =AD7/AN7*100 -> 100 | AY7: =AG7/AN7*100 -> 0 | AZ7: =AJ7/AN7*100 -> 0
B8: Junta Vecinal 29 de Octubre | C8: 807 | D8: 45672 | E8: 45688 | F8: 335 | G8: 0 | H8: =F8+G8 -> 335 | I8: 16 | J8: 0 | K8: =H8+I8+J8 -> 351 | L8: 0 | M8: 0 | N8: 0 | O8: 1 | P8: 0 | Q8: 0 | R8: 0 | S8: 0 | T8: 0 | U8: 0 | V8: 4 | W8: 60 | X8: 0 | Y8: 0 | Z8: 8 | AA8: 0 | AB8: 49 | AC8: 54 | AD8: 0 | AE8: 191 | AF8: 168 | AG8: 1 | AH8: 0 | AI8: 0 | AJ8: 0 | AK8: =P8+S8+V8+Y8+AB8+AE8+AH8 -> 244 | AL8: =Q8+T8+W8+Z8+AC8+AF8+AI8 -> 290 | AM8: =AK8+AL8 -> 534 | AN8: =R8+U8+X8+AA8+AD8+AG8+AJ8 -> 1 | AO8: =O8/H8*100 -> 0.29850746 | AP8: =AN8/H8*100 -> 0.29850746 | AQ8: =AN8/AM8*100 -> 0.18726592 | AR8: =AK8/AM8*100 -> 45.692884 | AS8: =AL8/AM8*100 -> 54.307116 | AT8: =R8/AN8*100 -> 0 | AU8: =U8/AN8*100 -> 0 | AV8: =X8/AN8*100 -> 0 | AW8: =AA8/AN8*100 -> 0 | AX8: =AD8/AN8*100 -> 0 | AY8: =AG8/AN8*100 -> 100 | AZ8: =AJ8/AN8*100 -> 0
B9: Comunidad San Jose | C9: 81 | D9: 45686 | E9: 45687 | F9: 52 | G9: 0 | H9: =F9+G9 -> 52 | I9: 0 | J9: 0 | K9: =H9+I9+J9 -> 52 | L9: 0 | M9: 0 | N9: 0 | O9: 1 | P9: 0 | Q9: 0 | R9: 0 | S9: 0 | T9: 0 | U9: 0 | V9: 0 | W9: 26 | X9: 1 | Y9: 0 | Z9: 0 | AA9: 0 | AB9: 0 | AC9: 0 | AD9: 0 | AE9: 30 | AF9: 26 | AG9: 0 | AH9: 0 | AI9: 0 | AJ9: 0 | AK9: =P9+S9+V9+Y9+AB9+AE9+AH9 -> 30 | AL9: =Q9+T9+W9+Z9+AC9+AF9+AI9 -> 52 | AM9: =AK9+AL9 -> 82 | AN9: =R9+U9+X9+AA9+AD9+AG9+AJ9 -> 1 | AO9: =O9/H9*100 -> 1.9230769 | AP9: =AN9/H9*100 -> 1.9230769 | AQ9: =AN9/AM9*100 -> 1.2195122 | AR9: =AK9/AM9*100 -> 36.585366 | AS9: =AL9/AM9*100 -> 63.414634 | AT9: =R9/AN9*100 -> 0 | AU9: =U9/AN9*100 -> 0 | AV9: =X9/AN9*100 -> 100 | AW9: =AA9/AN9*100 -> 0 | AX9: =AD9/AN9*100 -> 0 | AY9: =AG9/AN9*100 -> 0 | AZ9: =AJ9/AN9*100 -> 0
A10: Total Enero | B10: =COUNTA(B7:B9) -> 3 | C10: =C6+C9 -> 1442 | D10: =MIN(D4:D9) -> 45672 | E10: =MAX(E4:E9) -> 45688 | F10: =F6+F9 -> 593 | G10: =G6+G9 -> 0 | H10: =H6+H9 -> 593 | I10: =I6+I9 -> 26 | J10: =J6+J9 -> 0 | K10: =K6+K9 -> 619 | L10: =L6+L9 -> 0 | M10: =M6+M9 -> 0 | ... AJ10: =AJ6+AJ9 -> 0 | AK10: =P10+S10+V10+Y10+AB10+AE10+AH10 -> 549 | AL10: =Q10+T10+W10+Z10+AC10+AF10+AI10 -> 517 | AM10: =AK10+AL10 -> 1066 | AN10: =R10+U10+X10+AA10+AD10+AG10+AJ10 -> 7 | AO10: =O10/H10*100 -> 0.50590219 | AP10: =AN10/H10*100 -> 1.1804384 | AQ10: =AN10/AM10*100 -> 0.65666041 | AR10: =AK10/AM10*100 -> 51.500938 | AS10: =AL10/AM10*100 -> 48.499062 | AT10: =R10/AN10*100 -> 0 | AU10: =U10/AN10*100 -> 0 | AV10: =X10/AN10*100 -> 14.285714 | AW10: =AA10/AN10*100 -> 0 | AX10: =AD10/AN10*100 -> 71.428571 | AY10: =AG10/AN10*100 -> 14.285714 | AZ10: =AJ10/AN10*100 -> 0
A11: C.S. San Pablo de Huacareta | B11: Huacareta | C11: =SUM(C12:C13) -> 1239 | D11: =MIN(D12:D13) -> 45691 | E11: =MAX(E12:E13) -> 45714 | F11: =SUM(F12:F13) -> 538 | G11: =SUM(G12:G13) -> 0 | H11: =SUM(H12:H13) -> 538 | I11: =SUM(I12:I13) -> 29 | J11: =SUM(J12:J13) -> 0 | K11: =SUM(K12:K13) -> 567 | L11: =SUM(L12:L13) -> 0 | M11: =SUM(M12:M13) -> 0 | ... AJ11: =SUM(AJ12:AJ13) -> 0 | AK11: =P11+S11+V11+Y11+AB11+AE11+AH11 -> 316 | AL11: =Q11+T11+W11+Z11+AC11+AF11+AI11 -> 500 | AM11: =AK11+AL11 -> 816 | AN11: =R11+U11+X11+AA11+AD11+AG11+AJ11 -> 6 | AO11: =O11/H11*100 -> 1.1152416 | AP11: =AN11/H11*100 -> 1.1152416 | AQ11: =AN11/AM11*100 -> 0.73529412 | AR11: =AK11/AM11*100 -> 38.72549 | AS11: =AL11/AM11*100 -> 61.27451 | AT11: =R11/AN11*100 -> 0 | AU11: =U11/AN11*100 -> 0 | AV11: =X11/AN11*100 -> 33.333333 | AW11: =AA11/AN11*100 -> 0 | AX11: =AD11/AN11*100 -> 33.333333 | AY11: =AG11/AN11*100 -> 33.333333 | AZ11: =AJ11/AN11*100 -> 0
B12: Junta Vecinal Bolivar | C12: 428 | D12: 45691 | E12: 45698 | F12: 202 | G12: 0 | H12: =F12+G12 -> 202 | I12: 14 | J12: 0 | K12: =H12+I12+J12 -> 216 | L12: 0 | M12: 0 | N12: 202 | O12: 3 | P12: 0 | Q12: 0 | R12: 0 | S12: 0 | T12: 0 | U12: 0 | V12: 12 | W12: 37 | X12: 1 | Y12: 2 | Z12: 3 | AA12: 0 | AB12: 3 | AC12: 25 | AD12: 2 | AE12: 98 | AF12: 125 | AG12: 0 | AH12: 0 | AI12: 0 | AJ12: 0 | AK12: =P12+S12+V12+Y12+AB12+AE12+AH12 -> 115 | AL12: =Q12+T12+W12+Z12+AC12+AF12+AI12 -> 190 | AM12: =AK12+AL12 -> 305 | AN12: =R12+U12+X12+AA12+AD12+AG12+AJ12 -> 3 | AO12: =O12/H12*100 -> 1.4851485 | AP12: =AN12/H12*100 -> 1.4851485 | AQ12: =AN12/AM12*100 -> 0.98360656 | AR12: =AK12/AM12*100 -> 37.704918 | AS12: =AL12/AM12*100 -> 62.295082 | AT12: =R12/AN12*100 -> 0 | AU12: =U12/AN12*100 -> 0 | AV12: =X12/AN12*100 -> 33.333333 | AW12: =AA12/AN12*100 -> 0 | AX12: =AD12/AN12*100 -> 66.666667 | AY12: =AG12/AN12*100 -> 0 | AZ12: =AJ12/AN12*100 -> 0
B13: Junta Vecinal 29 de Octubre | C13: 811 | D13: 45698 | E13: 45714 | F13: 336 | G13: 0 | H13: =F13+G13 -> 336 | I13: 15 | J13: 0 | K13: =H13+I13+J13 -> 351 | L13: 0 | M13: 0 | N13: 336 | O13: 3 | P13: 0 | Q13: 1 | R13: 0 | S13: 0 | T13: 0 | U13: 0 | V13: 0 | W13: 88 | X13: 1 | Y13: 0 | Z13: 1 | AA13: 0 | AB13: 8 | AC13: 32 | AD13: 0 | AE13: 193 | AF13: 188 | AG13: 2 | AH13: 0 | AI13: 0 | AJ13: 0 | AK13: =P13+S13+V13+Y13+AB13+AE13+AH13 -> 201 | AL13: =Q13+T13+W13+Z13+AC13+AF13+AI13 -> 310 | AM13: =AK13+AL13 -> 511 | AN13: =R13+U13+X13+AA13+AD13+AG13+AJ13 -> 3 | AO13: =O13/H13*100 -> 0.89285714 | AP13: =AN13/H13*100 -> 0.89285714 | AQ13: =AN13/AM13*100 -> 0.58708415 | AR13: =AK13/AM13*100 -> 39.334638 | AS13: =AL13/AM13*100 -> 60.665362 | AT13: =R13/AN13*100 -> 0 | AU13: =U13/AN13*100 -> 0 | AV13: =X13/AN13*100 -> 33.333333 | AW13: =AA13/AN13*100 -> 0 | AX13: =AD13/AN13*100 -> 0 | AY13: =AG13/AN13*100 -> 66.666667 | AZ13: =AJ13/AN13*100 -> 0
A14: Total Febrero | B14: 2 | C14: =C11 -> 1239 | D14: =D11 -> 45691 | E14: =E11 -> 45714 | F14: =F11 -> 538 | G14: =G11 -> 0 | H14: =H11 -> 538 | I14: =I11 -> 29 | J14: =J11 -> 0 | ... AJ14: =AJ11 -> 0 | AK14: =P14+S14+V14+Y14+AB14+AE14+AH14 -> 316 | AL14: =Q14+T14+W14+Z14+AC14+AF14+AI14 -> 500 | AM14: =AK14+AL14 -> 816 | AN14: =R14+U14+X14+AA14+AD14+AG14+AJ14 -> 6 | AO14: =O14/H14*100 -> 1.1152416 | AP14: =AN14/H14*100 -> 1.1152416 | AQ14: =AN14/AM14*100 -> 0.73529412 | AR14: =AK14/AM14*100 -> 38.72549 | AS14: =AL14/AM14*100 -> 61.27451 | AT14: =R14/AN14*100 -> 0 | AU14: =U14/AN14*100 -> 0 | AV14: =X14/AN14*100 -> 33.333333 | AW14: =AA14/AN14*100 -> 0 | AX14: =AD14/AN14*100 -> 33.333333 | AY14: =AG14/AN14*100 -> 33.333333 | AZ14: =AJ14/AN14*100 -> 0
A15: C.S. San Pablo de Huacareta | B15: Huacareta | C15: =SUM(C16:C17) -> 1426 | D15: =MIN(D16:D17) -> 45722 | E15: =MAX(E16:E17) -> 45744 | F15: =SUM(F16:F17) -> 542 | G15: =SUM(G16:G17) -> 0 | H15: =SUM(H16:H17) -> 542 | I15: =SUM(I16:I17) -> 25 | J15: =SUM(J16:J17) -> 0 | K15: =SUM(K16:K17) -> 567 | L15: =SUM(L16:L17) -> 0 | M15: =SUM(M16:M17) -> 0 | ... AJ15: =SUM(AJ16:AJ17) -> 0 | AK15: =P15+S15+V15+Y15+AB15+AE15+AH15 -> 873 | AL15: =Q15+T15+W15+Z15+AC15+AF15+AI15 -> 700 | AM15: =AK15+AL15 -> 1573 | AN15: =R15+U15+X15+AA15+AD15+AG15+AJ15 -> 9 | AO15: =O15/H15*100 -> 1.6605166 | AP15: =AN15/H15*100 -> 1.6605166 | AQ15: =AN15/AM15*100 -> 0.57215512 | AR15: =AK15/AM15*100 -> 55.499046 | AS15: =AL15/AM15*100 -> 44.500954 | AT15: =R15/AN15*100 -> 0 | AU15: =U15/AN15*100 -> 0 | AV15: =X15/AN15*100 -> 11.111111 | AW15: =AA15/AN15*100 -> 0 | AX15: =AD15/AN15*100 -> 22.222222 | AY15: =AG15/AN15*100 -> 66.666667 | AZ15: =AJ15/AN15*100 -> 0
B16: Junta Vecinal Bolivar | C16: 502 | D16: 45722 | E16: 45734 | F16: 204 | G16: 0 | H16: =F16+G16 -> 204 | I16: 12 | J16: 0 | K16: =H16+I16+J16 -> 216 | L16: 0 | M16: 0 | N16: 204 | O16: 3 | P16: 0 | Q16: 0 | R16: 0 | S16: 0 | T16: 0 | U16: 0 | V16: 51 | W16: 88 | X16: 0 | Y16: 0 | Z16: 1 | AA16: 0 | AB16: 73 | AC16: 38 | AD16: 2 | AE16: 99 | AF16: 168 | AG16: 1 | AH16: 0 | AI16: 0 | AJ16: 0 | AK16: =P16+S16+V16+Y16+AB16+AE16+AH16 -> 223 | AL16: =Q16+T16+W16+Z16+AC16+AF16+AI16 -> 295 | AM16: =AK16+AL16 -> 518 | AN16: =R16+U16+X16+AA16+AD16+AG16+AJ16 -> 3 | AO16: =O16/H16*100 -> 1.4705882 | AP16: =AN16/H16*100 -> 1.4705882 | AQ16: =AN16/AM16*100 -> 0.57915058 | AR16: =AK16/AM16*100 -> 43.050193 | AS16: =AL16/AM16*100 -> 56.949807 | AT16: =R16/AN16*100 -> 0 | AU16: =U16/AN16*100 -> 0 | AV16: =X16/AN16*100 -> 0 | AW16: =AA16/AN16*100 -> 0 | AX16: =AD16/AN16*100 -> 66.666667 | AY16: =AG16/AN16*100 -> 33.333333 | AZ16: =AJ16/AN16*100 -> 0
B17: Junta Vecinal 29 de Octubre | C17: 924 | D17: 45733 | E17: 45744 | F17: 338 | G17: 0 | H17: =F17+G17 -> 338 | I17: 13 | J17: 0 | K17: =H17+I17+J17 -> 351 | L17: 0 | M17: 0 | N17: 338 | O17: 6 | P17: 0 | Q17: 0 | R17: 0 | S17: 0 | T17: 0 | U17: 0 | V17: 198 | W17: 87 | X17: 1 | Y17: 0 | Z17: 1 | AA17: 0 | AB17: 212 | AC17: 42 | AD17: 0 | AE17: 240 | AF17: 275 | AG17: 5 | AH17: 0 | AI17: 0 | AJ17: 0 | AK17: =P17+S17+V17+Y17+AB17+AE17+AH17 -> 650 | AL17: =Q17+T17+W17+Z17+AC17+AF17+AI17 -> 405 | AM17: =AK17+AL17 -> 1055 | AN17: =R17+U17+X17+AA17+AD17+AG17+AJ17 -> 6 | AO17: =O17/H17*100 -> 1.7751479 | AP17: =AN17/H17*100 -> 1.7751479 | AQ17: =AN17/AM17*100 -> 0.56872038 | AR17: =AK17/AM17*100 -> 61.611374 | AS17: =AL17/AM17*100 -> 38.388626 | AT17: =R17/AN17*100 -> 0 | AU17: =U17/AN17*100 -> 0 | AV17: =X17/AN17*100 -> 16.666667 | AW17: =AA17/AN17*100 -> 0 | AX17: =AD17/AN17*100 -> 0 | AY17: =AG17/AN17*100 -> 83.333333 | AZ17: =AJ17/AN17*100 -> 0
A18: Total Marzo | B18: 2 | C18: =C15 -> 1426 | D18: 45722 | E18: 45744 | F18: =F15 -> 542 | G18: =G15 -> 0 | H18: =H15 -> 542 | I18: =I15 -> 25 | J18: =J15 -> 0 | K18: =K15 -> 567 | L18: =L15 -> 0 | M18: =M15 -> 0 | ... AJ18: =AJ15 -> 0 | AK18: =P18+S18+V18+Y18+AB18+AE18+AH18 -> 873 | AL18: =Q18+T18+W18+Z18+AC18+AF18+AI18 -> 700 | AM18: =AK18+AL18 -> 1573 | AN18: =R18+U18+X18+AA18+AD18+AG18+AJ18 -> 9 | AO18: =O18/H18*100 -> 1.6605166 | AP18: =AN18/H18*100 -> 1.6605166 | AQ18: =AN18/AM18*100 -> 0.57215512 | AR18: =AK18/AM18*100 -> 55.499046 | AS18: =AL18/AM18*100 -> 44.500954 | AT18: =R18/AN18*100 -> 0 | AU18: =U18/AN18*100 -> 0 | AV18: =X18/AN18*100 -> 11.111111 | AW18: =AA18/AN18*100 -> 0 | AX18: =AD18/AN18*100 -> 22.222222 | AY18: =AG18/AN18*100 -> 66.666667 | AZ18: =AJ18/AN18*100 -> 0
A19: C.S. San Pablo de Huacareta | B19: Huacareta | C19: =SUM(C20:C21) -> 441 | D19: =MIN(D20:D21) -> 45748 | E19: =MAX(E20:E21) -> 45777 | F19: =SUM(F20:F21) -> 530 | G19: =SUM(G20:G21) -> 0 | H19: =SUM(H20:H21) -> 530 | I19: =SUM(I20:I21) -> 37 | J19: =SUM(J20:J21) -> 0 | K19: =SUM(K20:K21) -> 567 | L19: =SUM(L20:L21) -> 0 | M19: =SUM(M20:M21) -> 0 | ... AJ19: =SUM(AJ20:AJ21) -> 0 | AK19: =P19+S19+V19+Y19+AB19+AE19+AH19 -> 399 | AL19: =Q19+T19+W19+Z19+AC19+AF19+AI19 -> 551 | AM19: =AK19+AL19 -> 950 | AN19: =R19+U19+X19+AA19+AD19+AG19+AJ19 -> 9 | AO19: =O19/H19*100 -> 1.509434 | AP19: =AN19/H19*100 -> 1.6981132 | AQ19: =AN19/AM19*100 -> 0.94736842 | AR19: =AK19/AM19*100 -> 42 | AS19: =AL19/AM19*100 -> 58 | AT19: =R19/AN19*100 -> 0 | AU19: =U19/AN19*100 -> 0 | AV19: =X19/AN19*100 -> 55.555556 | AW19: =AA19/AN19*100 -> 0 | AX19: =AD19/AN19*100 -> 11.111111 | AY19: =AG19/AN19*100 -> 33.333333 | AZ19: =AJ19/AN19*100 -> 0
B20: Junta Vecinal Bolivar | C20: 405 | D20: 45748 | E20: 45754 | F20: 202 | G20: 0 | H20: =F20+G20 -> 202 | I20: 14 | J20: 0 | K20: =H20+I20+J20 -> 216 | L20: 0 | M20: 0 | N20: 202 | O20: 2 | P20: 0 | Q20: 0 | R20: 0 | S20: 0 | T20: 0 | U20: 0 | V20: 37 | W20: 63 | X20: 3 | Y20: 0 | Z20: 8 | AA20: 0 | AB20: 38 | AC20: 35 | AD20: 0 | AE20: 122 | AF20: 126 | AG20: 0 | AH20: 0 | AI20: 0 | AJ20: 0 | AK20: =P20+S20+V20+Y20+AB20+AE20+AH20 -> 197 | AL20: =Q20+T20+W20+Z20+AC20+AF20+AI20 -> 232 | AM20: =AK20+AL20 -> 429 | AN20: =R20+U20+X20+AA20+AD20+AG20+AJ20 -> 3 | AO20: =O20/H20*100 -> 0.99009901 | AP20: =AN20/H20*100 -> 1.4851485 | AQ20: =AN20/AM20*100 -> 0.6993007 | AR20: =AK20/AM20*100 -> 45.920746 | AS20: =AL20/AM20*100 -> 54.079254 | AT20: =R20/AN20*100 -> 0 | AU20: =U20/AN20*100 -> 0 | AV20: =X20/AN20*100 -> 100 | AW20: =AA20/AN20*100 -> 0 | AX20: =AD20/AN20*100 -> 0 | AY20: =AG20/AN20*100 -> 0 | AZ20: =AJ20/AN20*100 -> 0
B21: Junta Vecinal 29 de Octubre | C21: 36 | D21: 45754 | E21: 45777 | F21: 328 | G21: 0 | H21: =F21+G21 -> 328 | I21: 23 | J21: 0 | K21: =H21+I21+J21 -> 351 | L21: 0 | M21: 0 | N21: 328 | O21: 6 | P21: 0 | Q21: 0 | R21: 0 | S21: 0 | T21: 0 | U21: 0 | V21: 32 | W21: 37 | X21: 2 | Y21: 10 | Z21: 2 | AA21: 0 | AB21: 43 | AC21: 71 | AD21: 1 | AE21: 117 | AF21: 209 | AG21: 3 | AH21: 0 | AI21: 0 | AJ21: 0 | AK21: =P21+S21+V21+Y21+AB21+AE21+AH21 -> 202 | AL21: =Q21+T21+W21+Z21+AC21+AF21+AI21 -> 319 | AM21: =AK21+AL21 -> 521 | AN21: =R21+U21+X21+AA21+AD21+AG21+AJ21 -> 6 | AO21: =O21/H21*100 -> 1.8292683 | AP21: =AN21/H21*100 -> 1.8292683 | AQ21: =AN21/AM21*100 -> 1.1516315 | AR21: =AK21/AM21*100 -> 38.771593 | AS21: =AL21/AM21*100 -> 61.228407 | AT21: =R21/AN21*100 -> 0 | AU21: =U21/AN21*100 -> 0 | AV21: =X21/AN21*100 -> 33.333333 | AW21: =AA21/AN21*100 -> 0 | AX21: =AD21/AN21*100 -> 16.666667 | AY21: =AG21/AN21*100 -> 50 | AZ21: =AJ21/AN21*100 -> 0
B22: Comunidad San Jose | C22: 111 | D22: 45769 | E22: 45770 | F22: 56 | G22: 0 | H22: =F22+G22 -> 56 | I22: 1 | J22: 0 | K22: =H22+I22+J22 -> 57 | L22: 0 | M22: 0 | N22: 56 | O22: 0 | P22: 0 | Q22: 0 | R22: 0 | S22: 0 | T22: 0 | U22: 0 | V22: 11 | W22: 6 | X22: 0 | Y22: 0 | Z22: 0 | AA22: 0 | AB22: 15 | AC22: 6 | AD22: 0 | AE22: 58 | AF22: 33 | AG22: 0 | AH22: 0 | AI22: 0 | AJ22: 0 | AK22: =P22+S22+V22+Y22+AB22+AE22+AH22 -> 84 | AL22: =Q22+T22+W22+Z22+AC22+AF22+AI22 -> 45 | AM22: =AK22+AL22 -> 129 | AN22: =R22+U22+X22+AA22+AD22+AG22+AJ22 -> 0 | AO22: =O22/H22*100 -> 0 | AP22: =AN22/H22*100 -> 0 | AQ22: =AN22/AM22*100 -> 0 | AR22: =AK22/AM22*100 -> 65.116279 | AS22: =AL22/AM22*100 -> 34.883721 | AT22: =R22/AN22*100 -> #DIV/0! | AU22: =U22/AN22*100 -> #DIV/0! | AV22: =X22/AN22*100 -> #DIV/0! | AW22: =AA22/AN22*100 -> #DIV/0! | AX22: =AD22/AN22*100 -> #DIV/0! | AY22: =AG22/AN22*100 -> #DIV/0! | AZ22: =AJ22/AN22*100 -> #DIV/0!
A23: Total Abril | B23: 3 | C23: =C19+C22 -> 552 | D23: =MIN(D19:D22) -> 45748 | E23: =MAX(E19:E22) -> 45777 | F23: =F19+F22 -> 586 | G23: =G19+G22 -> 0 | H23: =H19+H22 -> 586 | I23: =I19+I22 -> 38 | J23: =J19+J22 -> 0 | K23: =K19+K22 -> 624 | L23: =L19+L22 -> 0 | M23: =M19+M22 -> 0 | ... AJ23: =AJ19+AJ22 -> 0 | AK23: =P23+S23+V23+Y23+AB23+AE23+AH23 -> 483 | AL23: =Q23+T23+W23+Z23+AC23+AF23+AI23 -> 596 | AM23: =AK23+AL23 -> 1079 | AN23: =R23+U23+X23+AA23+AD23+AG23+AJ23 -> 9 | AO23: =O23/H23*100 -> 1.3651877 | AP23: =AN23/H23*100 -> 1.5358362 | AQ23: =AN23/AM23*100 -> 0.83410565 | AR23: =AK23/AM23*100 -> 44.76367 | AS23: =AL23/AM23*100 -> 55.23633 | AT23: =R23/AN23*100 -> 0 | AU23: =U23/AN23*100 -> 0 | AV23: =X23/AN23*100 -> 55.555556 | AW23: =AA23/AN23*100 -> 0 | AX23: =AD23/AN23*100 -> 11.111111 | AY23: =AG23/AN23*100 -> 33.333333 | AZ23: =AJ23/AN23*100 -> 0
A24: C.S. San Pablo de Huacareta | B24: Huacareta | C24: =SUM(C25:C26) -> 1245 | D24: =MIN(D25:D26) -> 45782 | E24: =MAX(E25:E26) -> 45808 | F24: =SUM(F25:F26) -> 545 | G24: =SUM(G25:G26) -> 0 | H24: =SUM(H25:H26) -> 545 | I24: =SUM(I25:I26) -> 22 | J24: =SUM(J25:J26) -> 0 | K24: =SUM(K25:K26) -> 567 | L24: =SUM(L25:L26) -> 0 | M24: =SUM(M25:M26) -> 0 | ... AJ24: =SUM(AJ25:AJ26) -> 0 | AK24: =P24+S24+V24+Y24+AB24+AE24+AH24 -> 610 | AL24: =Q24+T24+W24+Z24+AC24+AF24+AI24 -> 389 | AM24: =AK24+AL24 -> 999 | AN24: =R24+U24+X24+AA24+AD24+AG24+AJ24 -> 0 | AO24: =O24/H24*100 -> 0 | AP24: =AN24/H24*100 -> 0 | AQ24: =AN24/AM24*100 -> 0 | AR24: =AK24/AM24*100 -> 61.061061 | AS24: =AL24/AM24*100 -> 38.938939 | AT24: =R24/AN24*100 -> #DIV/0! | AU24: =U24/AN24*100 -> #DIV/0! | AV24: =X24/AN24*100 -> #DIV/0! | AW24: =AA24/AN24*100 -> #DIV/0! | AX24: =AD24/AN24*100 -> #DIV/0! | AY24: =AG24/AN24*100 -> #DIV/0! | AZ24: =AJ24/AN24*100 -> #DIV/0!
B25: Junta Vecinal Bolivar | C25: 434 | D25: 45782 | E25: 45796 | F25: 205 | G25: 0 | H25: =F25+G25 -> 205 | I25: 11 | J25: 0 | K25: =H25+I25+J25 -> 216 | L25: 0 | M25: 0 | N25: 216 | O25: 0 | P25: 0 | Q25: 0 | R25: 0 | S25: 0 | T25: 0 | U25: 0 | V25: 24 | W25: 71 | X25: 0 | Y25: 0 | Z25: 16 | AA25: 0 | AB25: 15 | AC25: 18 | AD25: 0 | AE25: 77 | AF25: 124 | AG25: 0 | AH25: 0 | AI25: 0 | AJ25: 0 | AK25: =P25+S25+V25+Y25+AB25+AE25+AH25 -> 116 | AL25: =Q25+T25+W25+Z25+AC25+AF25+AI25 -> 229 | AM25: =AK25+AL25 -> 345 | AN25: =R25+U25+X25+AA25+AD25+AG25+AJ25 -> 0 | AO25: =O25/H25*100 -> 0 | AP25: =AN25/H25*100 -> 0 | AQ25: =AN25/AM25*100 -> 0 | AR25: =AK25/AM25*100 -> 33.623188 | AS25: =AL25/AM25*100 -> 66.376812 | AT25: =R25/AN25*100 -> #DIV/0! | AU25: =U25/AN25*100 -> #DIV/0! | AV25: =X25/AN25*100 -> #DIV/0! | AW25: =AA25/AN25*100 -> #DIV/0! | AX25: =AD25/AN25*100 -> #DIV/0! | AY25: =AG25/AN25*100 -> #DIV/0! | AZ25: =AJ25/AN25*100 -> #DIV/0!
B26: Junta Vecinal 29 de Octubre | C26: 811 | D26: 45796 | E26: 45808 | F26: 340 | G26: 0 | H26: =F26+G26 -> 340 | I26: 11 | J26: 0 | K26: =H26+I26+J26 -> 351 | L26: 0 | M26: 0 | N26: 351 | O26: 0 | P26: 0 | Q26: 0 | R26: 0 | S26: 0 | T26: 1 | U26: 0 | V26: 110 | W26: 12 | X26: 0 | Y26: 1 | Z26: 12 | AA26: 0 | AB26: 143 | AC26: 41 | AD26: 0 | AE26: 240 | AF26: 94 | AG26: 0 | AH26: 0 | AI26: 0 | AJ26: 0 | AK26: =P26+S26+V26+Y26+AB26+AE26+AH26 -> 494 | AL26: =Q26+T26+W26+Z26+AC26+AF26+AI26 -> 160 | AM26: =AK26+AL26 -> 654 | AN26: =R26+U26+X26+AA26+AD26+AG26+AJ26 -> 0 | AO26: =O26/H26*100 -> 0 | AP26: =AN26/H26*100 -> 0 | AQ26: =AN26/AM26*100 -> 0 | AR26: =AK26/AM26*100 -> 75.535168 | AS26: =AL26/AM26*100 -> 24.464832 | AT26: =R26/AN26*100 -> #DIV/0! | AU26: =U26/AN26*100 -> #DIV/0! | AV26: =X26/AN26*100 -> #DIV/0! | AW26: =AA26/AN26*100 -> #DIV/0! | AX26: =AD26/AN26*100 -> #DIV/0! | AY26: =AG26/AN26*100 -> #DIV/0! | AZ26: =AJ26/AN26*100 -> #DIV/0!
A27: Total Mayo | B27: =COUNTA(B25:B26) -> 2 | C27: =C24 -> 1245 | D27: =MIN(D25:D26) -> 45782 | E27: =MAX(E25:E26) -> 45808 | F27: =F24 -> 545 | G27: =G24 -> 0 | H27: =H24 -> 545 | I27: =I24 -> 22 | J27: =J24 -> 0 | K27: =K24 -> 567 | L27: =L24 -> 0 | M27: =M24 -> 0 | ... AJ27: =AJ24 -> 0 | AK27: =P27+S27+V27+Y27+AB27+AE27+AH27 -> 610 | AL27: =Q27+T27+W27+Z27+AC27+AF27+AI27 -> 389 | AM27: =AK27+AL27 -> 999 | AN27: =R27+U27+X27+AA27+AD27+AG27+AJ27 -> 0 | AO27: =O27/H27*100 -> 0 | AP27: =AN27/H27*100 -> 0 | AQ27: =AN27/AM27*100 -> 0 | AR27: =AK27/AM27*100 -> 61.061061 | AS27: =AL27/AM27*100 -> 38.938939 | AT27: =R27/AN27*100 -> #DIV/0! | AU27: =U27/AN27*100 -> #DIV/0! | AV27: =X27/AN27*100 -> #DIV/0! | AW27: =AA27/AN27*100 -> #DIV/0! | AX27: =AD27/AN27*100 -> #DIV/0! | AY27: =AG27/AN27*100 -> #DIV/0! | AZ27: =AJ27/AN27*100 -> #DIV/0!
A28: Junio
A29: Julio
A30: Agosto
A31: Septiembre
A32: C.S. San Pablo de Huacareta | B32: Huacareta | C32: =SUM(C33:C34) -> 1612 | D32: =MIN(D33:D34) -> 45945 | E32: =MAX(E33:E34) -> 45959 | F32: =SUM(F33:F34) -> 676 | G32: =SUM(G33:G34) -> 0 | H32: =SUM(H33:H34) -> 676 | I32: =SUM(I33:I34) -> 26 | J32: =SUM(J33:J34) -> 0 | K32: =SUM(K33:K34) -> 702 | L32: =SUM(L33:L34) -> 0 | M32: =SUM(M33:M34) -> 0 | ... AJ32: =SUM(AJ33:AJ34) -> 0 | AK32: =P32+S32+V32+Y32+AB32+AE32+AH32 -> 466 | AL32: =Q32+T32+W32+Z32+AC32+AF32+AI32 -> 232 | AM32: =AK32+AL32 -> 698 | AN32: =R32+U32+X32+AA32+AD32+AG32+AJ32 -> 0 | AO32: =O32/H32*100 -> 0 | AP32: =AN32/H32*100 -> 0 | AQ32: =AN32/AM32*100 -> 0 | AR32: =AK32/AM32*100 -> 66.762178 | AS32: =AL32/AM32*100 -> 33.237822 | AT32: =R32/AN32*100 -> #DIV/0! | AU32: =U32/AN32*100 -> #DIV/0! | AV32: =X32/AN32*100 -> #DIV/0! | AW32: =AA32/AN32*100 -> #DIV/0! | AX32: =AD32/AN32*100 -> #DIV/0! | AY32: =AG32/AN32*100 -> #DIV/0! | AZ32: =AJ32/AN32*100 -> #DIV/0!
B33: Junta Vecinal 29 de Octubre | C33: 806 | D33: 45945 | E33: 45959 | F33: 338 | G33: 0 | H33: =F33+G33 -> 338 | I33: 13 | J33: 0 | K33: =H33+I33+J33 -> 351 | L33: 0 | M33: 0 | N33: 338 | O33: 0 | P33: 0 | Q33: 1 | R33: 0 | S33: 0 | T33: 0 | U33: 0 | V33: 24 | W33: 10 | X33: 0 | Y33: 6 | Z33: 20 | AA33: 0 | AB33: 62 | AC33: 36 | AD33: 0 | AE33: 141 | AF33: 49 | AG33: 0 | AH33: 0 | AI33: 0 | AJ33: 0 | AK33: =P33+S33+V33+Y33+AB33+AE33+AH33 -> 233 | AL33: =Q33+T33+W33+Z33+AC33+AF33+AI33 -> 116 | AM33: =AK33+AL33 -> 349 | AN33: =R33+U33+X33+AA33+AD33+AG33+AJ33 -> 0 | AO33: =O33/H33*100 -> 0 | AP33: =AN33/H33*100 -> 0 | AQ33: =AN33/AM33*100 -> 0 | AR33: =AK33/AM33*100 -> 66.762178 | AS33: =AL33/AM33*100 -> 33.237822 | AT33: =R33/AN33*100 -> #DIV/0! | AU33: =U33/AN33*100 -> #DIV/0! | AV33: =X33/AN33*100 -> #DIV/0! | AW33: =AA33/AN33*100 -> #DIV/0! | AX33: =AD33/AN33*100 -> #DIV/0! | AY33: =AG33/AN33*100 -> #DIV/0! | AZ33: =AJ33/AN33*100 -> #DIV/0!
A34: Total Octubre | B34: =COUNTA(B33) -> 1 | C34: =C33 -> 806 | D34: =D33 -> 45945 | E34: =MAX(E33) -> 45959 | F34: =F33 -> 338 | G34: =G33 -> 0 | H34: =H33 -> 338 | I34: =I33 -> 13 | J34: =J33 -> 0 | K34: =K33 -> 351 | L34: =L33 -> 0 | M34: =M33 -> 0 | ... AJ34: =AJ33 -> 0 | AK34: =P34+S34+V34+Y34+AB34+AE34+AH34 -> 233 | AL34: =Q34+T34+W34+Z34+AC34+AF34+AI34 -> 116 | AM34: =AK34+AL34 -> 349 | AN34: =R34+U34+X34+AA34+AD34+AG34+AJ34 -> 0 | AO34: =O34/H34*100 -> 0 | AP34: =AN34/H34*100 -> 0 | AQ34: =AN34/AM34*100 -> 0 | AR34: =AK34/AM34*100 -> 66.762178 | AS34: =AL34/AM34*100 -> 33.237822 | AT34: =R34/AN34*100 -> #DIV/0! | AU34: =U34/AN34*100 -> #DIV/0! | AV34: =X34/AN34*100 -> #DIV/0! | AW34: =AA34/AN34*100 -> #DIV/0! | AX34: =AD34/AN34*100 -> #DIV/0! | AY34: =AG34/AN34*100 -> #DIV/0! | AZ34: =AJ34/AN34*100 -> #DIV/0!
A35: C.S. San Pablo de Huacareta | B35: Huacareta | C35: =C36 -> 91 | D35: =D36 -> 45988 | E35: =E36 -> 45988 | F35: =F36 -> 52 | G35: =G36 -> 0 | H35: =H36 -> 52 | I35: =I36 -> 1 | J35: =J36 -> 0 | ... AJ35: =AJ36 -> 0 | AK35: =P35+S35+V35+Y35+AB35+AE35+AH35 -> 32 | AL35: =Q35+T35+W35+Z35+AC35+AF35+AI35 -> 9 | AM35: =AK35+AL35 -> 41 | AN35: =R35+U35+X35+AA35+AD35+AG35+AJ35 -> 0 | AO35: =O35/H35*100 -> 0 | AP35: =AN35/H35*100 -> 0 | AQ35: =AN35/AM35*100 -> 0 | AR35: =AK35/AM35*100 -> 78.04878 | AS35: =AL35/AM35*100 -> 21.95122 | AT35: =R35/AN35*100 -> #DIV/0! | AU35: =U35/AN35*100 -> #DIV/0! | AV35: =X35/AN35*100 -> #DIV/0! | AW35: =AA35/AN35*100 -> #DIV/0! | AX35: =AD35/AN35*100 -> #DIV/0! | AY35: =AG35/AN35*100 -> #DIV/0! | AZ35: =AJ35/AN35*100 -> #DIV/0!
B36: Barrio San Jose | C36: 91 | D36: 45988 | E36: 45988 | F36: 52 | G36: 0 | H36: =F36+G36 -> 52 | I36: 1 | J36: 0 | K36: =H36+I36+J36 -> 53 | L36: 0 | M36: 0 | N36: 52 | O36: 0 | P36: 0 | Q36: 0 | R36: 0 | S36: 7 | T36: 0 | U36: 0 | V36: 9 | W36: 5 | X36: 0 | Y36: 0 | Z36: 0 | AA36: 0 | AB36: 1 | AC36: 0 | AD36: 0 | AE36: 15 | AF36: 4 | AG36: 0 | AH36: 0 | AI36: 0 | AJ36: 0 | AK36: =P36+S36+V36+Y36+AB36+AE36+AH36 -> 32 | AL36: =Q36+T36+W36+Z36+AC36+AF36+AI36 -> 9 | AM36: =AK36+AL36 -> 41 | AN36: =R36+U36+X36+AA36+AD36+AG36+AJ36 -> 0 | AO36: =O36/H36*100 -> 0 | AP36: =AN36/H36*100 -> 0 | AQ36: =AN36/AM36*100 -> 0 | AR36: =AK36/AM36*100 -> 78.04878 | AS36: =AL36/AM36*100 -> 21.95122 | AT36: =R36/AN36*100 -> #DIV/0! | AU36: =U36/AN36*100 -> #DIV/0! | AV36: =X36/AN36*100 -> #DIV/0! | AW36: =AA36/AN36*100 -> #DIV/0! | AX36: =AD36/AN36*100 -> #DIV/0! | AY36: =AG36/AN36*100 -> #DIV/0! | AZ36: =AJ36/AN36*100 -> #DIV/0!
A37: C.S. Añimbo | B37: Comunidad Añinbo | C37: 116 | D37: 45979 | E37: 45981 | F37: 102 | G37: 0 | H37: =F37+G37 -> 102 | I37: 13 | J37: 0 | K37: =H37+I37+J37 -> 115 | L37: 0 | M37: 0 | N37: 102 | O37: 2 | P37: 0 | Q37: 0 | R37: 0 | S37: 0 | T37: 0 | U37: 0 | V37: 59 | W37: 46 | X37: 1 | Y37: 0 | Z37: 0 | AA37: 0 | AB37: 15 | AC37: 43 | AD37: 1 | AE37: 35 | AF37: 28 | AG37: 0 | AH37: 0 | AI37: 0 | AJ37: 0 | AK37: =P37+S37+V37+Y37+AB37+AE37+AH37 -> 109 | AL37: =Q37+T37+W37+Z37+AC37+AF37+AI37 -> 117 | AM37: =AK37+AL37 -> 226 | AN37: =R37+U37+X37+AA37+AD37+AG37+AJ37 -> 2 | AO37: =O37/H37*100 -> 1.9607843 | AP37: =AN37/H37*100 -> 1.9607843 | AQ37: =AN37/AM37*100 -> 0.88495575 | AR37: =AK37/AM37*100 -> 48.230088 | AS37: =AL37/AM37*100 -> 51.769912 | AT37: =R37/AN37*100 -> 0 | AU37: =U37/AN37*100 -> 0 | AV37: =X37/AN37*100 -> 50 | AW37: =AA37/AN37*100 -> 0 | AX37: =AD37/AN37*100 -> 50 | AY37: =AG37/AN37*100 -> 0 | AZ37: =AJ37/AN37*100 -> 0
A38: C.S. Uruguay | B38: Comunidad Uruguay | C38: 408 | D38: 45973 | E38: 45978 | F38: 177 | G38: 0 | H38: =F38+G38 -> 177 | I38: 11 | J38: 0 | K38: =H38+I38+J38 -> 188 | L38: 0 | M38: 0 | N38: 177 | O38: 4 | P38: 0 | Q38: 0 | R38: 0 | S38: 0 | T38: 10 | U38: 3 | V38: 85 | W38: 111 | X38: 1 | Y38: 0 | Z38: 0 | AA38: 0 | AB38: 11 | AC38: 12 | AD38: 0 | AE38: 102 | AF38: 79 | AG38: 0 | AH38: 0 | AI38: 0 | AJ38: 0 | AK38: =P38+S38+V38+Y38+AB38+AE38+AH38 -> 198 | AL38: =Q38+T38+W38+Z38+AC38+AF38+AI38 -> 212 | AM38: =AK38+AL38 -> 410 | AN38: =R38+U38+X38+AA38+AD38+AG38+AJ38 -> 4 | AO38: =O38/H38*100 -> 2.259887 | AP38: =AN38/H38*100 -> 2.259887 | AQ38: =AN38/AM38*100 -> 0.97560976 | AR38: =AK38/AM38*100 -> 48.292683 | AS38: =AL38/AM38*100 -> 51.707317 | AT38: =R38/AN38*100 -> 0 | AU38: =U38/AN38*100 -> 75 | AV38: =X38/AN38*100 -> 25 | AW38: =AA38/AN38*100 -> 0 | AX38: =AD38/AN38*100 -> 0 | AY38: =AG38/AN38*100 -> 0 | AZ38: =AJ38/AN38*100 -> 0
A39: C.S. Ñacamiri | B39: Comunidad Ñacamiri | C39: 74 | D39: 45983 | E39: 45983 | F39: 24 | G39: 0 | H39: =F39+G39 -> 24 | I39: 0 | J39: 0 | K39: =H39+I39+J39 -> 24 | L39: 0 | M39: 0 | N39: 24 | O39: 0 | P39: 0 | Q39: 0 | R39: 0 | S39: 0 | T39: 0 | U39: 0 | V39: 5 | W39: 8 | X39: 0 | Y39: 0 | Z39: 0 | AA39: 0 | AB39: 6 | AC39: 11 | AD39: 0 | AE39: 0 | AF39: 3 | AG39: 0 | AH39: 0 | AI39: 0 | AJ39: 0 | AK39: =P39+S39+V39+Y39+AB39+AE39+AH39 -> 11 | AL39: =Q39+T39+W39+Z39+AC39+AF39+AI39 -> 22 | AM39: =AK39+AL39 -> 33 | AN39: =R39+U39+X39+AA39+AD39+AG39+AJ39 -> 0 | AO39: =O39/H39*100 -> 0 | AP39: =AN39/H39*100 -> 0 | AQ39: =AN39/AM39*100 -> 0 | AR39: =AK39/AM39*100 -> 33.333333 | AS39: =AL39/AM39*100 -> 66.666667 | AT39: =R39/AN39*100 -> #DIV/0! | AU39: =U39/AN39*100 -> #DIV/0! | AV39: =X39/AN39*100 -> #DIV/0! | AW39: =AA39/AN39*100 -> #DIV/0! | AX39: =AD39/AN39*100 -> #DIV/0! | AY39: =AG39/AN39*100 -> #DIV/0! | AZ39: =AJ39/AN39*100 -> #DIV/0!
