Workbook

Sheet Reporte_Epi_gestion 2025
A4: SITUACION EPIDEMIOLOGICA DE ARBOVIROSIS DPTO. CHUQUISACA GESTION 2025
A6: DENGUE
A87: CHIKUNGUNYA
A149: ZIKA
A211: Fuente: Estadistica / Area Control de Vectores - SEDES Chuquisaca

Sheet Datos Gestiones
B2: DENGUE | C2: 2009 | D2: 2010 | E2: 2011 | F2: 2012 | G2: 2013 | H2: 2014 | I2: 2015 | J2: 2016 | K2: 2017 | L2: 2018 | M2: 2019 | N2: 2020 | O2: 2021 | P2: 2022 | Q2: 2023 | R2: 2024 | S2: 2025
B3: Poblacion | C3: =214913+26504+12562+10007+10748+7386 -> 282120 | D3: =214913+26504+10007+(3269) -> 254693 | E3: 365936 | F3: 368887 | G3: 367102 | H3: 354407 | I3: 362175 | J3: 399115 | K3: 361001 | L3: 361547 | M3: 362220 | N3: 363462 | O3: 364148 | P3: 364385 | Q3: 366642 | R3: 367712 | S3: 367712
B4: Sospechosos | C4: 979 | D4: 52 | E4: 174 | F4: 443 | G4: 318 | H4: 912 | I4: 535 | J4: 574 | K4: 231 | L4: =+'Datos Semana'!BC8 -> 213 | M4: ='Datos Semana'!BD13 -> 221 | N4: ='Datos Semana'!BD18 -> 4110 | O4: ='Datos Semana'!BD23 -> 242 | P4: ='Datos Semana'!BD28 -> 650 | Q4: ='Datos Semana'!BD32 -> 4981 | R4: ='Datos Semana'!BD36 -> 1436 | S4: ='Datos Semana'!BD40 -> 701
B5: Positivos | C5: 370 | D5: 3 | E5: 38 | F5: 189 | G5: 59 | H5: 139 | I5: 15 | J5: 39 | K5: 20 | L5: =+'Datos Semana'!BC9 -> 9 | M5: ='Datos Semana'!BD14 -> 55 | N5: 2589 | O5: ='Datos Semana'!BD24 -> 27 | P5: ='Datos Semana'!BD29 -> 102 | Q5: ='Datos Semana'!BD33 -> 2077 | R5: ='Datos Semana'!BD37 -> 325 | S5: ='Datos Semana'!BD41 -> 123
B6: TI | C6: =C5/C3*10000 -> 13.114987 | D6: =D5/D3*10000 -> 0.11778887 | E6: =E5/E3*10000 -> 1.038433 | F6: =F5/F3*10000 -> 5.1235202 | G6: =G5/G3*10000 -> 1.6071827 | H6: =H5/H3*10000 -> 3.9220444 | I6: =I5/I3*10000 -> 0.41416442 | J6: =J5/J3*10000 -> 0.97716197 | ... S6: =S5/S3*10000 -> 3.3450091
B8: CHIKUNGUNYA | C8: 2015 | D8: 2016 | E8: 2017 | F8: 2018 | G8: 2019 | H8: 2020 | I8: 2021 | J8: 2022 | K8: 2023 | L8: 2024 | M8: 2025
B9: Poblacion | C9: 338134 | D9: 3008689 | E9: 295021 | F9: 329219 | G9: 322084 | H9: 305933 | I9: 305933 | J9: 305933 | K9: 305933 | L9: 305933 | M9: 305933
B10: Sospechosos | C10: 82 | D10: 373 | E10: 174 | F10: =+'Datos Semana'!BC96 -> 159 | G10: ='Datos Semana'!BD101 -> 59 | H10: ='Datos Semana'!BD105 -> 353 | I10: ='Datos Semana'!BD110 -> 39 | J10: ='Datos Semana'!BD115 -> 57 | K10: ='Datos Semana'!BD119 -> 184 | L10: ='Datos Semana'!BD123 -> 15 | M10: ='Datos Semana'!BD127 -> 131
B11: Positivos | C11: 11 | D11: 19 | E11: 2 | F11: =+'Datos Semana'!BC97 -> 4 | G11: ='Datos Semana'!BD102 -> 3 | H11: ='Datos Semana'!BD106 -> 5 | I11: ='Datos Semana'!BD111 -> 0 | J11: ='Datos Semana'!BD116 -> 0 | K11: ='Datos Semana'!BD120 -> 1 | L11: 0 | M11: ='Datos Semana'!BD128 -> 16
B12: TI | C12: =C11/C9*10000 -> 0.32531482 | D12: =D11/D9*10000 -> 0.063150429 | E12: =E11/E9*10000 -> 0.067791784 | F12: =F11/F9*10000 -> 0.12149967 | G12: =G11/G9*10000 -> 0.093143404 | H12: =H11/H9*10000 -> 0.16343448 | I12: =I11/I9*10000 -> 0 | J12: =J11/J9*10000 -> 0 | ... M12: =M11/M9*10000 -> 0.52299033
B15: ZIKA | C15: 2016 | D15: 2017 | E15: 2018 | F15: 2019 | G15: 2020 | H15: 2021 | I15: 2022 | J15: 2023 | K15: 2024 | L15: 2025
B16: Poblacion | C16: 2954981 | D16: 321075 | E16: 313179 | F16: 295353 | G16: 295353 | H16: 295353 | I16: 295353 | J16: 295353 | K16: 295353 | L16: 295353
B17: Sospechosos | C17: 152 | D17: 91 | E17: =+'Datos Semana'!BC173 -> 121 | F17: ='Datos Semana'!BD178 -> 41 | G17: ='Datos Semana'!BD182 -> 230 | H17: ='Datos Semana'!BD187 -> 30 | I17: ='Datos Semana'!BD191 -> 49 | J17: ='Datos Semana'!BD195 -> 141 | K17: ='Datos Semana'!BD199 -> 5 | L17: ='Datos Semana'!BD203 -> 74
B18: Positivos | C18: 1 | D18: 5 | E18: =+'Datos Semana'!BC174 -> 11 | F18: ='Datos Semana'!BD179 -> 1 | G18: ='Datos Semana'!BD183 -> 0 | H18: ='Datos Semana'!BD188 -> 0 | I18: ='Datos Semana'!BD192 -> 0 | J18: ='Datos Semana'!BD196 -> 0 | K18: ='Datos Semana'!BD200 -> 0 | L18: ='Datos Semana'!BD204 -> 0
B19: TI | C19: =C18/C16*10000 -> 0.0033841165 | D19: =D18/D16*10000 -> 0.15572686 | E19: =E18/E16*10000 -> 0.35123683 | F19: =F18/F16*10000 -> 0.033857791 | G19: =G18/G16*10000 -> 0 | H19: =H18/H16*10000 -> 0 | I19: =I18/I16*10000 -> 0 | J19: =J18/J16*10000 -> 0 | ... L19: =L18/L16*10000 -> 0

Sheet Hoja1
G7: DATOS
G8: POBLACION EN RIESGO | H8: 367712
G9: MUNICIPIOS | H9: 17
G10: ESTABLECIMIENTOS DE SALUD | H10: 50
G11: COMUNIDADES - BARRIOS | H11: 120

Sheet Datos 2025
C2: Dengue
C3: Municipio | D3: Sospechosos | E3: Positivos
C4: Monteagudo | D4: 460 | E4: 79
C5: Sucre | D5: 63 | E5: 1
C6: Huacareta | D6: 56 | E6: 37
C7: Huacaya | D7: 48 | E7: 5
C8: Villa Vacaguzman | D8: 36 | E8: 1
C9: Machareti | D9: 16 | E9: 0
C10: El Villar | D10: 4 | E10: 0
C11: Presto | D11: 3 | E11: 0
C12: Padilla | D12: 3 | E12: 0
C13: Alcala | D13: 3 | E13: 0
C14: Camargo | D14: 2 | E14: 0
C15: Yamparaez | D15: 2 | E15: 0
... C20: Villa Serrano | D20: 1 | E20: 0
C21: Total general | D21: =SUM(D4:D20) -> 701 | E21: =SUM(E4:E20) -> 123
C25: chik
C26: Municipio | D26: Sospechosos | E26: Positivos
C27: Machareti | D27: 14 | E27: 6
C28: Sucre | D28: 8 | E28: 5
C29: Monteagudo | D29: 55 | E29: 3
C30: Villa Vacaguzman | D30: 51 | E30: 1
C31: Tarabuco | D31: 1 | E31: 1
C32: Alcala | D32: 1 | E32: 0
C33: Total general | D33: =SUM(D27:D32) -> 130 | E33: =SUM(E27:E32) -> 16
C36: Zika
C37: Municipio | D37: Sospechosos | E37: Positivos
C38: Monteagudo | D38: 14 | E38: 0
C39: Villa Vacaguzman | D39: 51 | E39: 0
C40: Sucre | D40: 6 | E40: 0
C41: Machareti | D41: 3 | E41: 0
C42: Alcala | D42: 1 | E42: 0
C43: Total general | D43: =SUM(D38:D42) -> 75 | E43: =SUM(E38:E42) -> 0
C46: Microcefalia
C47: Municipio | D47: Sospechosos | E47: Positivos
C48: Sucre | D48: 1 | E48: 0
C49: Total general | D49: =SUM(D48:D48) -> 1 | E49: =SUM(E48:E48) -> 0
B51: DENGUE | C51: Acumulado | D51: Sexo | G51: Sem 26
C52: Edad | D52: Femenino | E52: Masculino | F52: Total general | G52: Femenino | H52: Masculino | I52: Total general
C53: 1-4 | D53: 2 | E53: 2 | F53: =D53+E53 -> 4 | G53: 0 | H53: 0 | I53: =SUM(G53:H53) -> 0
C54: 5-14 | D54: 11 | E54: 22 | F54: =D54+E54 -> 33 | G54: 0 | H54: 0 | I54: =SUM(G54:H54) -> 0
C55: 15-59 | D55: 37 | E55: 29 | F55: =D55+E55 -> 66 | G55: 0 | H55: 0 | I55: =SUM(G55:H55) -> 0
C56: 60+ | D56: 15 | E56: 5 | F56: =D56+E56 -> 20 | G56: 0 | H56: 0 | I56: =SUM(G56:H56) -> 0
C57: Total general | D57: =SUM(D53:D56) -> 65 | E57: =SUM(E53:E56) -> 58 | F57: =D57+E57 -> 123 | G57: =SUM(G53:G56) -> 0 | H57: =SUM(H53:H56) -> 0 | I57: =SUM(G57:H57) -> 0
D58: =D57/F57 -> 0.52845528 | E58: =E57/F57 -> 0.47154472
A62: DENGUE | C62: Nexo epidemiologico | D62: casos
A63: Autoctonos | B63: Autoctonos | C63: Monteagudo | D63: 76 | F63: =D63/D70*100 -> 62.295082
C64: Villa Vacaguzman | D64: 38 | F64: =D64/D70*100 -> 31.147541
C65: Huacareta | D65: 7
C66: Machareti | D66: 1
A67: Importados | B67: Importados | C67: Tarija | D67: 1 | F67: =D67/D74*100 -> #DIV/0!
C68: Total | D68: =SUM(D63:D67) -> 123
C70: Autoctonos | D70: =SUM(D63:D66) -> 122 | F70: =D70 -> 122 | G70: =F70/D68*100 -> 99.186992
C71: Importados | D71: =SUM(D67:D67) -> 1 | F71: =D71 -> 1 | G71: =F71/D68*100 -> 0.81300813
D72: =SUM(D70:D71) -> 123
C76: Porcenjate de Variacion Dengue S.E. 1-8
C77: Casos | D77: 2022 | E77: 2023 | F77: % Variacion
C78: Confirmados | D78: 0 | E78: ='Datos Semana'!BE33 -> 0 | F78: =E78/D78-1 -> #DIV/0!
A85: CHIK | B85: Acumulado | C85: Sexo | F85: Sem 26
B86: Edad | C86: Femenino | D86: Masculino | E86: Total general | F86: Femenino | G86: Masculino | H86: Total general
B87: 1-4 | C87: 0 | D87: 0 | E87: =C87+D87 -> 0 | F87: 0 | G87: 0 | H87: =SUM(F87:G87) -> 0
B88: 5-14 | C88: 1 | D88: 1 | E88: =C88+D88 -> 2 | F88: 0 | G88: 0 | H88: =SUM(F88:G88) -> 0
B89: 15-59 | C89: 7 | D89: 6 | E89: =C89+D89 -> 13 | F89: 0 | G89: 0 | H89: =SUM(F89:G89) -> 0
B90: 60+ | C90: 1 | D90: 0 | E90: =C90+D90 -> 1 | F90: 0 | G90: 0 | H90: =SUM(F90:G90) -> 0
B91: Total general | C91: =SUM(C87:C90) -> 9 | D91: =SUM(D87:D90) -> 7 | E91: =C91+D91 -> 16 | F91: =SUM(F87:F90) -> 0 | G91: =SUM(G87:G90) -> 0 | H91: =SUM(F91:G91) -> 0
C92: =C91/E91 -> 0.5625 | D92: =D91/E91 -> 0.4375
A97: CHIK | C97: Nexo epidemiologico | D97: casos
A98: Autoctonos | B98: Autoctonos | C98: Machareti | D98: 4 | F98: =D98/D105*100 -> 100
C99: Monteagudo | D99: 2
C100: Villa Vaca Guzman | D100: 1
A101: Importados | B101: Importados | C101: Santa Cruz | D101: 8 | F101: =D101/D109*100 -> #DIV/0!
C102: Cochabamba | D102: 1
C103: Total | D103: =SUM(D98:D102) -> 16
C105: Autoctonos | D105: =SUM(D98:D98) -> 4 | F105: =D105 -> 4 | G105: =F105/D103*100 -> 25
C106: Importados | D106: =SUM(D101:D102) -> 9 | F106: =D106 -> 9 | G106: =F106/D103*100 -> 56.25
D107: =SUM(D105:D106) -> 13
C134: Municipio | D134: 2024 | E134: 2025
C135: Monteagudo | D135: 223 | E135: 79
C136: Sucre | D136: 76 | E136: 1
C137: Villa Abeciia | D137: 10 | E137: 0
C138: Villa Vacaguzman | D138: 6 | E138: 37
C139: Camargo | D139: 4 | E139: 0
C140: Huacareta | D140: 4 | E140: 5
C141: Tarabuco | D141: 1 | E141: 0
C142: Machareti | D142: 0 | E142: 1
C143: El Villar | D143: 1 | E143: 0
C144: Total general | D144: =SUM(D135:D143) -> 325 | E144: =SUM(E135:E143) -> 123
D150: Casos Confirmados
D151: 2024 | E151: 325
D152: 2025 | E152: 123

Sheet Hoja2
D1: 2022 | E1: 2022 | F1: 2023 | G1: 2023
A2: Red De Salud | B2: Municipio | C2: poblacion | D2: casos | E2: ti | F2: casos | G2: ti
A3: Red de Salud I Sucre Capi | B3: Sucre | C3: 367216 | D3: 7 | E3: =D3/C3*10000 -> 0.1906235 | F3: 165 | G3: =F3/C3*10000 -> 4.4932683
A4: Red de Salud II Tarabuco | B4: Icla | C4: 8051 | D4: 0 | E4: =D4/C4*10000 -> 0 | F4: 3 | G4: =F4/C4*10000 -> 3.7262452
B5: Presto | C5: 9982 | D5: 0 | E5: =D5/C5*10000 -> 0 | F5: 2 | G5: =F5/C5*10000 -> 2.0036065
B6: Tarabuco | C6: 15262 | D6: 0 | E6: =D6/C6*10000 -> 0 | F6: 9 | G6: =F6/C6*10000 -> 5.8969991
B7: Yamparaez | C7: 8459 | D7: 0 | E7: =D7/C7*10000 -> 0 | F7: 2 | G7: =F7/C7*10000 -> 2.3643457
B8: Zudañez | C8: 7598 | D8: 0 | E8: =D8/C8*10000 -> 0 | F8: 1 | G8: =F8/C8*10000 -> 1.3161358
B9: Mojocoya | C9: 7845 | D9: 0 | E9: =D9/C9*10000 -> 0 | F9: 0 | G9: =F9/C9*10000 -> 0
A10: Red de Salud III Padilla | B10: Alcala | C10: 2621 | D10: 0 | E10: =D10/C10*10000 -> 0 | F10: 3 | G10: =F10/C10*10000 -> 11.446013
B11: El Villar | C11: 3963 | D11: 0 | E11: =D11/C11*10000 -> 0 | F11: 2 | G11: =F11/C11*10000 -> 5.0466818
B12: Padilla | C12: 10230 | D12: 0 | E12: =D12/C12*10000 -> 0 | F12: 11 | G12: =F12/C12*10000 -> 10.752688
B13: Tomina | C13: 9068 | D13: 0 | E13: =D13/C13*10000 -> 0 | F13: 5 | G13: =F13/C13*10000 -> 5.513895
B14: Villa Serrano | C14: 10212 | D14: 0 | E14: =D14/C14*10000 -> 0 | F14: 15 | G14: =F14/C14*10000 -> 14.688602
A15: Red de Salud IV Azurduy | B15: Sopachuy | C15: 6057 | D15: 0 | E15: =D15/C15*10000 -> 0 | F15: 1 | G15: =F15/C15*10000 -> 1.6509823
B16: Azurduy | C16: 11239 | D16: 0 | E16: =D16/C16*10000 -> 0 | F16: 0 | G16: =F16/C16*10000 -> 0
B17: Tarvita | C17: 13882 | D17: 0 | E17: =D17/C17*10000 -> 0 | F17: 0 | G17: =F17/C17*10000 -> 0
A18: Red de Salud V Monteagudo | B18: Huacareta | C18: 8268 | D18: 6 | E18: =D18/C18*10000 -> 7.256894 | F18: 115 | G18: =F18/C18*10000 -> 139.09047
B19: Huacaya | C19: 2499 | D19: 13 | E19: =D19/C19*10000 -> 52.020808 | F19: 38 | G19: =F19/C19*10000 -> 152.06082
B20: Machareti | C20: 7154 | D20: 2 | E20: =D20/C20*10000 -> 2.7956388 | F20: 249 | G20: =F20/C20*10000 -> 348.05703
B21: Monteagudo | C21: 25324 | D21: 65 | E21: =D21/C21*10000 -> 25.667351 | F21: 1109 | G21: =F21/C21*10000 -> 437.9245
B22: Villa Vacaguzman | C22: 9462 | D22: 1 | E22: =D22/C22*10000 -> 1.056859 | F22: 183 | G22: =F22/C22*10000 -> 193.4052
A23: Red de Salud VI Camargo | B23: Camargo | C23: 15599 | D23: 0 | E23: =D23/C23*10000 -> 0 | F23: 2 | G23: =F23/C23*10000 -> 1.2821335
B24: Incahuasi | C24: 12635 | D24: 0 | E24: =D24/C24*10000 -> 0 | F24: 6 | G24: =F24/C24*10000 -> 4.7487139
B25: San Lucas | C25: 31456 | D25: 0 | E25: =D25/C25*10000 -> 0 | F25: 1 | G25: =F25/C25*10000 -> 0.31790437
B26: Villa Charcas | C26: 15644 | D26: 0 | E26: =D26/C26*10000 -> 0 | F26: 0 | G26: =F26/C26*10000 -> 0
B27: Villa Abecia | C27: 3351 | D27: 0 | E27: =D27/C27*10000 -> 0 | F27: 0 | G27: =F27/C27*10000 -> 0
B28: Las Carreras | C28: 3037 | D28: 0 | E28: =D28/C28*10000 -> 0 | F28: 0 | G28: =F28/C28*10000 -> 0
A29: Red de Salud VII Rural | B29: Poroma | C29: 15759 | D29: 0 | E29: =D29/C29*10000 -> 0 | F29: 2 | G29: =F29/C29*10000 -> 1.2691161
B30: Sucre | C30: 6423.7063 | D30: 8 | E30: =D30/C30*10000 -> 12.45387 | F30: 145 | G30: =F30/C30*10000 -> 225.72639
B31: Yotala | C31: 9129 | D31: 0 | E31: =D31/C31*10000 -> 0 | F31: 6 | G31: =F31/C31*10000 -> 6.5724614
A32: Total general | C32: 668321 | D32: =SUM(D3:D31) -> 102 | E32: =SUM(E3:E31) -> 101.44204 | F32: =SUM(F3:F31) -> 2075 | G32: =SUM(G3:G31) -> 1579.3542

Sheet Datos Semana
A1: DENGUE
A2: 2017 | B2: 1 | C2: 2 | D2: 3 | E2: 4 | F2: 5 | G2: 6 | H2: 7 | I2: 8 | J2: 9 | K2: 10 | L2: 11 | M2: 12 | N2: 13 | O2: 14 | P2: 15 | Q2: 16 | R2: 17 | S2: 18 | T2: 19 | U2: 20 | V2: 21 | W2: 22 | X2: 23 | Y2: 24 | Z2: 25 | AA2: 26 | AB2: 27 | AC2: 28 | AD2: 29 | AE2: 30 | AF2: 31 | AG2: 32 | AH2: 33 | AI2: 34 | AJ2: 35 | AK2: 36 | AL2: 37 | AM2: 38 | AN2: 39 | AO2: 40 | AP2: 41 | AQ2: 42 | AR2: 43 | AS2: 44 | AT2: 45 | AU2: 46 | AV2: 47 | AW2: 48 | AX2: 49 | AY2: 50 | AZ2: 51 | BA2: 52 | BB2: 53 | BC2: Total
A3: Sospechosos | B3: 0 | C3: 2 | D3: 8 | E3: 5 | F3: 0 | G3: 7 | H3: 1 | I3: 4 | J3: 9 | K3: 6 | L3: 12 | M3: 18 | N3: 11 | O3: 12 | P3: 13 | Q3: 23 | R3: 7 | S3: 3 | T3: 13 | U3: 8 | V3: 2 | W3: 3 | X3: 2 | Y3: 1 | Z3: 6 | AA3: 1 | AB3: 0 | AC3: 1 | AD3: 1 | AE3: 0 | AF3: 0 | AG3: 2 | AH3: 2 | AI3: 2 | AJ3: 0 | AK3: 2 | AL3: 3 | AM3: 0 | AN3: 0 | AO3: 6 | AP3: 3 | AQ3: 3 | AR3: 1 | AS3: 3 | AT3: 0 | AU3: 5 | AV3: 3 | AW3: 2 | AX3: 4 | AY3: 4 | AZ3: 3 | BA3: 4 | BC3: =SUM(B3:BA3) -> 231
A4: Positivos | B4: 0 | C4: 0 | D4: 0 | E4: 1 | F4: 0 | G4: 0 | H4: 0 | I4: 0 | J4: 2 | K4: 1 | L4: 2 | M4: 1 | N4: 0 | O4: 1 | P4: 2 | Q4: 3 | R4: 1 | S4: 0 | T4: 1 | U4: 2 | V4: 0 | W4: 2 | X4: 1 | Y4: 0 | Z4: 0 | AA4: 0 | AB4: 0 | AC4: 0 | AD4: 0 | AE4: 0 | AF4: 0 | AG4: 0 | AH4: 0 | AI4: 0 | AJ4: 0 | AK4: 0 | AL4: 0 | AM4: 0 | AN4: 0 | AO4: 0 | AP4: 0 | AQ4: 0 | AR4: 0 | AS4: 0 | AT4: 0 | AU4: 0 | AV4: 0 | AW4: 0 | AX4: 0 | AY4: 0 | AZ4: 0 | BA4: 0 | BC4: =SUM(B4:BA4) -> 20
A7: 2018 | B7: 1 | C7: 2 | D7: 3 | E7: 4 | F7: 5 | G7: 6 | H7: 7 | I7: 8 | J7: 9 | K7: 10 | L7: 11 | M7: 12 | N7: 13 | O7: 14 | P7: 15 | Q7: 16 | R7: 17 | S7: 18 | T7: 19 | U7: 20 | V7: 21 | W7: 22 | X7: 23 | Y7: 24 | Z7: 25 | AA7: 26 | AB7: 27 | AC7: 28 | AD7: 29 | AE7: 30 | AF7: 31 | AG7: 32 | AH7: 33 | AI7: 34 | AJ7: 35 | AK7: 36 | AL7: 37 | AM7: 38 | AN7: 39 | AO7: 40 | AP7: 41 | AQ7: 42 | AR7: 43 | AS7: 44 | AT7: 45 | AU7: 46 | AV7: 47 | AW7: 48 | AX7: 49 | AY7: 50 | AZ7: 51 | BA7: 52 | BC7: Total
A8: Sospechosos | B8: 8 | C8: 6 | D8: 6 | E8: 3 | F8: 6 | G8: 3 | H8: 3 | I8: 9 | J8: 5 | K8: 18 | L8: 6 | M8: 16 | N8: 7 | O8: 15 | P8: 7 | Q8: 10 | R8: 18 | S8: 14 | T8: 5 | U8: 8 | V8: 3 | W8: 1 | X8: 0 | Y8: 0 | Z8: 1 | AA8: 2 | AB8: 1 | AC8: 1 | AD8: 0 | AE8: 0 | AF8: 2 | AG8: 0 | AH8: 0 | AI8: 0 | AJ8: 0 | AK8: 0 | AL8: 2 | AM8: 0 | AN8: 0 | AO8: 0 | AP8: 2 | AQ8: 4 | AR8: 0 | AS8: 1 | AT8: 8 | AU8: 1 | AV8: 1 | AW8: 3 | AX8: 1 | AY8: 2 | AZ8: 2 | BA8: 2 | BC8: =SUM(B8:BA8) -> 213 | BD8: =SUM(B8:BA8) -> 213
A9: Positivos | B9: 0 | C9: 0 | D9: 0 | E9: 0 | F9: 0 | G9: 0 | H9: 0 | I9: 0 | J9: 0 | K9: 0 | L9: 0 | M9: 2 | N9: 1 | O9: 1 | P9: 0 | Q9: 0 | R9: 2 | S9: 1 | T9: 0 | U9: 2 | V9: 0 | W9: 0 | X9: 0 | Y9: 0 | Z9: 0 | AA9: 0 | AB9: 0 | AC9: 0 | AD9: 0 | AE9: 0 | AF9: 0 | AG9: 0 | AH9: 0 | AI9: 0 | AJ9: 0 | AK9: 0 | AL9: 0 | AM9: 0 | AN9: 0 | AO9: 0 | AP9: 0 | AQ9: 0 | AR9: 0 | AS9: 0 | AT9: 0 | AU9: 0 | AV9: 0 | AW9: 0 | AX9: 0 | AY9: 0 | AZ9: 0 | BA9: 0 | BC9: =SUM(B9:BA9) -> 9 | BD9: =SUM(B9:BA9) -> 9
A12: 2019 | B12: 1 | C12: 2 | D12: 3 | E12: 4 | F12: 5 | G12: 6 | H12: 7 | I12: 8 | J12: 9 | K12: 10 | L12: 11 | M12: 12 | N12: 13 | O12: 14 | P12: 15 | Q12: 16 | R12: 17 | S12: 18 | T12: 19 | U12: 20 | V12: 21 | W12: 22 | X12: 23 | Y12: 24 | Z12: 25 | AA12: 26 | AB12: 27 | AC12: 28 | AD12: 29 | AE12: 30 | AF12: 31 | AG12: 32 | AH12: 33 | AI12: 34 | AJ12: 35 | AK12: 36 | AL12: 37 | AM12: 38 | AN12: 39 | AO12: 40 | AP12: 41 | AQ12: 42 | AR12: 43 | AS12: 44 | AT12: 45 | AU12: 46 | AV12: 47 | AW12: 48 | AX12: 49 | AY12: 50 | AZ12: 51 | BA12: 52 | BC12: Total
A13: Sospechosos | B13: 5 | C13: 4 | D13: 4 | E13: 4 | F13: 5 | G13: 5 | H13: 3 | I13: 9 | J13: 4 | K13: 4 | L13: 2 | M13: 8 | N13: 7 | O13: 4 | P13: 4 | Q13: 1 | R13: 5 | S13: 2 | T13: 3 | U13: 2 | V13: 3 | W13: 4 | X13: 2 | Y13: 2 | Z13: 1 | AA13: 3 | AB13: 2 | AC13: 4 | AD13: 3 | AE13: 2 | AF13: 0 | AG13: 2 | AH13: 3 | AI13: 4 | AJ13: 2 | AK13: 0 | AL13: 1 | AM13: 0 | AN13: 0 | AO13: 5 | AP13: 0 | AQ13: 4 | AR13: 1 | AS13: 4 | AT13: 3 | AU13: 3 | AV13: 2 | AW13: 7 | AX13: 4 | AY13: 10 | AZ13: 17 | BA13: 38 | BC13: =SUM(B13:BA13) -> 221 | BD13: =BC13 -> 221
A14: Positivos | B14: 0 | C14: 0 | D14: 0 | E14: 0 | F14: 1 | G14: 0 | H14: 0 | I14: 1 | J14: 2 | K14: 0 | L14: 0 | M14: 1 | N14: 0 | O14: 1 | P14: 1 | Q14: 0 | R14: 3 | S14: 0 | T14: 0 | U14: 0 | V14: 0 | W14: 0 | X14: 0 | Y14: 0 | Z14: 0 | AA14: 0 | AB14: 0 | AC14: 1 | AD14: 0 | AE14: 0 | AF14: 0 | AG14: 0 | AH14: 0 | AI14: 0 | AJ14: 0 | AK14: 0 | AL14: 0 | AM14: 0 | AN14: 0 | AO14: 0 | AP14: 0 | AQ14: 0 | AR14: 0 | AS14: 0 | AT14: 0 | AU14: 0 | AV14: 0 | AW14: 4 | AX14: 0 | AY14: 3 | AZ14: 9 | BA14: 28 | BC14: =SUM(B14:BA14) -> 55 | BD14: =BC14 -> 55
A17: 2020 Notificacion | B17: 1 | C17: 2 | D17: 3 | E17: 4 | F17: 5 | G17: 6 | H17: 7 | I17: 8 | J17: 9 | K17: 10 | L17: 11 | M17: 12 | N17: 13 | O17: 14 | P17: 15 | Q17: 16 | R17: 17 | S17: 18 | T17: 19 | U17: 20 | V17: 21 | W17: 22 | X17: 23 | Y17: 24 | Z17: 25 | AA17: 26 | AB17: 27 | AC17: 28 | AD17: 29 | AE17: 30 | AF17: 31 | AG17: 32 | AH17: 33 | AI17: 34 | AJ17: 35 | AK17: 36 | AL17: 37 | AM17: 38 | AN17: 39 | AO17: 40 | AP17: 41 | AQ17: 42 | AR17: 43 | AS17: 44 | AT17: 45 | AU17: 46 | AV17: 47 | AW17: 48 | AX17: 49 | AY17: 50 | AZ17: 51 | BA17: 52 | BB17: 53 | BC17: 2019 | BD17: 2020
A18: Sospechosos | B18: 22 | C18: 132 | D18: 197 | E18: 185 | F18: 307 | G18: 380 | H18: 440 | I18: 373 | J18: 293 | K18: 222 | L18: 269 | M18: 224 | N18: 175 | O18: 197 | P18: 215 | Q18: 128 | R18: 91 | S18: 48 | T18: 54 | U18: 40 | V18: 15 | W18: 11 | X18: 8 | Y18: 2 | Z18: 10 | AA18: 4 | AB18: 0 | AC18: 0 | AD18: 0 | AE18: 0 | AF18: 0 | AG18: 1 | AH18: 0 | AI18: 1 | AJ18: 1 | AK18: 1 | AL18: 0 | AM18: 0 | AN18: 3 | AO18: 0 | AP18: 1 | AQ18: 4 | AR18: 2 | AS18: 2 | AT18: 3 | AU18: 4 | AV18: 4 | AW18: 3 | AX18: 7 | AY18: 2 | AZ18: 12 | BA18: 13 | BB18: 4 | BC18: =SUM(B13:BA13) -> 221 | BD18: =SUM(B18:BB18) -> 4110
A19: Positivos | B19: 9 | C19: 85 | D19: 127 | E19: 126 | F19: 188 | G19: 231 | H19: 304 | I19: 217 | J19: 156 | K19: 116 | L19: 155 | M19: 152 | N19: 128 | O19: 156 | P19: 177 | Q19: 87 | R19: 68 | S19: 32 | T19: 33 | U19: 19 | V19: 9 | W19: 6 | X19: 2 | Y19: 1 | Z19: 2 | AA19: 0 | AB19: 0 | AC19: 0 | AD19: 0 | AE19: 0 | AF19: 0 | AG19: 0 | AH19: 0 | AI19: 0 | AJ19: 0 | AK19: 0 | AL19: 0 | AM19: 0 | AN19: 0 | AO19: 0 | AP19: 0 | AQ19: 0 | AR19: 0 | AS19: 0 | AT19: 0 | AU19: 0 | AV19: 0 | AW19: 0 | AX19: 0 | AY19: 1 | AZ19: 0 | BA19: 2 | BB19: 0 | BC19: =SUM(B14:BA14) -> 55 | BD19: =SUM(B19:BB19) -> 2589
A22: 2021 Notificacion | B22: 1 | C22: 2 | D22: 3 | E22: 4 | F22: 5 | G22: 6 | H22: 7 | I22: 8 | J22: 9 | K22: 10 | L22: 11 | M22: 12 | N22: 13 | O22: 14 | P22: 15 | Q22: 16 | R22: 17 | S22: 18 | T22: 19 | U22: 20 | V22: 21 | W22: 22 | X22: 23 | Y22: 24 | Z22: 25 | AA22: 26 | AB22: 27 | AC22: 28 | AD22: 29 | AE22: 30 | AF22: 31 | AG22: 32 | AH22: 33 | AI22: 34 | AJ22: 35 | AK22: 36 | AL22: 37 | AM22: 38 | AN22: 39 | AO22: 40 | AP22: 41 | AQ22: 42 | AR22: 43 | AS22: 44 | AT22: 45 | AU22: 46 | AV22: 47 | AW22: 48 | AX22: 49 | AY22: 50 | AZ22: 51 | BA22: 52 | BB22: 53 | BC22: 2020 | BD22: 2021
A23: Sospechosos | B23: 1 | C23: 12 | D23: 18 | E23: 8 | F23: 5 | G23: 4 | H23: 6 | I23: 10 | J23: 4 | K23: 15 | L23: 6 | M23: 4 | N23: 5 | O23: 15 | P23: 10 | Q23: 6 | R23: 8 | S23: 4 | T23: 6 | U23: 5 | V23: 1 | W23: 0 | X23: 0 | Y23: 5 | Z23: 3 | AA23: 1 | AB23: 1 | AC23: 2 | AD23: 1 | AE23: 2 | AF23: 0 | AG23: 0 | AH23: 2 | AI23: 0 | AJ23: 0 | AK23: 1 | AL23: 2 | AM23: 4 | AN23: 2 | AO23: 6 | AP23: 2 | AQ23: 6 | AR23: 3 | AS23: 7 | AT23: 3 | AU23: 5 | AV23: 6 | AW23: 2 | AX23: 6 | AY23: 0 | AZ23: 7 | BA23: 10 | BC23: =SUM(B18:BB18) -> 4110 | BD23: =SUM(B23:BB23) -> 242
A24: Positivos | B24: 1 | C24: 2 | D24: 3 | E24: 1 | F24: 1 | G24: 1 | H24: 1 | I24: 1 | J24: 0 | K24: 1 | L24: 0 | M24: 1 | N24: 0 | O24: 6 | P24: 2 | Q24: 0 | R24: 0 | S24: 0 | T24: 1 | U24: 1 | V24: 0 | W24: 0 | X24: 0 | Y24: 0 | Z24: 0 | AA24: 0 | AB24: 0 | AC24: 0 | AD24: 0 | AE24: 0 | AF24: 0 | AG24: 0 | AH24: 0 | AI24: 0 | AJ24: 0 | AK24: 0 | AL24: 0 | AM24: 1 | AN24: 0 | AO24: 1 | AP24: 0 | AQ24: 0 | AR24: 0 | AS24: 0 | AT24: 0 | AU24: 0 | AV24: 0 | AW24: 0 | AX24: 0 | AY24: 0 | AZ24: 2 | BA24: 0 | BC24: =SUM(B19:BB19) -> 2589 | BD24: =SUM(B24:BB24) -> 27
A27: 2022 Notificacion | B27: 1 | C27: 2 | D27: 3 | E27: 4 | F27: 5 | G27: 6 | H27: 7 | I27: 8 | J27: 9 | K27: 10 | L27: 11 | M27: 12 | N27: 13 | O27: 14 | P27: 15 | Q27: 16 | R27: 17 | S27: 18 | T27: 19 | U27: 20 | V27: 21 | W27: 22 | X27: 23 | Y27: 24 | Z27: 25 | AA27: 26 | AB27: 27 | AC27: 28 | AD27: 29 | AE27: 30 | AF27: 31 | AG27: 32 | AH27: 33 | AI27: 34 | AJ27: 35 | AK27: 36 | AL27: 37 | AM27: 38 | AN27: 39 | AO27: 40 | AP27: 41 | AQ27: 42 | AR27: 43 | AS27: 44 | AT27: 45 | AU27: 46 | AV27: 47 | AW27: 48 | AX27: 49 | AY27: 50 | AZ27: 51 | BA27: 52 | BC27: 2021 | BD27: 2022
A28: Sospechosos | B28: 13 | C28: 8 | D28: 19 | E28: 7 | F28: 2 | G28: 10 | H28: 6 | I28: 9 | J28: 23 | K28: 29 | L28: 32 | M28: 31 | N28: 16 | O28: 21 | P28: 15 | Q28: 24 | R28: 33 | S28: 16 | T28: 44 | U28: 21 | V28: 6 | W28: 1 | X28: 1 | Y28: 5 | Z28: 6 | AA28: 2 | AB28: 11 | AC28: 7 | AD28: 13 | AE28: 0 | AF28: 1 | AG28: 1 | AH28: 0 | AI28: 0 | AJ28: 2 | AK28: 2 | AL28: 0 | AM28: 1 | AN28: 4 | AO28: 6 | AP28: 6 | AQ28: 8 | AR28: 17 | AS28: 10 | AT28: 23 | AU28: 22 | AV28: 20 | AW28: 21 | AX28: 22 | AY28: 32 | AZ28: 5 | BA28: 16 | BC28: =SUM(B23:BA23) -> 242 | BD28: =SUM(B28:BB28) -> 650
A29: Positivos | B29: 0 | C29: 0 | D29: 0 | E29: 0 | F29: 0 | G29: 0 | H29: 0 | I29: 4 | J29: 9 | K29: 14 | L29: 15 | M29: 8 | N29: 3 | O29: 1 | P29: 3 | Q29: 4 | R29: 13 | S29: 4 | T29: 8 | U29: 6 | V29: 0 | W29: 0 | X29: 0 | Y29: 2 | Z29: 0 | AA29: 0 | AB29: 0 | AC29: 0 | AD29: 0 | AE29: 0 | AF29: 0 | AG29: 0 | AH29: 0 | AI29: 0 | AJ29: 0 | AK29: 0 | AL29: 0 | AM29: 0 | AN29: 0 | AO29: 0 | AP29: 0 | AQ29: 0 | AR29: 0 | AS29: 0 | AT29: 0 | AU29: 0 | AV29: 1 | AW29: 0 | AX29: 2 | AY29: 1 | AZ29: 2 | BA29: 2 | BC29: =SUM(B24:BA24) -> 27 | BD29: =SUM(B29:BB29) -> 102
A31: 2023 Notificacion | B31: 1 | C31: 2 | D31: 3 | E31: 4 | F31: 5 | G31: 6 | H31: 7 | I31: 8 | J31: 9 | K31: 10 | L31: 11 | M31: 12 | N31: 13 | O31: 14 | P31: 15 | Q31: 16 | R31: 17 | S31: 18 | T31: 19 | U31: 20 | V31: 21 | W31: 22 | X31: 23 | Y31: 24 | Z31: 25 | AA31: 26 | AB31: 27 | AC31: 28 | AD31: 29 | AE31: 30 | AF31: 31 | AG31: 32 | AH31: 33 | AI31: 34 | AJ31: 35 | AK31: 36 | AL31: 37 | AM31: 38 | AN31: 39 | AO31: 40 | AP31: 41 | AQ31: 42 | AR31: 43 | AS31: 44 | AT31: 45 | AU31: 46 | AV31: 47 | AW31: 48 | AX31: 49 | AY31: 50 | AZ31: 51 | BA31: 52 | BC31: 2022 | BD31: 2023
A32: Sospechosos | B32: 21 | C32: 19 | D32: 52 | E32: 75 | F32: 135 | G32: 198 | H32: 194 | I32: 216 | J32: 263 | K32: 371 | L32: 415 | M32: 400 | N32: 343 | O32: 392 | P32: 398 | Q32: 313 | R32: 247 | S32: 189 | T32: 188 | U32: 78 | V32: 74 | W32: 84 | X32: 67 | Y32: 31 | Z32: 16 | AA32: 13 | AB32: 7 | AC32: 6 | AD32: 4 | AE32: 3 | AF32: 6 | AG32: 5 | AH32: 4 | AI32: 2 | AJ32: 2 | AK32: 11 | AL32: 6 | AM32: 8 | AN32: 5 | AO32: 3 | AP32: 5 | AQ32: 3 | AR32: 10 | AS32: 4 | AT32: 9 | AU32: 8 | AV32: 0 | AW32: 14 | AX32: 12 | AY32: 22 | AZ32: 11 | BA32: 19 | BC32: =SUM(A28:BA28) -> 650 | BD32: =SUM(A32:BA32) -> 4981
A33: Positivos | B33: 4 | C33: 2 | D33: 11 | E33: 21 | F33: 57 | G33: 78 | H33: 97 | I33: 88 | J33: 78 | K33: 175 | L33: 130 | M33: 283 | N33: 140 | O33: 194 | P33: 220 | Q33: 170 | R33: 86 | S33: 98 | T33: 37 | U33: 24 | V33: 21 | W33: 21 | X33: 19 | Y33: 9 | Z33: 2 | AA33: 3 | AB33: 4 | AC33: 2 | AD33: 0 | AE33: 0 | AF33: 1 | AG33: 0 | AH33: 0 | AI33: 0 | AJ33: 0 | AK33: 0 | AL33: 0 | AM33: 0 | AN33: 0 | AO33: 0 | AP33: 0 | AQ33: 0 | AR33: 0 | AS33: 0 | AT33: 0 | AU33: 1 | AV33: 0 | AW33: 0 | AX33: 0 | AY33: 0 | AZ33: 1 | BA33: 0 | BC33: =SUM(A29:BA29) -> 102 | BD33: =SUM(A33:BA33) -> 2077
A35: 2024 Notificacion | B35: 1 | C35: 2 | D35: 3 | E35: 4 | F35: 5 | G35: 6 | H35: 7 | I35: 8 | J35: 9 | K35: 10 | L35: 11 | M35: 12 | N35: 13 | O35: 14 | P35: 15 | Q35: 16 | R35: 17 | S35: 18 | T35: 19 | U35: 20 | V35: 21 | W35: 22 | X35: 23 | Y35: 24 | Z35: 25 | AA35: 26 | AB35: 27 | AC35: 28 | AD35: 29 | AE35: 30 | AF35: 31 | AG35: 32 | AH35: 33 | AI35: 34 | AJ35: 35 | AK35: 36 | AL35: 37 | AM35: 38 | AN35: 39 | AO35: 40 | AP35: 41 | AQ35: 42 | AR35: 43 | AS35: 44 | AT35: 45 | AU35: 46 | AV35: 47 | AW35: 48 | AX35: 49 | AY35: 50 | AZ35: 51 | BA35: 52 | BC35: 2023 | BD35: 2024
A36: Sospechosos | B36: 27 | C36: 38 | D36: 25 | E36: 25 | F36: 36 | G36: 25 | H36: 26 | I36: 35 | J36: 28 | K36: 33 | L36: 51 | M36: 63 | N36: 72 | O36: 102 | P36: 103 | Q36: 98 | R36: 90 | S36: 98 | T36: 85 | U36: 68 | V36: 37 | W36: 12 | X36: 12 | Y36: 10 | Z36: 21 | AA36: 13 | AB36: 4 | AC36: 5 | AD36: 3 | AE36: 3 | AF36: 3 | AG36: 4 | AH36: 1 | AI36: 1 | AJ36: 0 | AK36: 1 | AL36: 6 | AM36: 9 | AN36: 27 | AO36: 20 | AP36: 14 | AQ36: 18 | AR36: 20 | AS36: 17 | AT36: 11 | AU36: 2 | AV36: 3 | AW36: 9 | AX36: 1 | AY36: 2 | AZ36: 13 | BA36: 6 | BC36: =SUM(B32:AZ32) -> 4962 | BD36: =SUM(A36:BA36) -> 1436
A37: Positivos | B37: 1 | C37: 2 | D37: 1 | E37: 0 | F37: 3 | G37: 1 | H37: 7 | I37: 2 | J37: 3 | K37: 1 | L37: 9 | M37: 12 | N37: 13 | O37: 43 | P37: 33 | Q37: 42 | R37: 23 | S37: 31 | T37: 39 | U37: 22 | V37: 12 | W37: 7 | X37: 1 | Y37: 0 | Z37: 8 | AA37: 5 | AB37: 1 | AC37: 2 | AD37: 1 | AE37: 0 | AF37: 0 | AG37: 0 | AH37: 0 | AI37: 0 | AJ37: 0 | AK37: 0 | AL37: 0 | AM37: 0 | AN37: 0 | AO37: 0 | AP37: 0 | AQ37: 0 | AR37: 0 | AS37: 0 | AT37: 0 | AU37: 0 | AV37: 0 | AW37: 0 | AX37: 0 | AY37: 0 | AZ37: 0 | BA37: 0 | BC37: =SUM(B33:AZ33) -> 2077 | BD37: =SUM(A37:BA37) -> 325
A39: 2025 | B39: 1 | C39: 2 | D39: 3 | E39: 4 | F39: 5 | G39: 6 | H39: 7 | I39: 8 | J39: 9 | K39: 10 | L39: 11 | M39: 12 | N39: 13 | O39: 14 | P39: 15 | Q39: 16 | R39: 17 | S39: 18 | T39: 19 | U39: 20 | V39: 21 | W39: 22 | X39: 23 | Y39: 24 | Z39: 25 | AA39: 26 | AB39: 27 | AC39: 28 | AD39: 29 | AE39: 30 | AF39: 31 | AG39: 32 | AH39: 33 | AI39: 34 | AJ39: 35 | AK39: 36 | AL39: 37 | AM39: 38 | AN39: 39 | AO39: 40 | AP39: 41 | AQ39: 42 | AR39: 43 | AS39: 44 | AT39: 45 | AU39: 46 | AV39: 47 | AW39: 48 | AX39: 49 | AY39: 50 | AZ39: 51 | BA39: 52 | BB39: 53 | BC39: Total 2023 | BD39: Total 2024
A40: Sospechosos | B40: 16 | C40: 9 | D40: 13 | E40: 13 | F40: 8 | G40: 15 | H40: 14 | I40: 17 | J40: 30 | K40: 18 | L40: 34 | M40: 37 | N40: 56 | O40: 43 | P40: 45 | Q40: 49 | R40: 26 | S40: 21 | T40: 21 | U40: 26 | V40: 15 | W40: 13 | X40: 9 | Y40: 7 | Z40: 4 | AA40: 5 | AB40: 5 | AC40: 3 | AD40: 3 | AE40: 2 | AF40: 3 | AG40: 2 | AH40: 1 | AI40: 4 | AJ40: 2 | AK40: 3 | AL40: 2 | AM40: 3 | AN40: 2 | AO40: 5 | AP40: 4 | AQ40: 2 | AR40: 6 | AS40: 2 | AT40: 4 | AU40: 10 | AV40: 7 | AW40: 14 | AX40: 4 | AY40: 12 | AZ40: 14 | BA40: 9 | BB40: 9 | BC40: =SUM(B36:BB36) -> 1436 | BD40: =SUM(B40:BB40) -> 701
A41: Positivos | B41: 0 | C41: 0 | D41: 0 | E41: 1 | F41: 0 | G41: 0 | H41: 1 | I41: 2 | J41: 4 | K41: 5 | L41: 13 | M41: 12 | N41: 20 | O41: 18 | P41: 12 | Q41: 5 | R41: 3 | S41: 4 | T41: 5 | U41: 7 | V41: 4 | W41: 4 | X41: 1 | Y41: 0 | Z41: 0 | AA41: 0 | AB41: 1 | AC41: 1 | AD41: 0 | AE41: 0 | AF41: 0 | AG41: 0 | AH41: 0 | AI41: 0 | AJ41: 0 | AK41: 0 | AL41: 0 | AM41: 0 | AN41: 0 | AO41: 0 | AP41: 0 | AQ41: 0 | AR41: 0 | AS41: 0 | AT41: 0 | AU41: 0 | AV41: 0 | AW41: 0 | AX41: 0 | AY41: 0 | AZ41: 0 | BA41: 0 | BB41: 0 | BC41: =SUM(B37:BA37) -> 325 | BD41: =SUM(B41:BB41) -> 123
A44: Periodo epidemico 2018 -2019 | B44: 35 | C44: 36 | D44: 37 | E44: 38 | F44: 39 | G44: 40 | H44: 41 | I44: 42 | J44: 43 | K44: 44 | L44: 45 | M44: 46 | N44: 47 | O44: 48 | P44: 49 | Q44: 50 | R44: 51 | S44: 52 | T44: 1 | U44: 2 | V44: 3 | W44: 4 | X44: 5 | Y44: 6 | Z44: 7 | AA44: 8 | AB44: 9 | AC44: 10 | AD44: 11 | AE44: 12 | AF44: 13 | AG44: 14 | AH44: 15 | AI44: 16 | AJ44: 17 | AK44: 18 | AL44: 19 | AM44: 20 | AN44: 21 | AO44: 22 | AP44: 23 | AQ44: 24 | AR44: 25 | AS44: 26 | AT44: 27 | AU44: 28 | AV44: 29 | AW44: 30 | AX44: 31 | AY44: 32 | AZ44: 33 | BA44: 34
A45: Sospechosos | B45: 0 | C45: 0 | D45: 2 | E45: 0 | F45: 0 | G45: 0 | H45: 2 | I45: 4 | J45: 0 | K45: 1 | L45: 8 | M45: 1 | N45: 1 | O45: 3 | P45: 1 | Q45: 2 | R45: 2 | S45: 2 | T45: =B13 -> 5 | U45: =C13 -> 4 | V45: =D13 -> 4 | W45: =E13 -> 4 | X45: =F13 -> 5 | Y45: =G13 -> 5 | Z45: =H13 -> 3 | AA45: =I13 -> 9 | ... BA45: =AI13 -> 4 | BN45: =SUM(B45:BA45) -> 149
A46: Positivos | B46: 0 | C46: 0 | D46: 0 | E46: 0 | F46: 0 | G46: 0 | H46: 0 | I46: 0 | J46: 0 | K46: 0 | L46: 0 | M46: 0 | N46: 0 | O46: 0 | P46: 0 | Q46: 0 | R46: 0 | S46: 0 | T46: =B14 -> 0 | U46: =C14 -> 0 | V46: =D14 -> 0 | W46: =E14 -> 0 | X46: =F14 -> 1 | Y46: =G14 -> 0 | Z46: =H14 -> 0 | AA46: =I14 -> 1 | ... BA46: =AI14 -> 0 | BN46: =SUM(B46:BA46) -> 11
A50: Periodo epidemico 2019 -2020 | B50: 35 | C50: 36 | D50: 37 | E50: 38 | F50: 39 | G50: 40 | H50: 41 | I50: 42 | J50: 43 | K50: 44 | L50: 45 | M50: 46 | N50: 47 | O50: 48 | P50: 49 | Q50: 50 | R50: 51 | S50: 52 | T50: 1 | U50: 2 | V50: 3 | W50: 4 | X50: 5 | Y50: 6 | Z50: 7 | AA50: 8 | AB50: 9 | AC50: 10 | AD50: 11 | AE50: 12 | AF50: 13 | AG50: 14 | AH50: 15 | AI50: 16 | AJ50: 17 | AK50: 18 | AL50: 19 | AM50: 20 | AN50: 21 | AO50: 22 | AP50: 23 | AQ50: 24 | AR50: 25 | AS50: 26 | AT50: 27 | AU50: 28 | AV50: 29 | AW50: 30 | AX50: 31 | AY50: 32 | AZ50: 33 | BA50: 34 | BN50: 2018-2019 | BO50: 2019-2020
A51: Sospechosos | B51: 2 | C51: 0 | D51: 1 | E51: 0 | F51: 0 | G51: 5 | H51: 0 | I51: 4 | J51: 1 | K51: 4 | L51: 3 | M51: 3 | N51: 2 | O51: 7 | P51: 4 | Q51: 10 | R51: 17 | S51: 37 | T51: =B18 -> 22 | U51: =C18 -> 132 | V51: =D18 -> 197 | W51: =E18 -> 185 | X51: =F18 -> 307 | Y51: =G18 -> 380 | Z51: =H18 -> 440 | AA51: =I18 -> 373 | ... BA51: =AI18 -> 1 | BN51: =BN45 -> 149 | BO51: =SUM(B51:AM51) -> 4092
A52: Positivos | B52: 0 | C52: 0 | D52: 0 | E52: 0 | F52: 0 | G52: 0 | H52: 0 | I52: 0 | J52: 0 | K52: 0 | L52: 0 | M52: 0 | N52: 0 | O52: 4 | P52: 0 | Q52: 3 | R52: 9 | S52: 28 | T52: =B19 -> 9 | U52: =C19 -> 85 | V52: =D19 -> 127 | W52: =E19 -> 126 | X52: =F19 -> 188 | Y52: =G19 -> 231 | Z52: =H19 -> 304 | AA52: =I19 -> 217 | ... BA52: =AI19 -> 0 | BN52: =BN46 -> 11 | BO52: =SUM(B52:AM52) -> 2610
A54: Periodo epidemico 2020 -2021 | B54: 35 | C54: 36 | D54: 37 | E54: 38 | F54: 39 | G54: 40 | H54: 41 | I54: 42 | J54: 43 | K54: 44 | L54: 45 | M54: 46 | N54: 47 | O54: 48 | P54: 49 | Q54: 50 | R54: 51 | S54: 52 | T54: 53 | U54: 1 | V54: 2 | W54: 3 | X54: 4 | Y54: 5 | Z54: 6 | AA54: 7 | AB54: 8 | AC54: 9 | AD54: 10 | AE54: 11 | AF54: 12 | AG54: 13 | AH54: 14 | AI54: 15 | AJ54: 16 | AK54: 17 | AL54: 18 | AM54: 19 | AN54: 20 | AO54: 21 | AP54: 22 | AQ54: 23 | AR54: 24 | AS54: 25 | AT54: 26 | AU54: 27 | AV54: 28 | AW54: 29 | AX54: 30 | AY54: 31 | AZ54: 32 | BA54: 33 | BB54: 34 | BN54: 2019-2020 | BO54: 2020-2021
A55: Sospechosos | B55: =AJ18 -> 1 | C55: =AK18 -> 1 | D55: =AL18 -> 0 | E55: =AM18 -> 0 | F55: =AN18 -> 3 | G55: =AO18 -> 0 | H55: =AP18 -> 1 | I55: =AQ18 -> 4 | ... T55: =BB18 -> 4 | U55: =B23 -> 1 | V55: =C23 -> 12 | W55: =D23 -> 18 | X55: =E23 -> 8 | Y55: =F23 -> 5 | Z55: =G23 -> 4 | AA55: =H23 -> 6 | AB55: =I23 -> 10 | ... BB55: =AI23 -> 0 | BN55: =SUM(B51:AZ51) -> 4143 | BO55: =SUM(B55:BA55) -> 236
A56: Positivos | B56: =AJ19 -> 0 | C56: =AK19 -> 0 | D56: =AL19 -> 0 | E56: =AM19 -> 0 | F56: =AN19 -> 0 | G56: =AO19 -> 0 | H56: =AP19 -> 0 | I56: 0 | J56: =AR19 -> 0 | K56: =AS19 -> 0 | L56: =AT19 -> 0 | M56: =AU19 -> 0 | N56: =AV19 -> 0 | O56: =AW19 -> 0 | P56: =AX19 -> 0 | Q56: =AY19 -> 1 | ... T56: =BB19 -> 0 | U56: =B24 -> 1 | V56: =C24 -> 2 | W56: =D24 -> 3 | X56: =E24 -> 1 | Y56: =F24 -> 1 | Z56: =G24 -> 1 | AA56: =H24 -> 1 | AB56: =I24 -> 1 | ... BB56: =AI24 -> 0 | BN56: =SUM(B52:AZ52) -> 2630 | BO56: =SUM(B56:BA56) -> 26
A59: Periodo epidemico 2021 -2022 | B59: 35 | C59: 36 | D59: 37 | E59: 38 | F59: 39 | G59: 40 | H59: 41 | I59: 42 | J59: 43 | K59: 44 | L59: 45 | M59: 46 | N59: 47 | O59: 48 | P59: 49 | Q59: 50 | R59: 51 | S59: 52 | T59: 1 | U59: 2 | V59: 3 | W59: 4 | X59: 5 | Y59: 6 | Z59: 7 | AA59: 8 | AB59: 9 | AC59: 10 | AD59: 11 | AE59: 12 | AF59: 13 | AG59: 14 | AH59: 15 | AI59: 16 | AJ59: 17 | AK59: 18 | AL59: 19 | AM59: 20 | AN59: 21 | AO59: 22 | AP59: 23 | AQ59: 24 | AR59: 25 | AS59: 26 | AT59: 27 | AU59: 28 | AV59: 29 | AW59: 30 | AX59: 31 | AY59: 32 | AZ59: 33 | BA59: 34 | BN59: 2020-2021 | BO59: 2021-2022
A60: Sospechosos | B60: =AJ23 -> 0 | C60: =AK23 -> 1 | D60: =AL23 -> 2 | E60: =AM23 -> 4 | F60: =AN23 -> 2 | G60: =AO23 -> 6 | H60: =AP23 -> 2 | I60: =AQ23 -> 6 | ... S60: =BA23 -> 10 | T60: =B28 -> 13 | U60: =C28 -> 8 | V60: =D28 -> 19 | W60: =E28 -> 7 | X60: =F28 -> 2 | Y60: =G28 -> 10 | Z60: =H28 -> 6 | AA60: =I28 -> 9 | ... BA60: =AI28 -> 0 | BN60: =SUM(B55:BB55) -> 236 | BO60: =SUM(B60:BA60) -> 505
A61: Positivos | B61: =AJ24 -> 0 | C61: =AK24 -> 0 | D61: =AL24 -> 0 | E61: =AM24 -> 1 | F61: =AN24 -> 0 | G61: =AO24 -> 1 | H61: =AP24 -> 0 | I61: =AQ24 -> 0 | ... S61: =BA24 -> 0 | T61: =B29 -> 0 | U61: =C29 -> 0 | V61: =D29 -> 0 | W61: =E29 -> 0 | X61: =F29 -> 0 | Y61: =G29 -> 0 | Z61: =H29 -> 0 | AA61: =I29 -> 4 | ... BA61: =AI29 -> 0 | BN61: =SUM(B56:BB56) -> 26 | BO61: =SUM(B61:BA61) -> 98
B63: 2022 | T63: 2023
A64: Periodo epidemico 2022 -2023 | B64: 35 | C64: 36 | D64: 37 | E64: 38 | F64: 39 | G64: 40 | H64: 41 | I64: 42 | J64: 43 | K64: 44 | L64: 45 | M64: 46 | N64: 47 | O64: 48 | P64: 49 | Q64: 50 | R64: 51 | S64: 52 | T64: 1 | U64: 2 | V64: 3 | W64: 4 | X64: 5 | Y64: 6 | Z64: 7 | AA64: 8 | AB64: 9 | AC64: 10 | AD64: 11 | AE64: 12 | AF64: 13 | AG64: 14 | AH64: 15 | AI64: 16 | AJ64: 17 | AK64: 18 | AL64: 19 | AM64: 20 | AN64: 21 | AO64: 22 | AP64: 23 | AQ64: 24 | AR64: 25 | AS64: 26 | AT64: 27 | AU64: 28 | AV64: 29 | AW64: 30 | AX64: 31 | AY64: 32 | AZ64: 33 | BA64: 34 | BN64: 2021-2022 | BO64: 2022-2023
A65: Sospechosos | B65: =AJ28 -> 2 | C65: =AK28 -> 2 | D65: =AL28 -> 0 | E65: =AM28 -> 1 | F65: =AN28 -> 4 | G65: =AO28 -> 6 | H65: =AP28 -> 6 | I65: =AQ28 -> 8 | ... S65: =BA28 -> 16 | T65: =B32 -> 21 | U65: =C32 -> 19 | V65: =D32 -> 52 | W65: =E32 -> 75 | X65: =F32 -> 135 | Y65: =G32 -> 198 | Z65: =H32 -> 194 | AA65: =I32 -> 216 | ... BA65: =AI32 -> 2 | BN65: =SUM(B60:L60) -> 36 | BO65: =SUM(B65:BA65) -> 5046
A66: Positivos | B66: =AJ29 -> 0 | C66: =AK29 -> 0 | D66: =AL29 -> 0 | E66: =AM29 -> 0 | F66: =AN29 -> 0 | G66: =AO29 -> 0 | H66: =AP29 -> 0 | I66: =AQ29 -> 0 | ... S66: =BA29 -> 2 | T66: =B33 -> 4 | U66: =C33 -> 2 | V66: =D33 -> 11 | W66: =E33 -> 21 | X66: =F33 -> 57 | Y66: =G33 -> 78 | Z66: =H33 -> 97 | AA66: =I33 -> 88 | ... BA66: =AI33 -> 0 | BN66: =SUM(B61:L61) -> 2 | BO66: =SUM(B66:BA66) -> 2083
A69: Periodo epidemico 2023 -2024 | B69: 35 | C69: 36 | D69: 37 | E69: 38 | F69: 39 | G69: 40 | H69: 41 | I69: 42 | J69: 43 | K69: 44 | L69: 45 | M69: 46 | N69: 47 | O69: 48 | P69: 49 | Q69: 50 | R69: 51 | S69: 52 | T69: 1 | U69: 2 | V69: 3 | W69: 4 | X69: 5 | Y69: 6 | Z69: 7 | AA69: 8 | AB69: 9 | AC69: 10 | AD69: 11 | AE69: 12 | AF69: 13 | AG69: 14 | AH69: 15 | AI69: 16 | AJ69: 17 | AK69: 18 | AL69: 19 | AM69: 20 | AN69: 21 | AO69: 22 | AP69: 23 | AQ69: 24 | AR69: 25 | AS69: 26 | AT69: 27 | AU69: 28 | AV69: 29 | AW69: 30 | AX69: 31 | AY69: 32 | AZ69: 33 | BA69: 34 | BN69: 2021-2022 | BO69: 2022-2023
A70: Sospechosos | B70: =AJ32 -> 2 | C70: =AK32 -> 11 | D70: =AL32 -> 6 | E70: =AM32 -> 8 | F70: =AN32 -> 5 | G70: =AO32 -> 3 | H70: =AP32 -> 5 | I70: =AQ32 -> 3 | ... S70: =BA32 -> 19 | T70: =B36 -> 27 | U70: =C36 -> 38 | V70: =D36 -> 25 | W70: =E36 -> 25 | X70: =F36 -> 36 | Y70: =G36 -> 25 | Z70: =H36 -> 26 | AA70: =I36 -> 35 | ... BA70: =AI36 -> 1
A71: Positivos | B71: =AJ33 -> 0 | C71: =AK33 -> 0 | D71: =AL33 -> 0 | E71: =AM33 -> 0 | F71: =AN33 -> 0 | G71: =AO33 -> 0 | H71: =AP33 -> 0 | I71: =AQ33 -> 0 | ... S71: =BA33 -> 0 | T71: =B37 -> 1 | U71: =C37 -> 2 | V71: =D37 -> 1 | W71: =E37 -> 0 | X71: =F37 -> 3 | Y71: =G37 -> 1 | Z71: =H37 -> 7 | AA71: =I37 -> 2 | ... BA71: =AI37 -> 0
A73: Periodo epidemico 2024 -2025 | B73: 35 | C73: 36 | D73: 37 | E73: 38 | F73: 39 | G73: 40 | H73: 41 | I73: 42 | J73: 43 | K73: 44 | L73: 45 | M73: 46 | N73: 47 | O73: 48 | P73: 49 | Q73: 50 | R73: 51 | S73: 52 | T73: 1 | U73: 2 | V73: 3 | W73: 4 | X73: 5 | Y73: 6 | Z73: 7 | AA73: 8 | AB73: 9 | AC73: 10 | AD73: 11 | AE73: 12 | AF73: 13 | AG73: 14 | AH73: 15 | AI73: 16 | AJ73: 17 | AK73: 18 | AL73: 19 | AM73: 20 | AN73: 21 | AO73: 22 | AP73: 23 | AQ73: 24 | AR73: 25 | AS73: 26 | AT73: 27 | AU73: 28 | AV73: 29 | AW73: 30 | AX73: 31 | AY73: 32 | AZ73: 33 | BA73: 34
A74: Sospechosos | B74: =AJ36 -> 0 | C74: =AK36 -> 1 | D74: =AL36 -> 6 | E74: =AM36 -> 9 | F74: =AN36 -> 27 | G74: =AO36 -> 20 | H74: =AP36 -> 14 | I74: =AQ36 -> 18 | ... S74: =BA36 -> 6 | T74: =B40 -> 16 | U74: =C40 -> 9 | V74: =D40 -> 13 | W74: =E40 -> 13 | X74: =F40 -> 8 | Y74: =G40 -> 15 | Z74: =H40 -> 14 | AA74: =I40 -> 17 | ... BA74: =AI40 -> 4
A75: Positivos | B75: =AJ37 -> 0 | C75: =AK37 -> 0 | D75: =AL37 -> 0 | E75: =AM37 -> 0 | F75: =AN37 -> 0 | G75: =AO37 -> 0 | H75: =AP37 -> 0 | I75: =AQ37 -> 0 | ... S75: =BA37 -> 0 | T75: =B41 -> 0 | U75: =C41 -> 0 | V75: =D41 -> 0 | W75: =E41 -> 1 | X75: =F41 -> 0 | Y75: =G41 -> 0 | Z75: =H41 -> 1 | AA75: =I41 -> 2 | ... BA75: =AI41 -> 0
A77: Periodo epidemico 2025 -2026 | B77: 35 | C77: 36 | D77: 37 | E77: 38 | F77: 39 | G77: 40 | H77: 41 | I77: 42 | J77: 43 | K77: 44 | L77: 45 | M77: 46 | N77: 47 | O77: 48 | P77: 49 | Q77: 50 | R77: 51 | S77: 52 | T77: 53 | U77: 1 | V77: 2 | W77: 3 | X77: 4 | Y77: 5 | Z77: 6 | AA77: 7 | AB77: 8 | AC77: 9 | AD77: 10 | AE77: 11 | AF77: 12 | AG77: 13 | AH77: 14 | AI77: 15 | AJ77: 16 | AK77: 17 | AL77: 18 | AM77: 19 | AN77: 20 | AO77: 21 | AP77: 22 | AQ77: 23 | AR77: 24 | AS77: 25 | AT77: 26 | AU77: 27 | AV77: 28 | AW77: 29 | AX77: 30 | AY77: 31 | AZ77: 32 | BA77: 33 | BB77: 34
A78: Sospechosos | B78: =AJ40 -> 2 | C78: =AK40 -> 3 | D78: =AL40 -> 2 | E78: =AM40 -> 3 | F78: =AN40 -> 2 | G78: =AO40 -> 5 | H78: =AP40 -> 4 | I78: =AQ40 -> 2 | ... S78: =BA40 -> 9 | T78: 0
A79: Positivos | B79: =AJ41 -> 0 | C79: =AK41 -> 0 | D79: =AL41 -> 0 | E79: =AM41 -> 0 | F79: =AN41 -> 0 | G79: =AO41 -> 0 | H79: =AP41 -> 0 | I79: =AQ41 -> 0 | ... S79: =BA41 -> 0 | T79: 0
A83: Periodos | B83: 2017 - 2018 | BB83: 2018 - 2019 | DB83: 2019-2020 | FB83: 2020-2021 | HC83: 2021-2022 | JC83: 2022-2023 | LD83: 2023-2024
B84: 35 | C84: 36 | D84: 37 | E84: 38 | F84: 39 | G84: 40 | H84: 41 | I84: 42 | J84: 43 | K84: 44 | L84: 45 | M84: 46 | N84: 47 | O84: 48 | P84: 49 | Q84: 50 | R84: 51 | S84: 52 | T84: 1 | U84: 2 | V84: 3 | W84: 4 | X84: 5 | Y84: 6 | Z84: 7 | AA84: 8 | AB84: 9 | AC84: 10 | AD84: 11 | AE84: 12 | AF84: 13 | AG84: 14 | AH84: 15 | AI84: 16 | AJ84: 17 | AK84: 18 | AL84: 19 | AM84: 20 | AN84: 21 | AO84: 22 | AP84: 23 | AQ84: 24 | AR84: 25 | AS84: 26 | AT84: 27 | AU84: 28 | AV84: 29 | AW84: 30 | AX84: 31 | AY84: 32 | AZ84: 33 | BA84: 34 | BB84: 35 | BC84: 36 | BD84: 37 | BE84: 38 | BF84: 39 | BG84: 40 | BH84: 41 | BI84: 42 | BJ84: 43 | BK84: 44 | BL84: 45 | BM84: 46 | BN84: 47 | BO84: 48 | BP84: 49 | BQ84: 50 | BR84: 51 | BS84: 52 | BT84: 1 | BU84: 2 | BV84: 3 | BW84: 4 | BX84: 5 | BY84: 6 | BZ84: 7 | CA84: 8 | CB84: 9 | CC84: 10 | CD84: 11 | CE84: 12 | CF84: 13 | CG84: 14 | CH84: 15 | CI84: 16 | CJ84: 17 | CK84: 18 | CL84: 19 | CM84: 20 | CN84: 21 | CO84: 22 | CP84: 23 | CQ84: 24 | CR84: 25 | CS84: 26 | CT84: 27 | CU84: 28 | CV84: 29 | CW84: 30 | CX84: 31 | CY84: 32 | CZ84: 33 | DA84: 34 | DB84: 35 | DC84: 36 | DD84: 37 | DE84: 38 | DF84: 39 | DG84: 40 | DH84: 41 | DI84: 42 | DJ84: 43 | DK84: 44 | DL84: 45 | DM84: 46 | DN84: 47 | DO84: 48 | DP84: 49 | DQ84: 50 | DR84: 51 | DS84: 52 | DT84: 1 | DU84: 2 | DV84: 3 | DW84: 4 | DX84: 5 | DY84: 6 | DZ84: 7 | EA84: 8 | EB84: 9 | EC84: 10 | ED84: 11 | EE84: 12 | EF84: 13 | EG84: 14 | EH84: 15 | EI84: 16 | EJ84: 17 | EK84: 18 | EL84: 19 | EM84: 20 | EN84: 21 | EO84: 22 | EP84: 23 | EQ84: 24 | ER84: 25 | ES84: 26 | ET84: 27 | EU84: 28 | EV84: 29 | EW84: 30 | EX84: 31 | EY84: 32 | EZ84: 33 | FA84: 34 | FB84: 35 | FC84: 36 | FD84: 37 | FE84: 38 | FF84: 39 | FG84: 40 | FH84: 41 | FI84: 42 | FJ84: 43 | FK84: 44 | FL84: 45 | FM84: 46 | FN84: 47 | FO84: 48 | FP84: 49 | FQ84: 50 | FR84: 51 | FS84: 52 | FT84: 53 | FU84: 1 | FV84: 2 | FW84: 3 | FX84: 4 | FY84: 5 | FZ84: 6 | GA84: 7 | GB84: 8 | GC84: 9 | GD84: 10 | GE84: 11 | GF84: 12 | GG84: 13 | GH84: 14 | GI84: 15 | GJ84: 16 | GK84: 17 | GL84: 18 | GM84: 19 | GN84: 20 | GO84: 21 | GP84: 22 | GQ84: 23 | GR84: 24 | GS84: 25 | GT84: 26 | GU84: 27 | GV84: 28 | GW84: 29 | GX84: 30 | GY84: 31 | GZ84: 32 | HA84: 33 | HB84: 34 | HC84: 35 | HD84: 36 | HE84: 37 | HF84: 38 | HG84: 39 | HH84: 40 | HI84: 41 | HJ84: 42 | HK84: 43 | HL84: 44 | HM84: 45 | HN84: 46 | HO84: 47 | HP84: 48 | HQ84: 49 | HR84: 50 | HS84: 51 | HT84: 52 | HU84: 1 | HV84: 2 | HW84: 3 | HX84: 4 | HY84: 5 | HZ84: 6 | IA84: 7 | IB84: 8 | IC84: 9 | ID84: 10 | IE84: 11 | IF84: 12 | IG84: 13 | IH84: 14 | II84: 15 | IJ84: 16 | IK84: 17 | IL84: 18 | IM84: 19 | IN84: 20 | IO84: 21 | IP84: 22 | IQ84: 23 | IR84: 24 | IS84: 25 | IT84: 26 | IU84: 27 | IV84: 28 | IW84: 29 | IX84: 30 | IY84: 31 | IZ84: 32 | JA84: 33 | JB84: 34 | JC84: 35 | JD84: 36 | JE84: 37 | JF84: 38 | JG84: 39 | JH84: 40 | JI84: 41 | JJ84: 42 | JK84: 43 | JL84: 44 | JM84: 45 | JN84: 46 | JO84: 47 | JP84: 48 | JQ84: 49 | JR84: 50 | JS84: 51 | JT84: 52 | JU84: 1 | JV84: 2 | JW84: 3 | JX84: 4 | JY84: 5 | JZ84: 6 | KA84: 7 | KB84: 8 | KC84: 9 | KD84: 10 | KE84: 11 | KF84: 12 | KG84: 13 | KH84: 14 | KI84: 15 | KJ84: 16 | KK84: 17 | KL84: 18 | KM84: 19 | KN84: 20 | KO84: 21 | KP84: 22 | KQ84: 23 | KR84: 24 | KS84: 25 | KT84: 26 | KU84: 27 | KV84: 28 | KW84: 29 | KX84: 30 | KY84: 31 | KZ84: 32 | LA84: 33 | LB84: 34 | LC84: 35 | LD84: 36 | LE84: 37 | LF84: 38 | LG84: 39 | LH84: 40 | LI84: 41 | LJ84: 42 | LK84: 43 | LL84: 44 | LM84: 45 | LN84: 46 | LO84: 47 | LP84: 48 | LQ84: 49 | LR84: 50 | LS84: 51 | LT84: 52 | LU84: 1 | LV84: 2 | LW84: 3 | LX84: 4 | LY84: 5 | LZ84: 6 | MA84: 7 | MB84: 8 | MC84: 9 | MD84: 10 | ME84: 11 | MF84: 12 | MG84: 13 | MH84: 14 | MI84: 15 | MJ84: 16 | MK84: 17
A85: Sospechosos | B85: 0 | C85: 2 | D85: 3 | E85: 0 | F85: 0 | G85: 6 | H85: 3 | I85: 3 | J85: 1 | K85: 3 | L85: 0 | M85: 5 | N85: 3 | O85: 2 | P85: 4 | Q85: 4 | R85: 3 | S85: 4 | T85: 8 | U85: 6 | V85: 6 | W85: 3 | X85: 6 | Y85: 3 | Z85: 3 | AA85: 9 | AB85: 5 | AC85: 18 | AD85: 6 | AE85: 16 | AF85: 7 | AG85: 15 | AH85: 7 | AI85: 10 | AJ85: 18 | AK85: 14 | AL85: 5 | AM85: 8 | AN85: 3 | AO85: 1 | AP85: 0 | AQ85: 0 | AR85: 1 | AS85: 2 | AT85: 1 | AU85: 1 | AV85: 0 | AW85: 0 | AX85: 2 | AY85: 0 | AZ85: 0 | BA85: 0 | BB85: 0 | BC85: 0 | BD85: 2 | BE85: 0 | BF85: 0 | BG85: 0 | BH85: 2 | BI85: 4 | BJ85: 0 | BK85: 1 | BL85: 8 | BM85: 1 | BN85: 1 | BO85: 3 | BP85: 1 | BQ85: 2 | BR85: 2 | BS85: 2 | BT85: 5 | BU85: 4 | BV85: 4 | BW85: 4 | BX85: 5 | BY85: 5 | BZ85: 3 | CA85: 9 | CB85: 4 | CC85: 4 | CD85: 2 | CE85: 8 | CF85: 7 | CG85: 4 | CH85: 4 | CI85: 1 | CJ85: 5 | CK85: 2 | CL85: 3 | CM85: 2 | CN85: 3 | CO85: 4 | CP85: 2 | CQ85: 2 | CR85: 1 | CS85: 3 | CT85: 2 | CU85: 4 | CV85: 3 | CW85: 2 | CX85: 0 | CY85: 2 | CZ85: 3 | DA85: 4 | DB85: 2 | DC85: 0 | DD85: 1 | DE85: 0 | DF85: 0 | DG85: 5 | DH85: 0 | DI85: 4 | DJ85: 1 | DK85: 4 | DL85: 3 | DM85: 3 | DN85: 2 | DO85: 7 | DP85: 4 | DQ85: 10 | DR85: 17 | DS85: 37 | DT85: =B18 -> 22 | DU85: =C18 -> 132 | DV85: =D18 -> 197 | DW85: =E18 -> 185 | DX85: =F18 -> 307 | DY85: =G18 -> 380 | DZ85: =H18 -> 440 | EA85: =I18 -> 373 | ... FT85: =BB18 -> 4 | FU85: =B23 -> 1 | FV85: =C23 -> 12 | FW85: =D23 -> 18 | FX85: =E23 -> 8 | FY85: =F23 -> 5 | FZ85: =G23 -> 4 | GA85: =H23 -> 6 | GB85: =I23 -> 10 | ... HT85: =BA23 -> 10 | HU85: =B28 -> 13 | HV85: =C28 -> 8 | HW85: =D28 -> 19 | HX85: =E28 -> 7 | HY85: =F28 -> 2 | HZ85: =G28 -> 10 | IA85: =H28 -> 6 | IB85: =I28 -> 9 | ... JT85: =BA28 -> 16 | JU85: =B32 -> 21 | JV85: =C32 -> 19 | JW85: =D32 -> 52 | JX85: =E32 -> 75 | JY85: =F32 -> 135 | JZ85: =G32 -> 198 | KA85: =H32 -> 194 | KB85: =I32 -> 216 | ... LT85: =BA32 -> 19 | LU85: =B36 -> 27 | LV85: =C36 -> 38 | LW85: =D36 -> 25 | LX85: =E36 -> 25 | LY85: =F36 -> 36 | LZ85: =G36 -> 25 | MA85: =H36 -> 26 | MB85: =I36 -> 35 | ... MK85: =R36 -> 90
A86: Positivos | B86: 0 | C86: 0 | D86: 0 | E86: 0 | F86: 0 | G86: 0 | H86: 0 | I86: 0 | J86: 0 | K86: 0 | L86: 0 | M86: 0 | N86: 0 | O86: 0 | P86: 0 | Q86: 0 | R86: 0 | S86: 0 | T86: 0 | U86: 0 | V86: 0 | W86: 0 | X86: 0 | Y86: 0 | Z86: 0 | AA86: 0 | AB86: 0 | AC86: 0 | AD86: 0 | AE86: 2 | AF86: 1 | AG86: 1 | AH86: 0 | AI86: 0 | AJ86: 2 | AK86: 1 | AL86: 0 | AM86: 2 | AN86: 0 | AO86: 0 | AP86: 0 | AQ86: 0 | AR86: 0 | AS86: 0 | AT86: 0 | AU86: 0 | AV86: 0 | AW86: 0 | AX86: 0 | AY86: 0 | AZ86: 0 | BA86: 0 | BB86: 0 | BC86: 0 | BD86: 0 | BE86: 0 | BF86: 0 | BG86: 0 | BH86: 0 | BI86: 0 | BJ86: 0 | BK86: 0 | BL86: 0 | BM86: 0 | BN86: 0 | BO86: 0 | BP86: 0 | BQ86: 0 | BR86: 0 | BS86: 0 | BT86: 0 | BU86: 0 | BV86: 0 | BW86: 0 | BX86: 1 | BY86: 0 | BZ86: 0 | CA86: 1 | CB86: 2 | CC86: 0 | CD86: 0 | CE86: 1 | CF86: 0 | CG86: 1 | CH86: 1 | CI86: 0 | CJ86: 3 | CK86: 0 | CL86: 0 | CM86: 0 | CN86: 0 | CO86: 0 | CP86: 0 | CQ86: 0 | CR86: 0 | CS86: 0 | CT86: 0 | CU86: 1 | CV86: 0 | CW86: 0 | CX86: 0 | CY86: 0 | CZ86: 0 | DA86: 0 | DB86: 0 | DC86: 0 | DD86: 0 | DE86: 0 | DF86: 0 | DG86: 0 | DH86: 0 | DI86: 0 | DJ86: 0 | DK86: 0 | DL86: 0 | DM86: 0 | DN86: 0 | DO86: 4 | DP86: 0 | DQ86: 3 | DR86: 9 | DS86: 28 | DT86: =B19 -> 9 | DU86: =C19 -> 85 | DV86: =D19 -> 127 | DW86: =E19 -> 126 | DX86: =F19 -> 188 | DY86: =G19 -> 231 | DZ86: =H19 -> 304 | EA86: =I19 -> 217 | ... FT86: =BB19 -> 0 | FU86: =B24 -> 1 | FV86: =C24 -> 2 | FW86: =D24 -> 3 | FX86: =E24 -> 1 | FY86: =F24 -> 1 | FZ86: =G24 -> 1 | GA86: =H24 -> 1 | GB86: =I24 -> 1 | ... HT86: =BA24 -> 0 | HU86: =B29 -> 0 | HV86: =C29 -> 0 | HW86: =D29 -> 0 | HX86: =E29 -> 0 | HY86: =F29 -> 0 | HZ86: =G29 -> 0 | IA86: =H29 -> 0 | IB86: =I29 -> 4 | ... JT86: =BA29 -> 2 | JU86: =B33 -> 4 | JV86: =C33 -> 2 | JW86: =D33 -> 11 | JX86: =E33 -> 21 | JY86: =F33 -> 57 | JZ86: =G33 -> 78 | KA86: =H33 -> 97 | KB86: =I33 -> 88 | ... LT86: =BA33 -> 0 | LU86: =B37 -> 1 | LV86: =C37 -> 2 | LW86: =D37 -> 1 | LX86: =E37 -> 0 | LY86: =F37 -> 3 | LZ86: =G37 -> 1 | MA86: =H37 -> 7 | MB86: =I37 -> 2 | ... MK86: =R37 -> 23
A90: CHIKUNGUNYA
A91: 2017 | B91: 1 | C91: 2 | D91: 3 | E91: 4 | F91: 5 | G91: 6 | H91: 7 | I91: 8 | J91: 9 | K91: 10 | L91: 11 | M91: 12 | N91: 13 | O91: 14 | P91: 15 | Q91: 16 | R91: 17 | S91: 18 | T91: 19 | U91: 20 | V91: 21 | W91: 22 | X91: 23 | Y91: 24 | Z91: 25 | AA91: 26 | AB91: 27 | AC91: 28 | AD91: 29 | AE91: 30 | AF91: 31 | AG91: 32 | AH91: 33 | AI91: 34 | AJ91: 35 | AK91: 36 | AL91: 37 | AM91: 38 | AN91: 39 | AO91: 40 | AP91: 41 | AQ91: 42 | AR91: 43 | AS91: 44 | AT91: 45 | AU91: 46 | AV91: 47 | AW91: 48 | AX91: 49 | AY91: 50 | AZ91: 51 | BA91: 52 | BC91: Total
A92: Sospechosos | B92: 0 | C92: 1 | D92: 8 | E92: 3 | G92: 5 | H92: 1 | I92: 3 | J92: 7 | K92: 4 | L92: 6 | M92: 17 | N92: 7 | O92: 10 | P92: 8 | Q92: 18 | R92: 6 | S92: 4 | T92: 10 | U92: 5 | V92: 2 | W92: 3 | X92: 2 | Y92: 0 | Z92: 5 | AA92: 1 | AB92: 0 | AC92: 1 | AD92: 1 | AE92: 0 | AF92: 0 | AG92: 2 | AH92: 2 | AI92: 2 | AJ92: 0 | AK92: 1 | AL92: 2 | AM92: 0 | AN92: 0 | AO92: 5 | AP92: 2 | AQ92: 0 | AR92: 1 | AS92: 1 | AT92: 0 | AU92: 5 | AV92: 1 | AW92: 2 | AX92: 1 | AY92: 3 | AZ92: 3 | BA92: 3 | BC92: =SUM(B92:BA92) -> 174
A93: Positivos | B93: 0 | C93: 0 | D93: 0 | E93: 0 | F93: 0 | G93: 0 | H93: 0 | I93: 0 | J93: 1 | K93: 0 | L93: 0 | M93: 0 | N93: 0 | O93: 0 | P93: 0 | Q93: 0 | R93: 0 | S93: 0 | T93: 0 | U93: 0 | V93: 0 | W93: 0 | X93: 0 | Y93: 0 | Z93: 0 | AA93: 0 | AB93: 0 | AC93: 0 | AD93: 0 | AE93: 0 | AF93: 0 | AG93: 0 | AH93: 0 | AI93: 0 | AJ93: 0 | AK93: 0 | AL93: 0 | AM93: 0 | AN93: 0 | AO93: 0 | AP93: 0 | AQ93: 0 | AR93: 0 | AS93: 0 | AT93: 0 | AU93: 0 | AV93: 0 | AW93: 0 | AX93: 0 | AY93: 0 | AZ93: 0 | BA93: 1 | BC93: =SUM(B93:BA93) -> 2
A95: 2018 | B95: 1 | C95: 2 | D95: 3 | E95: 4 | F95: 5 | G95: 6 | H95: 7 | I95: 8 | J95: 9 | K95: 10 | L95: 11 | M95: 12 | N95: 13 | O95: 14 | P95: 15 | Q95: 16 | R95: 17 | S95: 18 | T95: 19 | U95: 20 | V95: 21 | W95: 22 | X95: 23 | Y95: 24 | Z95: 25 | AA95: 26 | AB95: 27 | AC95: 28 | AD95: 29 | AE95: 30 | AF95: 31 | AG95: 32 | AH95: 33 | AI95: 34 | AJ95: 35 | AK95: 36 | AL95: 37 | AM95: 38 | AN95: 39 | AO95: 40 | AP95: 41 | AQ95: 42 | AR95: 43 | AS95: 44 | AT95: 45 | AU95: 46 | AV95: 47 | AW95: 48 | AX95: 49 | AY95: 50 | AZ95: 51 | BA95: 52 | BC95: Total
A96: Sospechosos | B96: 6 | C96: 5 | D96: 3 | E96: 2 | F96: 6 | G96: 3 | H96: 2 | I96: 6 | J96: 5 | K96: 14 | L96: 4 | M96: 8 | N96: 5 | O96: 10 | P96: 7 | Q96: 9 | R96: 13 | S96: 14 | T96: 3 | U96: 7 | V96: 3 | W96: 1 | X96: 1 | Y96: 0 | Z96: 1 | AA96: 1 | AB96: 1 | AC96: 1 | AD96: 0 | AE96: 0 | AF96: 1 | AG96: 0 | AH96: 0 | AI96: 0 | AJ96: 0 | AK96: 0 | AL96: 1 | AM96: 0 | AN96: 0 | AO96: 0 | AP96: 1 | AQ96: 3 | AR96: 0 | AS96: 0 | AT96: 4 | AU96: 1 | AV96: 1 | AW96: 1 | AX96: 0 | AY96: 2 | AZ96: 1 | BA96: 2 | BC96: =SUM(B96:BA96) -> 159 | BD96: =SUM(B96:BA96) -> 159
A97: Positivos | B97: 0 | C97: 0 | D97: 0 | E97: 0 | F97: 0 | G97: 0 | H97: 0 | I97: 0 | J97: 0 | K97: 0 | L97: 0 | M97: 0 | N97: 0 | O97: 3 | P97: 0 | Q97: 0 | R97: 0 | S97: 0 | T97: 0 | U97: 0 | V97: 0 | W97: 0 | X97: 1 | Y97: 0 | Z97: 0 | AA97: 0 | AB97: 0 | AC97: 0 | AD97: 0 | AE97: 0 | AF97: 0 | AG97: 0 | AH97: 0 | AI97: 0 | AJ97: 0 | AK97: 0 | AL97: 0 | AM97: 0 | AN97: 0 | AO97: 0 | AP97: 0 | AQ97: 0 | AR97: 0 | AS97: 0 | AT97: 0 | AU97: 0 | AV97: 0 | AW97: 0 | AX97: 0 | AY97: 0 | AZ97: 0 | BA97: 0 | BC97: =SUM(B97:BA97) -> 4 | BD97: =SUM(B97:BA97) -> 4
A100: 2019 | B100: 1 | C100: 2 | D100: 3 | E100: 4 | F100: 5 | G100: 6 | H100: 7 | I100: 8 | J100: 9 | K100: 10 | L100: 11 | M100: 12 | N100: 13 | O100: 14 | P100: 15 | Q100: 16 | R100: 17 | S100: 18 | T100: 19 | U100: 20 | V100: 21 | W100: 22 | X100: 23 | Y100: 24 | Z100: 25 | AA100: 26 | AB100: 27 | AC100: 28 | AD100: 29 | AE100: 30 | AF100: 31 | AG100: 32 | AH100: 33 | AI100: 34 | AJ100: 35 | AK100: 36 | AL100: 37 | AM100: 38 | AN100: 39 | AO100: 40 | AP100: 41 | AQ100: 42 | AR100: 43 | AS100: 44 | AT100: 45 | AU100: 46 | AV100: 47 | AW100: 48 | AX100: 49 | AY100: 50 | AZ100: 51 | BA100: 52 | BC100: Total
A101: Sospechosos | B101: 2 | C101: 2 | D101: 3 | E101: 4 | F101: 2 | G101: 1 | H101: 1 | I101: 2 | J101: 2 | K101: 4 | L101: 0 | M101: 2 | N101: 1 | O101: 1 | P101: 4 | Q101: 1 | R101: 2 | S101: 0 | T101: 0 | U101: 1 | V101: 2 | W101: 2 | X101: 1 | Y101: 1 | Z101: 0 | AA101: 2 | AB101: 1 | AC101: 1 | AD101: 0 | AE101: 1 | AF101: 0 | AG101: 0 | AH101: 0 | AI101: 0 | AJ101: 0 | AK101: 0 | AL101: 0 | AM101: 0 | AN101: 0 | AO101: 0 | AP101: 0 | AQ101: 1 | AR101: 0 | AS101: 2 | AT101: 0 | AU101: 1 | AV101: 0 | AW101: 0 | AX101: 1 | AY101: 1 | AZ101: 1 | BA101: 6 | BC101: =SUM(B101:BA101) -> 59 | BD101: =BC101 -> 59
A102: Positivos | B102: 0 | C102: 0 | D102: 0 | E102: 0 | F102: 0 | G102: 0 | H102: 0 | I102: 0 | J102: 0 | K102: 0 | L102: 0 | M102: 0 | N102: 0 | O102: 0 | P102: 0 | Q102: 0 | R102: 0 | S102: 0 | T102: 0 | U102: 0 | V102: 0 | W102: 0 | X102: 0 | Y102: 0 | Z102: 0 | AA102: 0 | AB102: 0 | AC102: 0 | AD102: 0 | AE102: 0 | AF102: 0 | AG102: 0 | AH102: 0 | AI102: 0 | AJ102: 1 | AK102: 0 | AL102: 0 | AM102: 0 | AN102: 0 | AO102: 0 | AP102: 0 | AQ102: 0 | AR102: 0 | AS102: 0 | AT102: 0 | AU102: 0 | AV102: 0 | AW102: 0 | AX102: 1 | AY102: 0 | AZ102: 0 | BA102: 1 | BC102: =SUM(B102:BA102) -> 3 | BD102: =BC102 -> 3
A104: 2020 | B104: 1 | C104: 2 | D104: 3 | E104: 4 | F104: 5 | G104: 6 | H104: 7 | I104: 8 | J104: 9 | K104: 10 | L104: 11 | M104: 12 | N104: 13 | O104: 14 | P104: 15 | Q104: 16 | R104: 17 | S104: 18 | T104: 19 | U104: 20 | V104: 21 | W104: 22 | X104: 23 | Y104: 24 | Z104: 25 | AA104: 26 | AB104: 27 | AC104: 28 | AD104: 29 | AE104: 30 | AF104: 31 | AG104: 32 | AH104: 33 | AI104: 34 | AJ104: 35 | AK104: 36 | AL104: 37 | AM104: 38 | AN104: 39 | AO104: 40 | AP104: 41 | AQ104: 42 | AR104: 43 | AS104: 44 | AT104: 45 | AU104: 46 | AV104: 47 | AW104: 48 | AX104: 49 | AY104: 50 | AZ104: 51 | BA104: 52 | BB104: 53 | BC104: Total 2019 | BD104: Total 2020
A105: Sospechosos | B105: 2 | C105: 10 | D105: 12 | E105: 15 | F105: 14 | G105: 19 | H105: 4 | I105: 9 | J105: 14 | K105: 19 | L105: 31 | M105: 62 | N105: 20 | O105: 33 | P105: 31 | Q105: 19 | R105: 12 | S105: 2 | T105: 2 | U105: 6 | V105: 3 | W105: 1 | X105: 2 | Y105: 0 | Z105: 0 | AA105: 0 | AB105: 0 | AC105: 0 | AD105: 0 | AE105: 0 | AF105: 0 | AG105: 0 | AH105: 0 | AI105: 0 | AJ105: 0 | AK105: 0 | AL105: 0 | AM105: 0 | AN105: 1 | AO105: 0 | AP105: 0 | AQ105: 0 | AR105: 0 | AS105: 0 | AT105: 1 | AU105: 1 | AV105: 0 | AW105: 0 | AX105: 1 | AY105: 0 | AZ105: 1 | BA105: 5 | BB105: 1 | BC105: =SUM(B101:BA101) -> 59 | BD105: =SUM(B105:BB105) -> 353
A106: Positivos | B106: 1 | C106: 1 | D106: 0 | E106: 0 | F106: 0 | G106: 0 | H106: 0 | I106: 0 | J106: 0 | K106: 0 | L106: 0 | M106: 1 | N106: 0 | O106: 2 | P106: 0 | Q106: 0 | R106: 0 | S106: 0 | T106: 0 | U106: 0 | V106: 0 | W106: 0 | X106: 0 | Y106: 0 | Z106: 0 | AA106: 0 | AB106: 0 | AC106: 0 | AD106: 0 | AE106: 0 | AF106: 0 | AG106: 0 | AH106: 0 | AI106: 0 | AJ106: 0 | AK106: 0 | AL106: 0 | AM106: 0 | AN106: 0 | AO106: 0 | AP106: 0 | AQ106: 0 | AR106: 0 | AS106: 0 | AT106: 0 | AU106: 0 | AV106: 0 | AW106: 0 | AX106: 0 | AY106: 0 | AZ106: 0 | BA106: 0 | BB106: 0 | BC106: =SUM(B102:BA102) -> 3 | BD106: =SUM(B106:BB106) -> 5
A109: 2021 | B109: 1 | C109: 2 | D109: 3 | E109: 4 | F109: 5 | G109: 6 | H109: 7 | I109: 8 | J109: 9 | K109: 10 | L109: 11 | M109: 12 | N109: 13 | O109: 14 | P109: 15 | Q109: 16 | R109: 17 | S109: 18 | T109: 19 | U109: 20 | V109: 21 | W109: 22 | X109: 23 | Y109: 24 | Z109: 25 | AA109: 26 | AB109: 27 | AC109: 28 | AD109: 29 | AE109: 30 | AF109: 31 | AG109: 32 | AH109: 33 | AI109: 34 | AJ109: 35 | AK109: 36 | AL109: 37 | AM109: 38 | AN109: 39 | AO109: 40 | AP109: 41 | AQ109: 42 | AR109: 43 | AS109: 44 | AT109: 45 | AU109: 46 | AV109: 47 | AW109: 48 | AX109: 49 | AY109: 50 | AZ109: 51 | BA109: 52 | BB109: 53 | BC109: Total 2020 | BD109: Total 2021
A110: Sospechosos | B110: 0 | C110: 4 | D110: 4 | E110: 0 | F110: 0 | G110: 2 | H110: 1 | I110: 0 | J110: 2 | K110: 3 | L110: 1 | M110: 2 | N110: 1 | O110: 0 | P110: 3 | Q110: 1 | R110: 0 | S110: 0 | T110: 0 | U110: 1 | V110: 1 | W110: 0 | X110: 0 | Y110: 1 | Z110: 0 | AA110: 0 | AB110: 0 | AC110: 0 | AD110: 0 | AE110: 0 | AF110: 0 | AG110: 0 | AH110: 0 | AI110: 0 | AJ110: 0 | AK110: 0 | AL110: 0 | AM110: 0 | AN110: 2 | AO110: 2 | AP110: 0 | AQ110: 1 | AR110: 1 | AS110: 0 | AT110: 1 | AU110: 0 | AV110: 0 | AW110: 1 | AX110: 2 | AY110: 0 | AZ110: 1 | BA110: 1 | BC110: =SUM(B105:BB105) -> 353 | BD110: =SUM(B110:BB110) -> 39
A111: Positivos | B111: 0 | C111: 0 | D111: 0 | E111: 0 | F111: 0 | G111: 0 | H111: 0 | I111: 0 | J111: 0 | K111: 0 | L111: 0 | M111: 0 | N111: 0 | O111: 0 | P111: 0 | Q111: 0 | R111: 0 | S111: 0 | T111: 0 | U111: 0 | V111: 0 | W111: 0 | X111: 0 | Y111: 0 | Z111: 0 | AA111: 0 | AB111: 0 | AC111: 0 | AD111: 0 | AE111: 0 | AF111: 0 | AG111: 0 | AH111: 0 | AI111: 0 | AJ111: 0 | AK111: 0 | AL111: 0 | AM111: 0 | AN111: 0 | AO111: 0 | AP111: 0 | AQ111: 0 | AR111: 0 | AS111: 0 | AT111: 0 | AU111: 0 | AV111: 0 | AW111: 0 | AX111: 0 | AY111: 0 | AZ111: 0 | BA111: 0 | BC111: =SUM(B106:BB106) -> 5 | BD111: =SUM(B111:BB111) -> 0
A114: 2022 | B114: 1 | C114: 2 | D114: 3 | E114: 4 | F114: 5 | G114: 6 | H114: 7 | I114: 8 | J114: 9 | K114: 10 | L114: 11 | M114: 12 | N114: 13 | O114: 14 | P114: 15 | Q114: 16 | R114: 17 | S114: 18 | T114: 19 | U114: 20 | V114: 21 | W114: 22 | X114: 23 | Y114: 24 | Z114: 25 | AA114: 26 | AB114: 27 | AC114: 28 | AD114: 29 | AE114: 30 | AF114: 31 | AG114: 32 | AH114: 33 | AI114: 34 | AJ114: 35 | AK114: 36 | AL114: 37 | AM114: 38 | AN114: 39 | AO114: 40 | AP114: 41 | AQ114: 42 | AR114: 43 | AS114: 44 | AT114: 45 | AU114: 46 | AV114: 47 | AW114: 48 | AX114: 49 | AY114: 50 | AZ114: 51 | BA114: 52 | BC114: Total 2021 | BD114: Total 2022
A115: Sospechosos | B115: 1 | C115: 1 | D115: 1 | E115: 1 | F115: 1 | G115: 1 | H115: 1 | I115: 1 | J115: 0 | K115: 0 | L115: 1 | M115: 0 | N115: 0 | O115: 4 | P115: 0 | Q115: 0 | R115: 0 | S115: 2 | T115: 1 | U115: 1 | V115: 0 | W115: 0 | X115: 0 | Y115: 0 | Z115: 0 | AA115: 0 | AB115: 1 | AC115: 7 | AD115: 11 | AE115: 0 | AF115: 1 | AG115: 0 | AH115: 0 | AI115: 0 | AJ115: 0 | AK115: 0 | AL115: 0 | AM115: 1 | AN115: 1 | AO115: 0 | AP115: 0 | AQ115: 0 | AR115: 2 | AS115: 1 | AT115: 4 | AU115: 0 | AV115: 1 | AW115: 0 | AX115: 3 | AY115: 3 | AZ115: 2 | BA115: 2 | BC115: =SUM(B110:BA110) -> 39 | BD115: =SUM(B115:BB115) -> 57
A116: Positivos | B116: 0 | C116: 0 | D116: 0 | E116: 0 | F116: 0 | G116: 0 | H116: 0 | I116: 0 | J116: 0 | K116: 0 | L116: 0 | M116: 0 | N116: 0 | O116: 0 | P116: 0 | Q116: 0 | R116: 0 | S116: 0 | T116: 0 | U116: 0 | V116: 0 | W116: 0 | X116: 0 | Y116: 0 | Z116: 0 | AA116: 0 | AB116: 0 | AC116: 0 | AD116: 0 | AE116: 0 | AF116: 0 | AG116: 0 | AH116: 0 | AI116: 0 | AJ116: 0 | AK116: 0 | AL116: 0 | AM116: 0 | AN116: 0 | AO116: 0 | AP116: 0 | AQ116: 0 | AR116: 0 | AS116: 0 | AT116: 0 | AU116: 0 | AV116: 0 | AW116: 0 | AX116: 0 | AY116: 0 | AZ116: 0 | BA116: 0 | BC116: =SUM(B111:BA111) -> 0 | BD116: =SUM(B116:BB116) -> 0
A118: 2023 | B118: 1 | C118: 2 | D118: 3 | E118: 4 | F118: 5 | G118: 6 | H118: 7 | I118: 8 | J118: 9 | K118: 10 | L118: 11 | M118: 12 | N118: 13 | O118: 14 | P118: 15 | Q118: 16 | R118: 17 | S118: 18 | T118: 19 | U118: 20 | V118: 21 | W118: 22 | X118: 23 | Y118: 24 | Z118: 25 | AA118: 26 | AB118: 27 | AC118: 28 | AD118: 29 | AE118: 30 | AF118: 31 | AG118: 32 | AH118: 33 | AI118: 34 | AJ118: 35 | AK118: 36 | AL118: 37 | AM118: 38 | AN118: 39 | AO118: 40 | AP118: 41 | AQ118: 42 | AR118: 43 | AS118: 44 | AT118: 45 | AU118: 46 | AV118: 47 | AW118: 48 | AX118: 49 | AY118: 50 | AZ118: 51 | BA118: 52 | BC118: Total 2022 | BD118: Total 2023
A119: Sospechosos | B119: 3 | C119: 3 | D119: 3 | E119: 2 | F119: 4 | G119: 12 | H119: 9 | I119: 7 | J119: 16 | K119: 6 | L119: 1 | M119: 16 | N119: 31 | O119: 5 | P119: 19 | Q119: 4 | R119: 12 | S119: 3 | T119: 3 | U119: 2 | V119: 1 | W119: 3 | X119: 6 | Y119: 2 | Z119: 2 | AA119: 0 | AB119: 1 | AC119: 0 | AD119: 0 | AE119: 0 | AF119: 0 | AG119: 1 | AH119: 0 | AI119: 1 | AJ119: 0 | AK119: 0 | AL119: 0 | AM119: 0 | AN119: 0 | AO119: 0 | AP119: 1 | AQ119: 0 | AR119: 2 | AS119: 1 | AT119: 1 | AU119: 0 | AV119: 0 | AW119: 0 | AX119: 0 | AY119: 1 | AZ119: 0 | BA119: 0 | BC119: =SUM(B115:BA115) -> 57 | BD119: =SUM(B119:BB119) -> 184
A120: Positivos | B120: 0 | C120: 0 | D120: 0 | E120: 0 | F120: 0 | G120: 0 | H120: 0 | I120: 0 | J120: 0 | K120: 0 | L120: 0 | M120: 0 | N120: 0 | O120: 0 | P120: 0 | Q120: 0 | R120: 0 | S120: 0 | T120: 0 | U120: 0 | V120: 0 | W120: 0 | X120: 0 | Y120: 0 | Z120: 0 | AA120: 0 | AB120: 0 | AC120: 0 | AD120: 0 | AE120: 0 | AF120: 0 | AG120: 0 | AH120: 0 | AI120: 0 | AJ120: 0 | AK120: 0 | AL120: 0 | AM120: 0 | AN120: 0 | AO120: 0 | AP120: 0 | AQ120: 0 | AR120: 0 | AS120: 1 | AT120: 0 | AU120: 0 | AV120: 0 | AW120: 0 | AX120: 0 | AY120: 0 | AZ120: 0 | BA120: 0 | BC120: =SUM(B116:BA116) -> 0 | BD120: =SUM(B120:BB120) -> 1
A122: 2024 | B122: 1 | C122: 2 | D122: 3 | E122: 4 | F122: 5 | G122: 6 | H122: 7 | I122: 8 | J122: 9 | K122: 10 | L122: 11 | M122: 12 | N122: 13 | O122: 14 | P122: 15 | Q122: 16 | R122: 17 | S122: 18 | T122: 19 | U122: 20 | V122: 21 | W122: 22 | X122: 23 | Y122: 24 | Z122: 25 | AA122: 26 | AB122: 27 | AC122: 28 | AD122: 29 | AE122: 30 | AF122: 31 | AG122: 32 | AH122: 33 | AI122: 34 | AJ122: 35 | AK122: 36 | AL122: 37 | AM122: 38 | AN122: 39 | AO122: 40 | AP122: 41 | AQ122: 42 | AR122: 43 | AS122: 44 | AT122: 45 | AU122: 46 | AV122: 47 | AW122: 48 | AX122: 49 | AY122: 50 | AZ122: 51 | BA122: 52 | BC122: Total 2023 | BD122: Total 2024
A123: Sospechosos | B123: 2 | C123: 3 | D123: 0 | E123: 1 | F123: 3 | G123: 0 | H123: 0 | I123: 4 | J123: 2 | K123: 0 | L123: 0 | M123: 0 | N123: 0 | O123: 0 | P123: 0 | Q123: 0 | R123: 0 | S123: 0 | T123: 0 | U123: 0 | V123: 0 | W123: 0 | X123: 0 | Y123: 0 | Z123: 0 | AA123: 0 | AB123: 0 | AC123: 0 | AD123: 0 | AE123: 0 | AF123: 0 | AG123: 0 | AH123: 0 | AI123: 0 | AJ123: 0 | AK123: 0 | AL123: 0 | AM123: 0 | AN123: 0 | AO123: 0 | AP123: 0 | AQ123: 0 | AR123: 0 | AS123: 0 | AT123: 0 | AU123: 0 | AV123: 0 | AW123: 0 | AX123: 0 | AY123: 0 | AZ123: 0 | BA123: 0 | BC123: =SUM(B119:AC119) -> 176 | BD123: =SUM(B123:BB123) -> 15
A124: Positivos | B124: 0 | C124: 0 | D124: 0 | E124: 0 | F124: 0 | G124: 0 | H124: 0 | I124: 0 | J124: 0 | K124: 0 | L124: 0 | M124: 0 | N124: 0 | O124: 0 | P124: 0 | Q124: 0 | R124: 0 | S124: 0 | T124: 0 | U124: 0 | V124: 0 | W124: 0 | X124: 0 | Y124: 0 | Z124: 0 | AA124: 0 | AB124: 0 | AC124: 0 | AD124: 0 | AE124: 0 | AF124: 0 | AG124: 0 | AH124: 0 | AI124: 0 | AJ124: 0 | AK124: 0 | AL124: 0 | AM124: 0 | AN124: 0 | AO124: 0 | AP124: 0 | AQ124: 0 | AR124: 0 | AS124: 0 | AT124: 0 | AU124: 0 | AV124: 0 | AW124: 0 | AX124: 0 | AY124: 0 | AZ124: 0 | BA124: 0 | BC124: =SUM(B120:AC120) -> 0 | BD124: =SUM(B124:BB124) -> 0
A126: 2025 | B126: 1 | C126: 2 | D126: 3 | E126: 4 | F126: 5 | G126: 6 | H126: 7 | I126: 8 | J126: 9 | K126: 10 | L126: 11 | M126: 12 | N126: 13 | O126: 14 | P126: 15 | Q126: 16 | R126: 17 | S126: 18 | T126: 19 | U126: 20 | V126: 21 | W126: 22 | X126: 23 | Y126: 24 | Z126: 25 | AA126: 26 | AB126: 27 | AC126: 28 | AD126: 29 | AE126: 30 | AF126: 31 | AG126: 32 | AH126: 33 | AI126: 34 | AJ126: 35 | AK126: 36 | AL126: 37 | AM126: 38 | AN126: 39 | AO126: 40 | AP126: 41 | AQ126: 42 | AR126: 43 | AS126: 44 | AT126: 45 | AU126: 46 | AV126: 47 | AW126: 48 | AX126: 49 | AY126: 50 | AZ126: 51 | BA126: 52 | BB126: 53 | BC126: Total 2023 | BD126: Total 2024
A127: Sospechosos | B127: 2 | C127: 3 | D127: 4 | E127: 2 | F127: 0 | G127: 0 | H127: 5 | I127: 2 | J127: 10 | K127: 7 | L127: 11 | M127: 13 | N127: 5 | O127: 4 | P127: 8 | Q127: 6 | R127: 4 | S127: 1 | T127: 4 | U127: 5 | V127: 2 | W127: 1 | X127: 2 | Y127: 1 | Z127: 1 | AA127: 1 | AB127: 0 | AC127: 0 | AD127: 1 | AE127: 0 | AF127: 0 | AG127: 1 | AH127: 0 | AI127: 1 | AJ127: 1 | AK127: 0 | AL127: 0 | AM127: 0 | AN127: 0 | AO127: 1 | AP127: 0 | AQ127: 1 | AR127: 0 | AS127: 0 | AT127: 0 | AU127: 2 | AV127: 1 | AW127: 1 | AX127: 1 | AY127: 3 | AZ127: 6 | BA127: 3 | BB127: 4 | BC127: =SUM(B123:AC123) -> 15 | BD127: =SUM(B127:BB127) -> 131
A128: Positivos | B128: 0 | C128: 0 | D128: 0 | E128: 0 | F128: 0 | G128: 0 | H128: 0 | I128: 2 | J128: 2 | K128: 0 | L128: 2 | M128: 1 | N128: 0 | O128: 0 | P128: 0 | Q128: 0 | R128: 0 | S128: 0 | T128: 0 | U128: 0 | V128: 0 | W128: 1 | X128: 0 | Y128: 0 | Z128: 1 | AA128: 0 | AB128: 0 | AC128: 1 | AD128: 0 | AE128: 0 | AF128: 0 | AG128: 0 | AH128: 0 | AI128: 0 | AJ128: 0 | AK128: 0 | AL128: 0 | AM128: 0 | AN128: 0 | AO128: 0 | AP128: 0 | AQ128: 0 | AR128: 0 | AS128: 0 | AT128: 0 | AU128: 0 | AV128: 0 | AW128: 0 | AX128: 0 | AY128: 0 | AZ128: 0 | BA128: 3 | BB128: 3 | BC128: =SUM(B124:AC124) -> 0 | BD128: =SUM(B128:BB128) -> 16
A133: 2020 Notificacion
A134: Periodo epidemico 2019 -2020 | B134: 35 | C134: 36 | D134: 37 | E134: 38 | F134: 39 | G134: 40 | H134: 41 | I134: 42 | J134: 43 | K134: 44 | L134: 45 | M134: 46 | N134: 47 | O134: 48 | P134: 49 | Q134: 50 | R134: 51 | S134: 52 | T134: 1 | U134: 2 | V134: 3 | W134: 4 | X134: 5 | Y134: 6 | Z134: 7 | AA134: 8 | AB134: 9 | AC134: 10 | AD134: 11 | AE134: 12 | AF134: 13 | AG134: 14 | AH134: 15 | AI134: 16 | AJ134: 17 | AK134: 18 | AL134: 19 | AM134: 20 | AN134: 21 | AO134: 22 | AP134: 23 | AQ134: 24 | AR134: 25 | AS134: 26 | AT134: 27 | AU134: 28 | AV134: 29 | AW134: 30 | AX134: 31 | AY134: 32 | AZ134: 33 | BA134: 34 | BN134: 2018-2019 | BO134: 2019-2020
A135: Sospechosos | B135: =AJ101 -> 0 | C135: =AK101 -> 0 | D135: =AL101 -> 0 | E135: =AM101 -> 0 | F135: =AN101 -> 0 | G135: =AO101 -> 0 | H135: =AP101 -> 0 | I135: =AQ101 -> 1 | ... S135: =BA101 -> 6 | T135: =B105 -> 2 | U135: =C105 -> 10 | V135: =D105 -> 12 | W135: =E105 -> 15 | X135: =F105 -> 14 | Y135: =G105 -> 19 | Z135: =H105 -> 4 | AA135: =I105 -> 9 | ... BA135: =AI105 -> 0 | BN135: =BN104 -> 0 | BO135: =SUM(B135:BA135) -> 355
A136: Positivos | B136: =AJ102 -> 1 | C136: =AK102 -> 0 | D136: =AL102 -> 0 | E136: =AM102 -> 0 | F136: =AN102 -> 0 | G136: =AO102 -> 0 | H136: =AP102 -> 0 | I136: =AQ102 -> 0 | ... S136: =BA102 -> 1 | T136: =B106 -> 1 | U136: =C106 -> 1 | V136: =D106 -> 0 | W136: =E106 -> 0 | X136: =F106 -> 0 | Y136: =G106 -> 0 | Z136: =H106 -> 0 | AA136: =I106 -> 0 | ... BA136: =AI106 -> 0 | BN136: =BN105 -> 0 | BO136: =SUM(B136:BA136) -> 8
A138: Periodo epidemico 2020 -2021 | B138: 35 | C138: 36 | D138: 37 | E138: 38 | F138: 39 | G138: 40 | H138: 41 | I138: 42 | J138: 43 | K138: 44 | L138: 45 | M138: 46 | N138: 47 | O138: 48 | P138: 49 | Q138: 50 | R138: 51 | S138: 52 | T138: 53 | U138: 1 | V138: 2 | W138: 3 | X138: 4 | Y138: 5 | Z138: 6 | AA138: 7 | AB138: 8 | AC138: 9 | AD138: 10 | AE138: 11 | AF138: 12 | AG138: 13 | AH138: 14 | AI138: 15 | AJ138: 16 | AK138: 17 | AL138: 18 | AM138: 19 | AN138: 20 | AO138: 21 | AP138: 22 | AQ138: 23 | AR138: 24 | AS138: 25 | AT138: 26 | AU138: 27 | AV138: 28 | AW138: 29 | AX138: 30 | AY138: 31 | AZ138: 32 | BA138: 33 | BB138: 34 | BN138: 2019-2020 | BO138: 2020-2021
A139: Sospechosos | B139: =AJ105 -> 0 | C139: =AK105 -> 0 | D139: =AL105 -> 0 | E139: =AM105 -> 0 | F139: =AN105 -> 1 | G139: =AO105 -> 0 | H139: =AP105 -> 0 | I139: =AQ105 -> 0 | ... T139: =BB105 -> 1 | U139: =B110 -> 0 | V139: =C110 -> 4 | W139: =D110 -> 4 | X139: =E110 -> 0 | Y139: =F110 -> 0 | Z139: =G110 -> 2 | AA139: =H110 -> 1 | AB139: =I110 -> 0 | ... BB139: =AI110 -> 0 | BN139: =SUM(B135:BA135) -> 355 | BO139: =SUM(B139:BB139) -> 38
A140: Positivos | B140: =AJ106 -> 0 | C140: =AK106 -> 0 | D140: =AL106 -> 0 | E140: =AM106 -> 0 | F140: =AN106 -> 0 | G140: =AO106 -> 0 | H140: =AP106 -> 0 | I140: =AQ106 -> 0 | ... T140: =BB106 -> 0 | U140: =B111 -> 0 | V140: =C111 -> 0 | W140: =D111 -> 0 | X140: =E111 -> 0 | Y140: =F111 -> 0 | Z140: =G111 -> 0 | AA140: =H111 -> 0 | AB140: =I111 -> 0 | ... BB140: =AI111 -> 0 | BN140: =SUM(B136:BA136) -> 8 | BO140: =SUM(B140:BB140) -> 0
A142: Periodo epidemico 2021 -2022 | B142: 35 | C142: 36 | D142: 37 | E142: 38 | F142: 39 | G142: 40 | H142: 41 | I142: 42 | J142: 43 | K142: 44 | L142: 45 | M142: 46 | N142: 47 | O142: 48 | P142: 49 | Q142: 50 | R142: 51 | S142: 52 | T142: 1 | U142: 2 | V142: 3 | W142: 4 | X142: 5 | Y142: 6 | Z142: 7 | AA142: 8 | AB142: 9 | AC142: 10 | AD142: 11 | AE142: 12 | AF142: 13 | AG142: 14 | AH142: 15 | AI142: 16 | AJ142: 17 | AK142: 18 | AL142: 19 | AM142: 20 | AN142: 21 | AO142: 22 | AP142: 23 | AQ142: 24 | AR142: 25 | AS142: 26 | AT142: 27 | AU142: 28 | AV142: 29 | AW142: 30 | AX142: 31 | AY142: 32 | AZ142: 33 | BA142: 34 | BN142: 2019-2020 | BO142: 2020-2021
A143: Sospechosos | B143: =AJ110 -> 0 | C143: =AK110 -> 0 | D143: =AL110 -> 0 | E143: =AM110 -> 0 | F143: =AN110 -> 2 | G143: =AO110 -> 2 | H143: =AP110 -> 0 | I143: =AQ110 -> 1 | ... S143: =BA110 -> 1 | T143: =B115 -> 1 | U143: =C115 -> 1 | V143: =D115 -> 1 | W143: =E115 -> 1 | X143: =F115 -> 1 | Y143: =G115 -> 1 | Z143: =H115 -> 1 | AA143: =I115 -> 1 | ... BA143: =AI115 -> 0 | BN143: =SUM(B139:BB139) -> 38 | BO143: =SUM(B143:BA143) -> 49
A144: Positivos | B144: =AJ111 -> 0 | C144: =AK111 -> 0 | D144: =AL111 -> 0 | E144: =AM111 -> 0 | F144: =AN111 -> 0 | G144: =AO111 -> 0 | H144: =AP111 -> 0 | I144: =AQ111 -> 0 | ... S144: =BA111 -> 0 | T144: =B116 -> 0 | U144: =C116 -> 0 | V144: =D116 -> 0 | W144: =E116 -> 0 | X144: =F116 -> 0 | Y144: =G116 -> 0 | Z144: =H116 -> 0 | AA144: =I116 -> 0 | ... BA144: =AI116 -> 0 | BN144: =SUM(B140:BB140) -> 0 | BO144: =SUM(B144:BA144) -> 0
A146: Periodo epidemico 2022 -2023 | B146: 35 | C146: 36 | D146: 37 | E146: 38 | F146: 39 | G146: 40 | H146: 41 | I146: 42 | J146: 43 | K146: 44 | L146: 45 | M146: 46 | N146: 47 | O146: 48 | P146: 49 | Q146: 50 | R146: 51 | S146: 52 | T146: 1 | U146: 2 | V146: 3 | W146: 4 | X146: 5 | Y146: 6 | Z146: 7 | AA146: 8 | AB146: 9 | AC146: 10 | AD146: 11 | AE146: 12 | AF146: 13 | AG146: 14 | AH146: 15 | AI146: 16 | AJ146: 17 | AK146: 18 | AL146: 19 | AM146: 20 | AN146: 21 | AO146: 22 | AP146: 23 | AQ146: 24 | AR146: 25 | AS146: 26 | AT146: 27 | AU146: 28 | AV146: 29 | AW146: 30 | AX146: 31 | AY146: 32 | AZ146: 33 | BA146: 34 | BN146: 2021-2022 | BO146: 2022-2023
A147: Sospechosos | B147: =AJ115 -> 0 | C147: =AK115 -> 0 | D147: =AL115 -> 0 | E147: =AM115 -> 1 | F147: =AN115 -> 1 | G147: =AO115 -> 0 | H147: =AP115 -> 0 | I147: =AQ115 -> 0 | ... S147: =BA115 -> 2 | T147: =B119 -> 3 | U147: =C119 -> 3 | V147: =D119 -> 3 | W147: =E119 -> 2 | X147: =F119 -> 4 | Y147: =G119 -> 12 | Z147: =H119 -> 9 | AA147: =I119 -> 7 | ... BA147: =AI119 -> 1 | BN147: =SUM(B143) -> 0 | BO147: =SUM(B147:BA147) -> 198
A148: Positivos | B148: =AJ116 -> 0 | C148: =AK116 -> 0 | D148: =AL116 -> 0 | E148: =AM116 -> 0 | F148: =AN116 -> 0 | G148: =AO116 -> 0 | H148: =AP116 -> 0 | I148: =AQ116 -> 0 | ... S148: =BA116 -> 0 | T148: =B120 -> 0 | U148: =C120 -> 0 | V148: =D120 -> 0 | W148: =E120 -> 0 | X148: =F120 -> 0 | Y148: =G120 -> 0 | Z148: =H120 -> 0 | AA148: =I120 -> 0 | ... BA148: =AI120 -> 0 | BN148: =SUM(B144) -> 0 | BO148: =SUM(B148:BA148) -> 0
A150: Periodo epidemico 2023 -2024 | B150: 35 | C150: 36 | D150: 37 | E150: 38 | F150: 39 | G150: 40 | H150: 41 | I150: 42 | J150: 43 | K150: 44 | L150: 45 | M150: 46 | N150: 47 | O150: 48 | P150: 49 | Q150: 50 | R150: 51 | S150: 52 | T150: 1 | U150: 2 | V150: 3 | W150: 4 | X150: 5 | Y150: 6 | Z150: 7 | AA150: 8 | AB150: 9 | AC150: 10 | AD150: 11 | AE150: 12 | AF150: 13 | AG150: 14 | AH150: 15 | AI150: 16 | AJ150: 17 | AK150: 18 | AL150: 19 | AM150: 20 | AN150: 21 | AO150: 22 | AP150: 23 | AQ150: 24 | AR150: 25 | AS150: 26 | AT150: 27 | AU150: 28 | AV150: 29 | AW150: 30 | AX150: 31 | AY150: 32 | AZ150: 33 | BA150: 34 | BN150: 2021-2022 | BO150: 2022-2023
A151: Sospechosos | B151: =AJ119 -> 0 | C151: =AK119 -> 0 | D151: =AL119 -> 0 | E151: =AM119 -> 0 | F151: =AN119 -> 0 | G151: =AO119 -> 0 | H151: =AP119 -> 1 | I151: =AQ119 -> 0 | ... S151: =BA119 -> 0 | T151: =B123 -> 2 | U151: =C123 -> 3 | V151: =D123 -> 0 | W151: =E123 -> 1 | X151: =F123 -> 3 | Y151: =G123 -> 0 | Z151: =H123 -> 0 | AA151: =I123 -> 4 | ... BA151: =AI123 -> 0
...

Sheet Datos 2021-2022
B2: Dengue
B3: Municipio | C3: Sospechosos | D3: Positivos
B4: Monteagudo | C4: 18 | D4: 1
B5: Sucre | C5: 10 | D5: 1
B6: Machareti | C6: 3 | D6: 0
B7: Villa Vacaguzman | C7: 3 | D7: 0
B8: Huacareta | C8: 4 | D8: 0
B9: Padilla | C9: 2 | D9: 0
B10: Villa Serrano | C10: 1 | D10: 0
B11: Total general | C11: =SUM(C4:C10) -> 41 | D11: =SUM(D4:D10) -> 2
B16: chik
B17: Municipio | C17: Sospechosos | D17: Positivos
B18: Villa Vacaguzman | C18: 3 | D18: 0
B19: Huacareta | C19: 1 | D19: 0
B20: Monteagudo | C20: 2 | D20: 0
B21: Machareti | C21: 1 | D21: 0
B22: Total general | C22: =SUM(C18:C21) -> 7 | D22: =SUM(D18:D21) -> 0
B26: Zika
B27: Municipio | C27: Sospechosos | D27: Positivos
B28: Villa Vacaguzman | C28: 3 | D28: 0
B29: Sucre | C29: 2 | D29: 0
B30: Total general | C30: =SUM(C28:C29) -> 5 | D30: =SUM(D28:D29) -> 0
B34: Microcefalia
B35: Municipio | C35: Sospechosos | D35: Positivos
B36: Sucre | C36: 1 | D36: 0
B37: Total general | C37: =SUM(C36:C36) -> 1 | D37: =SUM(D36:D36) -> 0
C40: Sexo
B41: Edad | C41: Femenino | D41: Masculino | E41: Total general
B42: 1-4 | C42: 1 | D42: 0 | E42: =C42+D42 -> 1
B43: 5-14 | C43: 0 | D43: 0 | E43: =C43+D43 -> 0
B44: 15-59 | C44: 0 | D44: 0 | E44: =C44+D44 -> 0
B45: 60+ | C45: 0 | D45: 1 | E45: =C45+D45 -> 1
B46: Total general | C46: =SUM(C42:C45) -> 1 | D46: =SUM(D42:D45) -> 1 | E46: =C46+D46 -> 2
B49: Nexo epidemiologico
A50: Autoctonos | B50: Villa Vacaguzman | C50: 1
A51: Importados | B51: Tarija | C51: 1
B52: Total | C52: =SUM(C50:C51) -> 2
B54: Autoctonos | C54: =C52-C55 -> 1
B55: Importados | C55: =C51 -> 1
B58: Periodo epidemico | C58: Positivos | D58: % Variacion
B59: 2019-2020 | C59: ='Datos Semana'!BN56 -> 2630
B60: 2020-2021 | C60: ='Datos Semana'!BO56 -> 26 | D60: =C60/C59-1 -> -0.99011407
B63: Porcenjate de Variacion Dengue
B64: Perido epidemico | C64: 2019-2020 | D64: 2020-2021 | E64: % Variacion
B65: Positivos | C65: =C59 -> 2630 | D65: =C60 -> 26 | E65: =D60 -> -0.99011407
